gpt4o,foot,abbreviate,10,0.800000,0.788811
gpt4o,foot,abode,10,0.700000,0.948683
gpt4o,foot,abscessed,10,1.200000,0.918937
gpt4o,foot,abyss,10,1.400000,0.966092
gpt4o,foot,accordance,10,1.100000,0.994429
gpt4o,foot,adjunct,10,0.800000,0.788811
gpt4o,foot,adjustment,10,1.700000,0.948683
gpt4o,foot,aerial,10,1.700000,1.418136
gpt4o,foot,aerially,10,1.500000,1.840894
gpt4o,foot,affective,10,0.600000,0.699206
gpt4o,foot,aftersale,10,1.100000,0.737865
gpt4o,foot,aftershave,10,0.100000,0.316228
gpt4o,foot,aging,10,2.200000,1.316561
gpt4o,foot,alertness,10,0.800000,1.032796
gpt4o,foot,allusively,10,0.300000,0.483046
gpt4o,foot,aloe vera,10,1.400000,0.843274
gpt4o,foot,always,10,0.800000,0.918937
gpt4o,foot,ambitiously,10,1.500000,0.849837
gpt4o,foot,americanize,10,1.100000,0.875595
gpt4o,foot,amid,10,0.800000,0.918937
gpt4o,foot,antler,10,0.700000,1.337494
gpt4o,foot,apply,10,1.400000,1.173788
gpt4o,foot,appreciatory,10,0.300000,0.483046
gpt4o,foot,arrestingly,10,1.300000,0.948683
gpt4o,foot,assassin,10,3.700000,0.948683
gpt4o,foot,assignment,10,1.100000,0.994429
gpt4o,foot,atmosphere,10,1.500000,0.849837
gpt4o,foot,atomic,10,0.900000,1.197219
gpt4o,foot,auction off,10,1.000000,0.816497
gpt4o,foot,avail,10,0.800000,0.788811
gpt4o,foot,balcony,10,0.500000,0.849837
gpt4o,foot,baseball bat,10,2.900000,1.197219
gpt4o,foot,befoul,10,1.300000,1.159502
gpt4o,foot,befuddlement,10,0.500000,0.527046
gpt4o,foot,behavioral,10,0.900000,0.737865
gpt4o,foot,beige,10,0.300000,0.483046
gpt4o,foot,belatedness,10,0.700000,0.674949
gpt4o,foot,bend,10,4.100000,0.994429
gpt4o,foot,billfold,10,1.100000,1.100505
gpt4o,foot,bimolecular,10,0.700000,0.823273
gpt4o,foot,biosphere,10,0.900000,0.737865
gpt4o,foot,blockheaded,10,0.700000,0.674949
gpt4o,foot,bluecoat,10,2.000000,1.054093
gpt4o,foot,body building,10,4.100000,0.994429
gpt4o,foot,bomb,10,1.900000,0.994429
gpt4o,foot,boo,10,0.600000,0.699206
gpt4o,foot,boundless,10,1.600000,1.349897
gpt4o,foot,brainchild,10,0.200000,0.421637
gpt4o,foot,brains,10,0.500000,0.707107
gpt4o,foot,bubbler,10,0.400000,0.966092
gpt4o,foot,budget,10,1.300000,1.059350
gpt4o,foot,bureaucrat,10,1.000000,0.816497
gpt4o,foot,busted,10,2.000000,0.942809
gpt4o,foot,call girl,10,2.600000,1.429841
gpt4o,foot,camper,10,2.200000,1.398412
gpt4o,foot,cancer,10,1.900000,1.100505
gpt4o,foot,casing,10,1.500000,0.971825
gpt4o,foot,cent,10,0.300000,0.483046
gpt4o,foot,challenge,10,2.200000,1.135292
gpt4o,foot,chart,10,0.600000,0.699206
gpt4o,foot,cheerfulness,10,0.800000,0.918937
gpt4o,foot,chemistry,10,1.000000,0.666667
gpt4o,foot,choreograph,10,3.300000,1.059350
gpt4o,foot,churchman,10,0.900000,0.737865
gpt4o,foot,civil suit,10,0.800000,0.788811
gpt4o,foot,cleaner,10,1.100000,1.100505
gpt4o,foot,cleanup,10,3.300000,1.059350
gpt4o,foot,clearinghouse,10,0.500000,0.971825
gpt4o,foot,clergy,10,1.200000,0.788811
gpt4o,foot,climatologic,10,0.700000,0.823273
gpt4o,foot,cling to,10,3.200000,1.475730
gpt4o,foot,clownery,10,1.900000,0.875595
gpt4o,foot,coil,10,1.700000,1.159502
gpt4o,foot,collaterally,10,0.800000,0.918937
gpt4o,foot,colonize,10,2.000000,1.333333
gpt4o,foot,color,10,1.100000,0.737865
gpt4o,foot,comatose,10,0.400000,0.516398
gpt4o,foot,combust,10,2.400000,1.429841
gpt4o,foot,commotion,10,2.000000,1.247219
gpt4o,foot,compatibility,10,1.100000,0.737865
gpt4o,foot,complicated,10,1.300000,0.948683
gpt4o,foot,compositionally,10,0.700000,0.948683
gpt4o,foot,compromising,10,1.000000,0.942809
gpt4o,foot,confusability,10,0.700000,0.674949
gpt4o,foot,congruously,10,1.100000,0.737865
gpt4o,foot,constitution,10,1.100000,0.737865
gpt4o,foot,cope with,10,1.900000,0.875595
gpt4o,foot,copyholder,10,1.200000,0.918937
gpt4o,foot,corpse,10,1.400000,1.955050
gpt4o,foot,crackers,10,1.100000,0.994429
gpt4o,foot,critter,10,1.300000,1.159502
gpt4o,foot,culmination,10,1.200000,0.918937
gpt4o,foot,curative,10,0.900000,0.737865
gpt4o,foot,cutlet,10,1.300000,0.948683
gpt4o,foot,deactivation,10,0.600000,0.699206
gpt4o,foot,debark,10,2.800000,0.918937
gpt4o,foot,decadent,10,1.100000,0.875595
gpt4o,foot,decentness,10,0.700000,0.823273
gpt4o,foot,decorative,10,0.700000,0.823273
gpt4o,foot,deferred,10,1.000000,0.471405
gpt4o,foot,definitely,10,0.300000,0.483046
gpt4o,foot,definitive,10,0.300000,0.674949
gpt4o,foot,deformed,10,1.600000,0.843274
gpt4o,foot,degreaser,10,0.500000,0.971825
gpt4o,foot,demographically,10,1.000000,0.816497
gpt4o,foot,deodorant,10,0.400000,0.516398
gpt4o,foot,departmentalize,10,1.200000,1.032796
gpt4o,foot,depreciatively,10,0.900000,0.875595
gpt4o,foot,detacher,10,2.000000,1.054093
gpt4o,foot,disentanglement,10,1.800000,1.229273
gpt4o,foot,disorient,10,0.700000,0.674949
gpt4o,foot,disproof,10,0.500000,0.527046
gpt4o,foot,disrespectful,10,0.600000,0.699206
gpt4o,foot,dissect,10,1.200000,0.918937
gpt4o,foot,doglike,10,2.100000,0.994429
gpt4o,foot,dough,10,0.900000,1.100505
gpt4o,foot,doze,10,0.200000,0.421637
gpt4o,foot,dragged,10,4.000000,1.154701
gpt4o,foot,drearily,10,0.800000,0.788811
gpt4o,foot,drudge,10,2.000000,1.414214
gpt4o,foot,dry cleaner,10,2.100000,0.875595
gpt4o,foot,early,10,1.200000,0.788811
gpt4o,foot,economy,10,1.300000,0.948683
gpt4o,foot,eight,10,0.400000,0.516398
gpt4o,foot,electrometer,10,0.700000,0.823273
gpt4o,foot,emergency exit,10,3.700000,1.059350
gpt4o,foot,emulator,10,0.900000,0.737865
gpt4o,foot,engaged,10,1.500000,1.080123
gpt4o,foot,entrenchment,10,1.800000,1.135292
gpt4o,foot,entrepreneurship,10,1.200000,0.788811
gpt4o,foot,epilepsy,10,1.200000,1.229273
gpt4o,foot,erogenous,10,1.700000,1.251666
gpt4o,foot,evolvement,10,1.800000,1.032796
gpt4o,foot,excommunicable,10,0.200000,0.421637
gpt4o,foot,expression,10,0.700000,0.948683
gpt4o,foot,extendibility,10,1.500000,1.178511
gpt4o,foot,extensively,10,1.300000,1.059350
gpt4o,foot,extractive,10,1.400000,0.966092
gpt4o,foot,extremism,10,1.100000,1.100505
gpt4o,foot,eye drops,10,0.300000,0.483046
gpt4o,foot,eyewash,10,0.200000,0.421637
gpt4o,foot,factory,10,1.400000,1.074968
gpt4o,foot,fanged,10,1.400000,1.264911
gpt4o,foot,fat cat,10,1.400000,0.966092
gpt4o,foot,fiendlike,10,1.500000,0.849837
gpt4o,foot,filmgoer,10,1.000000,0.942809
gpt4o,foot,find,10,2.300000,1.059350
gpt4o,foot,fireboat,10,1.400000,1.349897
gpt4o,foot,firecracker,10,1.900000,1.100505
gpt4o,foot,flammable,10,2.000000,1.632993
gpt4o,foot,flute,10,0.300000,0.483046
gpt4o,foot,foodstuff,10,1.400000,0.699206
gpt4o,foot,forbiddingly,10,1.100000,1.100505
gpt4o,foot,formally,10,0.600000,0.699206
gpt4o,foot,foster,10,1.600000,0.966092
gpt4o,foot,friday,10,0.500000,0.527046
gpt4o,foot,frown,10,0.300000,0.483046
gpt4o,foot,fruit salad,10,0.400000,0.516398
gpt4o,foot,fumigant,10,1.700000,0.948683
gpt4o,foot,funeral home,10,1.600000,1.074968
gpt4o,foot,garter belt,10,2.000000,1.154701
gpt4o,foot,ghastly,10,1.000000,1.054093
gpt4o,foot,google,10,0.200000,0.421637
gpt4o,foot,grader,10,2.000000,0.942809
gpt4o,foot,grandbaby,10,1.500000,1.178511
gpt4o,foot,greenish,10,0.800000,0.918937
gpt4o,foot,gulp,10,0.500000,0.707107
gpt4o,foot,gushiness,10,1.100000,0.737865
gpt4o,foot,hailstorm,10,2.200000,1.135292
gpt4o,foot,halfcocked,10,0.900000,0.875595
gpt4o,foot,happen,10,0.900000,0.994429
gpt4o,foot,harm,10,2.400000,1.173788
gpt4o,foot,havoc,10,2.600000,0.966092
gpt4o,foot,hemophilia,10,0.900000,0.994429
gpt4o,foot,heterosexual,10,1.300000,0.823273
gpt4o,foot,highhanded,10,1.600000,1.173788
gpt4o,foot,himself,10,0.800000,0.788811
gpt4o,foot,hindrance,10,1.800000,0.788811
gpt4o,foot,homestead,10,2.200000,1.032796
gpt4o,foot,housemaster,10,0.800000,0.788811
gpt4o,foot,hysteric,10,0.700000,1.159502
gpt4o,foot,icing,10,0.700000,0.823273
gpt4o,foot,illness,10,1.500000,0.971825
gpt4o,foot,immigrant,10,2.400000,0.699206
gpt4o,foot,impolite,10,0.800000,0.918937
gpt4o,foot,inaudibility,10,0.600000,0.843274
gpt4o,foot,inaugural,10,1.200000,0.918937
gpt4o,foot,indirectly,10,0.800000,0.788811
gpt4o,foot,inflamer,10,1.000000,0.942809
gpt4o,foot,inflaming,10,1.800000,0.918937
gpt4o,foot,inflexibly,10,2.100000,0.875595
gpt4o,foot,institutional,10,1.300000,1.059350
gpt4o,foot,instrumentally,10,0.900000,0.875595
gpt4o,foot,intercept,10,2.900000,1.100505
gpt4o,foot,intergrowth,10,1.400000,0.843274
gpt4o,foot,intern,10,1.800000,1.032796
gpt4o,foot,internalization,10,0.800000,0.788811
gpt4o,foot,intoxicating,10,0.900000,0.737865
gpt4o,foot,keel,10,2.500000,0.849837
gpt4o,foot,keycard,10,0.600000,0.699206
gpt4o,foot,kind,10,1.200000,1.229273
gpt4o,foot,klutziness,10,3.500000,1.178511
gpt4o,foot,lag,10,1.600000,1.264911
gpt4o,foot,laser,10,0.800000,0.918937
gpt4o,foot,leaflet,10,0.500000,0.707107
gpt4o,foot,leanness,10,2.100000,1.370320
gpt4o,foot,lessening,10,1.100000,0.875595
gpt4o,foot,light beam,10,0.600000,0.966092
gpt4o,foot,lightless,10,0.600000,0.843274
gpt4o,foot,lightswitch,10,1.400000,1.074968
gpt4o,foot,lingual,10,0.500000,0.849837
gpt4o,foot,lipid,10,1.000000,0.816497
gpt4o,foot,liver,10,0.600000,0.966092
gpt4o,foot,logrolling,10,3.500000,0.971825
gpt4o,foot,looping,10,1.900000,0.875595
gpt4o,foot,loosely,10,1.400000,0.843274
gpt4o,foot,looseness,10,1.600000,0.699206
gpt4o,foot,lustrously,10,0.700000,0.674949
gpt4o,foot,makeover,10,0.800000,1.135292
gpt4o,foot,manly,10,2.000000,1.154701
gpt4o,foot,marbling,10,1.700000,1.251666
gpt4o,foot,married,10,1.200000,0.788811
gpt4o,foot,may,10,1.000000,0.666667
gpt4o,foot,meal,10,1.000000,0.666667
gpt4o,foot,megawatt,10,0.500000,0.527046
gpt4o,foot,microcomputer,10,0.800000,0.918937
gpt4o,foot,midterm,10,0.900000,0.737865
gpt4o,foot,mirth,10,1.000000,0.942809
gpt4o,foot,misappropriate,10,1.000000,0.816497
gpt4o,foot,mischaracterize,10,1.000000,0.816497
gpt4o,foot,moneymaker,10,1.500000,1.080123
gpt4o,foot,monocle,10,0.200000,0.421637
gpt4o,foot,move on,10,1.900000,1.595131
gpt4o,foot,mull over,10,0.600000,0.516398
gpt4o,foot,multispecies,10,0.900000,0.994429
gpt4o,foot,nationalism,10,1.400000,0.966092
gpt4o,foot,nearsightedness,10,0.400000,0.516398
gpt4o,foot,needs,10,1.300000,0.948683
gpt4o,foot,newsmonger,10,1.000000,0.816497
gpt4o,foot,noncurrent,10,0.600000,0.516398
gpt4o,foot,nonproductively,10,0.700000,0.823273
gpt4o,foot,nonresistant,10,0.700000,1.059350
gpt4o,foot,nonsocial,10,0.200000,0.421637
gpt4o,foot,nosepiece,10,0.100000,0.316228
gpt4o,foot,noun,10,0.200000,0.421637
gpt4o,foot,old fashioned,10,1.200000,0.918937
gpt4o,foot,oscillate,10,2.700000,1.494434
gpt4o,foot,ought,10,0.600000,0.699206
gpt4o,foot,outpour,10,1.200000,1.032796
gpt4o,foot,outrun,10,4.800000,0.421637
gpt4o,foot,outtake,10,1.100000,1.286684
gpt4o,foot,papyrus,10,1.100000,0.875595
gpt4o,foot,partygoer,10,3.200000,1.135292
gpt4o,foot,passenger ship,10,2.900000,0.994429
gpt4o,foot,patio,10,1.700000,1.251666
gpt4o,foot,peewee,10,1.500000,1.269296
gpt4o,foot,perceptibly,10,1.400000,1.173788
gpt4o,foot,perilously,10,2.400000,1.776388
gpt4o,foot,persistent,10,1.800000,1.229273
gpt4o,foot,pessimism,10,0.700000,0.674949
gpt4o,foot,placenta,10,0.400000,0.699206
gpt4o,foot,politician,10,1.400000,0.843274
gpt4o,foot,postmodernist,10,0.200000,0.421637
gpt4o,foot,precarious,10,3.100000,1.197219
gpt4o,foot,precollege,10,1.500000,0.849837
gpt4o,foot,predator,10,3.100000,0.567646
gpt4o,foot,premarital,10,1.300000,0.948683
gpt4o,foot,prime,10,1.100000,0.994429
gpt4o,foot,primitive,10,0.800000,0.918937
gpt4o,foot,probation officer,10,1.700000,1.251666
gpt4o,foot,prohibit,10,0.900000,0.316228
gpt4o,foot,prop up,10,3.200000,1.135292
gpt4o,foot,protestor,10,3.800000,1.032796
gpt4o,foot,prudishness,10,0.500000,0.527046
gpt4o,foot,psycho,10,0.600000,0.966092
gpt4o,foot,quill,10,0.500000,0.849837
gpt4o,foot,rebuild,10,3.200000,0.788811
gpt4o,foot,reconnect,10,0.900000,1.100505
gpt4o,foot,reeducation,10,0.900000,0.875595
gpt4o,foot,regenerate,10,1.500000,0.707107
gpt4o,foot,regression,10,1.100000,0.875595
gpt4o,foot,reinitiate,10,1.000000,0.816497
gpt4o,foot,residual,10,1.300000,0.948683
gpt4o,foot,reviving,10,2.100000,0.567646
gpt4o,foot,reward,10,1.400000,0.966092
gpt4o,foot,rewash,10,1.400000,1.429841
gpt4o,foot,rhino,10,3.000000,1.490712
gpt4o,foot,ringing,10,0.400000,0.699206
gpt4o,foot,ripen,10,1.100000,0.875595
gpt4o,foot,roaming,10,3.900000,0.994429
gpt4o,foot,rockstar,10,2.300000,1.059350
gpt4o,foot,sacredness,10,0.300000,0.674949
gpt4o,foot,sadly,10,1.000000,0.816497
gpt4o,foot,safflower,10,0.400000,0.699206
gpt4o,foot,salting,10,1.300000,1.251666
gpt4o,foot,sandblaster,10,1.700000,0.948683
gpt4o,foot,scapegoat,10,0.800000,0.788811
gpt4o,foot,scrupulously,10,0.800000,0.918937
gpt4o,foot,sealer,10,1.000000,0.666667
gpt4o,foot,seeder,10,1.200000,1.032796
gpt4o,foot,senile,10,1.200000,0.788811
gpt4o,foot,september,10,0.800000,1.032796
gpt4o,foot,sexploitation,10,1.800000,1.032796
gpt4o,foot,sharpener,10,0.800000,0.632456
gpt4o,foot,shed,10,0.800000,1.135292
gpt4o,foot,shenanigan,10,0.900000,1.370320
gpt4o,foot,shirtless,10,0.700000,1.337494
gpt4o,foot,shivering,10,2.900000,1.663330
gpt4o,foot,shutterbug,10,1.200000,1.229273
gpt4o,foot,sieve,10,0.700000,0.674949
gpt4o,foot,silly,10,0.700000,0.674949
gpt4o,foot,silversmith,10,1.400000,1.349897
gpt4o,foot,skirted,10,1.900000,1.100505
gpt4o,foot,slouch,10,0.800000,0.632456
gpt4o,foot,snipping,10,1.600000,1.074968
gpt4o,foot,snuffbox,10,0.400000,0.516398
gpt4o,foot,solicitor,10,1.300000,0.948683
gpt4o,foot,spank,10,1.800000,1.316561
gpt4o,foot,spare parts,10,1.100000,1.370320
gpt4o,foot,specialty,10,0.900000,0.737865
gpt4o,foot,spindling,10,1.800000,1.316561
gpt4o,foot,spinout,10,4.000000,1.054093
gpt4o,foot,stereo,10,0.600000,0.699206
gpt4o,foot,stew,10,0.600000,0.843274
gpt4o,foot,streamlined,10,2.100000,0.994429
gpt4o,foot,substituting,10,1.600000,0.843274
gpt4o,foot,sundress,10,1.200000,0.918937
gpt4o,foot,superiorly,10,0.500000,0.707107
gpt4o,foot,suppository,10,0.200000,0.421637
gpt4o,foot,surprised,10,0.900000,0.737865
gpt4o,foot,sustainable,10,1.600000,1.074968
gpt4o,foot,swiftly,10,3.500000,1.509231
gpt4o,foot,synchronized,10,3.200000,0.918937
gpt4o,foot,syndication,10,0.600000,0.699206
gpt4o,foot,tableware,10,1.700000,1.828782
gpt4o,foot,take,10,2.900000,0.994429
gpt4o,foot,taller,10,2.100000,1.449138
gpt4o,foot,tarpaper,10,1.200000,1.032796
gpt4o,foot,thickheaded,10,1.000000,0.666667
gpt4o,foot,tiara,10,0.200000,0.421637
gpt4o,foot,tracker,10,2.100000,1.523884
gpt4o,foot,tranquil,10,0.300000,0.674949
gpt4o,foot,tunnel vision,10,0.500000,0.527046
gpt4o,foot,turmoil,10,1.800000,0.918937
gpt4o,foot,typographer,10,1.500000,1.269296
gpt4o,foot,unambiguously,10,1.000000,0.942809
gpt4o,foot,unconformity,10,0.400000,0.699206
gpt4o,foot,uncontrolled,10,2.300000,1.251666
gpt4o,foot,undernutrition,10,1.200000,1.229273
gpt4o,foot,understandingly,10,0.700000,0.674949
gpt4o,foot,unfoundedly,10,0.300000,0.483046
gpt4o,foot,unhealthful,10,1.400000,0.843274
gpt4o,foot,uninterruptible,10,1.000000,0.816497
gpt4o,foot,unknowably,10,0.900000,0.567646
gpt4o,foot,unlocked,10,0.600000,0.966092
gpt4o,foot,unmanageably,10,1.100000,1.523884
gpt4o,foot,unpurified,10,0.600000,0.843274
gpt4o,foot,unrushed,10,1.600000,1.074968
gpt4o,foot,unskilled,10,1.000000,0.816497
gpt4o,foot,unthinking,10,0.900000,0.737865
gpt4o,foot,untidy,10,1.700000,0.483046
gpt4o,foot,unturned,10,1.100000,1.100505
gpt4o,foot,unveiling,10,1.200000,0.918937
gpt4o,foot,unvisited,10,0.600000,0.843274
gpt4o,foot,valiantly,10,2.700000,1.059350
gpt4o,foot,vendingmachine,9,2.222222,1.481366
gpt4o,foot,vicious,10,2.700000,0.674949
gpt4o,foot,villa,10,1.100000,1.197219
gpt4o,foot,volatility,10,0.700000,1.059350
gpt4o,foot,warping,10,1.500000,1.354006
gpt4o,foot,washed out,10,1.400000,0.966092
gpt4o,foot,watch over,10,1.000000,1.247219
gpt4o,foot,water meter,10,2.100000,1.286684
gpt4o,foot,wayward,10,1.900000,1.197219
gpt4o,foot,weathertight,10,0.500000,0.527046
gpt4o,foot,webbing,10,1.900000,0.737865
gpt4o,foot,whitefish,10,0.800000,0.632456
gpt4o,foot,whooping,10,0.900000,0.737865
gpt4o,foot,wistful,10,0.400000,0.699206
gpt4o,foot,worsen,10,1.600000,1.074968
gpt4o,foot,wraithlike,10,1.300000,1.251666
gpt4o,foot,writhe,10,2.300000,1.702939
gpt4o,foot,yippee,10,0.700000,1.059350
gpt4o,foot,zap,10,2.000000,1.154701
gpt4o,hand,abbreviate,10,1.900000,0.994429
gpt4o,hand,abode,10,1.900000,1.370320
gpt4o,hand,abscessed,10,1.300000,1.159502
gpt4o,hand,abyss,10,1.300000,1.059350
gpt4o,hand,accordance,10,1.600000,1.173788
gpt4o,hand,adjunct,10,1.300000,1.059350
gpt4o,hand,adjustment,10,2.900000,1.100505
gpt4o,hand,aerial,10,1.900000,0.875595
gpt4o,hand,aerially,10,0.800000,0.918937
gpt4o,hand,affective,10,0.900000,0.737865
gpt4o,hand,aftersale,10,1.700000,1.159502
gpt4o,hand,aftershave,10,0.600000,0.699206
gpt4o,hand,aging,10,2.200000,1.229273
gpt4o,hand,alertness,10,0.900000,0.994429
gpt4o,hand,allusively,10,0.600000,0.516398
gpt4o,hand,aloe vera,10,2.000000,0.666667
gpt4o,hand,always,10,1.000000,1.054093
gpt4o,hand,ambitiously,10,2.100000,0.875595
gpt4o,hand,americanize,10,1.300000,0.674949
gpt4o,hand,amid,10,0.800000,0.918937
gpt4o,hand,antler,10,1.400000,1.646545
gpt4o,hand,apply,10,4.300000,0.674949
gpt4o,hand,appreciatory,10,0.800000,0.632456
gpt4o,hand,arrestingly,10,1.300000,0.948683
gpt4o,hand,assassin,10,4.100000,1.100505
gpt4o,hand,assignment,10,1.600000,1.074968
gpt4o,hand,atmosphere,10,1.200000,0.788811
gpt4o,hand,atomic,10,0.900000,1.100505
gpt4o,hand,auction off,10,3.000000,1.490712
gpt4o,hand,avail,10,1.900000,0.737865
gpt4o,hand,balcony,10,1.500000,1.581139
gpt4o,hand,baseball bat,10,4.900000,0.316228
gpt4o,hand,befoul,10,1.700000,1.059350
gpt4o,hand,befuddlement,10,0.600000,0.516398
gpt4o,hand,behavioral,10,1.200000,0.788811
gpt4o,hand,beige,10,0.400000,0.516398
gpt4o,hand,belatedness,10,0.800000,0.632456
gpt4o,hand,bend,10,3.400000,0.966092
gpt4o,hand,billfold,10,3.700000,1.494434
gpt4o,hand,bimolecular,10,1.000000,0.942809
gpt4o,hand,biosphere,10,1.000000,0.942809
gpt4o,hand,blockheaded,10,0.800000,0.632456
gpt4o,hand,bluecoat,10,1.900000,0.994429
gpt4o,hand,body building,10,4.100000,0.737865
gpt4o,hand,bomb,10,1.700000,1.159502
gpt4o,hand,boo,10,0.700000,0.674949
gpt4o,hand,boundless,10,1.400000,1.349897
gpt4o,hand,brainchild,10,0.300000,0.483046
gpt4o,hand,brains,10,0.700000,1.059350
gpt4o,hand,bubbler,10,1.500000,1.581139
gpt4o,hand,budget,10,2.100000,0.994429
gpt4o,hand,bureaucrat,10,1.300000,0.948683
gpt4o,hand,busted,10,1.800000,0.918937
gpt4o,hand,call girl,10,3.100000,0.875595
gpt4o,hand,camper,10,2.900000,1.523884
gpt4o,hand,cancer,10,1.600000,1.264911
gpt4o,hand,casing,10,1.900000,1.286684
gpt4o,hand,cent,10,1.400000,1.074968
gpt4o,hand,challenge,10,2.800000,1.229273
gpt4o,hand,chart,10,2.600000,1.429841
gpt4o,hand,cheerfulness,10,1.000000,1.054093
gpt4o,hand,chemistry,10,1.200000,0.788811
gpt4o,hand,choreograph,10,4.400000,0.699206
gpt4o,hand,churchman,10,1.000000,0.816497
gpt4o,hand,civil suit,10,1.500000,0.971825
gpt4o,hand,cleaner,10,2.500000,1.178511
gpt4o,hand,cleanup,10,3.800000,1.135292
gpt4o,hand,clearinghouse,10,1.300000,1.636392
gpt4o,hand,clergy,10,1.500000,0.971825
gpt4o,hand,climatologic,10,0.900000,0.737865
gpt4o,hand,cling to,10,4.300000,0.823273
gpt4o,hand,clownery,10,2.100000,0.875595
gpt4o,hand,coil,10,3.100000,1.197219
gpt4o,hand,collaterally,10,1.500000,1.433721
gpt4o,hand,colonize,10,2.000000,1.414214
gpt4o,hand,color,10,2.300000,1.159502
gpt4o,hand,comatose,10,0.400000,0.516398
gpt4o,hand,combust,10,1.900000,1.370320
gpt4o,hand,commotion,10,2.000000,1.333333
gpt4o,hand,compatibility,10,1.300000,0.948683
gpt4o,hand,complicated,10,1.500000,0.849837
gpt4o,hand,compositionally,10,1.400000,1.173788
gpt4o,hand,compromising,10,1.800000,0.918937
gpt4o,hand,confusability,10,0.800000,0.632456
gpt4o,hand,congruously,10,1.200000,0.918937
gpt4o,hand,constitution,10,1.300000,0.823273
gpt4o,hand,cope with,10,2.300000,1.159502
gpt4o,hand,copyholder,10,2.600000,1.577621
gpt4o,hand,corpse,10,1.500000,1.900292
gpt4o,hand,crackers,10,1.800000,0.632456
gpt4o,hand,critter,10,1.900000,1.370320
gpt4o,hand,culmination,10,1.600000,0.699206
gpt4o,hand,curative,10,1.200000,0.918937
gpt4o,hand,cutlet,10,1.300000,0.823273
gpt4o,hand,deactivation,10,1.900000,1.595131
gpt4o,hand,debark,10,2.100000,1.197219
gpt4o,hand,decadent,10,1.700000,0.823273
gpt4o,hand,decentness,10,1.100000,1.100505
gpt4o,hand,decorative,10,2.200000,1.316561
gpt4o,hand,deferred,10,1.000000,0.666667
gpt4o,hand,definitely,10,1.100000,1.595131
gpt4o,hand,definitive,10,0.600000,1.074968
gpt4o,hand,deformed,10,1.800000,0.788811
gpt4o,hand,degreaser,10,2.000000,1.333333
gpt4o,hand,demographically,10,1.000000,0.942809
gpt4o,hand,deodorant,10,1.200000,1.135292
gpt4o,hand,departmentalize,10,1.700000,1.159502
gpt4o,hand,depreciatively,10,1.000000,0.942809
gpt4o,hand,detacher,10,3.200000,1.229273
gpt4o,hand,disentanglement,10,3.300000,1.337494
gpt4o,hand,disorient,10,0.800000,0.788811
gpt4o,hand,disproof,10,1.400000,1.074968
gpt4o,hand,disrespectful,10,1.200000,0.918937
gpt4o,hand,dissect,10,3.100000,0.994429
gpt4o,hand,doglike,10,1.800000,1.135292
gpt4o,hand,dough,10,4.300000,0.948683
gpt4o,hand,doze,10,0.300000,0.483046
gpt4o,hand,dragged,10,3.600000,1.074968
gpt4o,hand,drearily,10,1.000000,0.666667
gpt4o,hand,drudge,10,2.500000,1.715938
gpt4o,hand,dry cleaner,10,2.600000,0.843274
gpt4o,hand,early,10,1.500000,0.971825
gpt4o,hand,economy,10,1.400000,0.843274
gpt4o,hand,eight,10,0.600000,0.516398
gpt4o,hand,electrometer,10,2.400000,1.646545
gpt4o,hand,emergency exit,10,3.400000,1.264911
gpt4o,hand,emulator,10,2.500000,1.354006
gpt4o,hand,engaged,10,2.100000,1.449138
gpt4o,hand,entrenchment,10,2.000000,0.942809
gpt4o,hand,entrepreneurship,10,2.000000,1.054093
gpt4o,hand,epilepsy,10,1.100000,1.100505
gpt4o,hand,erogenous,10,1.800000,1.032796
gpt4o,hand,evolvement,10,1.900000,1.100505
gpt4o,hand,excommunicable,10,0.400000,0.516398
gpt4o,hand,expression,10,1.100000,0.994429
gpt4o,hand,extendibility,10,3.200000,1.229273
gpt4o,hand,extensively,10,1.500000,1.178511
gpt4o,hand,extractive,10,1.900000,1.100505
gpt4o,hand,extremism,10,0.900000,0.994429
gpt4o,hand,eye drops,10,0.600000,0.699206
gpt4o,hand,eyewash,10,0.600000,0.699206
gpt4o,hand,factory,10,2.100000,1.197219
gpt4o,hand,fanged,10,1.800000,0.788811
gpt4o,hand,fat cat,10,1.400000,1.074968
gpt4o,hand,fiendlike,10,1.700000,0.948683
gpt4o,hand,filmgoer,10,1.400000,1.074968
gpt4o,hand,find,10,3.200000,1.032796
gpt4o,hand,fireboat,10,2.300000,1.337494
gpt4o,hand,firecracker,10,2.200000,0.918937
gpt4o,hand,flammable,10,2.200000,1.316561
gpt4o,hand,flute,10,3.300000,0.948683
gpt4o,hand,foodstuff,10,1.700000,0.674949
gpt4o,hand,forbiddingly,10,1.000000,0.816497
gpt4o,hand,formally,10,1.500000,1.581139
gpt4o,hand,foster,10,2.100000,0.875595
gpt4o,hand,friday,10,0.600000,0.516398
gpt4o,hand,frown,10,0.500000,0.707107
gpt4o,hand,fruit salad,10,1.900000,0.875595
gpt4o,hand,fumigant,10,1.500000,0.849837
gpt4o,hand,funeral home,10,1.600000,1.173788
gpt4o,hand,garter belt,10,1.000000,0.666667
gpt4o,hand,ghastly,10,1.000000,0.816497
gpt4o,hand,google,10,1.600000,1.577621
gpt4o,hand,grader,10,2.300000,1.159502
gpt4o,hand,grandbaby,10,2.200000,1.398412
gpt4o,hand,greenish,10,0.800000,0.918937
gpt4o,hand,gulp,10,0.800000,0.918937
gpt4o,hand,gushiness,10,1.600000,0.843274
gpt4o,hand,hailstorm,10,1.900000,1.197219
gpt4o,hand,halfcocked,10,1.200000,1.032796
gpt4o,hand,happen,10,0.900000,0.994429
gpt4o,hand,harm,10,2.300000,1.159502
gpt4o,hand,havoc,10,2.400000,1.074968
gpt4o,hand,hemophilia,10,0.700000,0.674949
gpt4o,hand,heterosexual,10,1.200000,0.918937
gpt4o,hand,highhanded,10,3.200000,1.032796
gpt4o,hand,himself,10,0.800000,0.632456
gpt4o,hand,hindrance,10,2.100000,0.994429
gpt4o,hand,homestead,10,2.300000,0.823273
gpt4o,hand,housemaster,10,1.500000,1.080123
gpt4o,hand,hysteric,10,0.800000,1.135292
gpt4o,hand,icing,10,2.100000,1.595131
gpt4o,hand,illness,10,1.900000,1.286684
gpt4o,hand,immigrant,10,2.400000,0.843274
gpt4o,hand,impolite,10,1.200000,1.032796
gpt4o,hand,inaudibility,10,0.600000,0.843274
gpt4o,hand,inaugural,10,1.300000,0.948683
gpt4o,hand,indirectly,10,1.000000,0.942809
gpt4o,hand,inflamer,10,1.100000,0.994429
gpt4o,hand,inflaming,10,2.400000,1.173788
gpt4o,hand,inflexibly,10,1.900000,0.875595
gpt4o,hand,institutional,10,1.500000,0.971825
gpt4o,hand,instrumentally,10,2.100000,1.100505
gpt4o,hand,intercept,10,3.200000,1.135292
gpt4o,hand,intergrowth,10,1.500000,0.849837
gpt4o,hand,intern,10,2.700000,1.059350
gpt4o,hand,internalization,10,1.100000,0.875595
gpt4o,hand,intoxicating,10,1.200000,0.632456
gpt4o,hand,keel,10,2.300000,0.948683
gpt4o,hand,keycard,10,4.100000,0.875595
gpt4o,hand,kind,10,1.500000,1.178511
gpt4o,hand,klutziness,10,3.400000,0.966092
gpt4o,hand,lag,10,1.200000,0.788811
gpt4o,hand,laser,10,1.300000,0.823273
gpt4o,hand,leaflet,10,2.800000,1.475730
gpt4o,hand,leanness,10,2.100000,1.286684
gpt4o,hand,lessening,10,1.500000,1.080123
gpt4o,hand,light beam,10,1.300000,1.494434
gpt4o,hand,lightless,10,0.500000,0.707107
gpt4o,hand,lightswitch,10,4.600000,0.699206
gpt4o,hand,lingual,10,0.500000,0.849837
gpt4o,hand,lipid,10,1.000000,0.816497
gpt4o,hand,liver,10,0.700000,1.059350
gpt4o,hand,logrolling,10,3.200000,1.135292
gpt4o,hand,looping,10,2.600000,1.074968
gpt4o,hand,loosely,10,1.500000,0.707107
gpt4o,hand,looseness,10,1.600000,0.843274
gpt4o,hand,lustrously,10,1.200000,0.632456
gpt4o,hand,makeover,10,1.900000,1.100505
gpt4o,hand,manly,10,2.200000,1.135292
gpt4o,hand,marbling,10,2.200000,0.788811
gpt4o,hand,married,10,1.400000,0.843274
gpt4o,hand,may,10,1.300000,0.823273
gpt4o,hand,meal,10,1.700000,0.823273
gpt4o,hand,megawatt,10,0.900000,0.737865
gpt4o,hand,microcomputer,10,2.900000,1.663330
gpt4o,hand,midterm,10,1.200000,0.788811
gpt4o,hand,mirth,10,1.100000,0.875595
gpt4o,hand,misappropriate,10,2.700000,1.494434
gpt4o,hand,mischaracterize,10,1.400000,1.074968
gpt4o,hand,moneymaker,10,1.900000,1.523884
gpt4o,hand,monocle,10,0.400000,0.516398
gpt4o,hand,move on,10,1.500000,1.433721
gpt4o,hand,mull over,10,0.900000,0.567646
gpt4o,hand,multispecies,10,1.200000,1.032796
gpt4o,hand,nationalism,10,1.600000,1.074968
gpt4o,hand,nearsightedness,10,0.400000,0.516398
gpt4o,hand,needs,10,1.400000,0.843274
gpt4o,hand,newsmonger,10,1.300000,0.948683
gpt4o,hand,noncurrent,10,1.400000,1.349897
gpt4o,hand,nonproductively,10,1.500000,1.433721
gpt4o,hand,nonresistant,10,1.300000,1.251666
gpt4o,hand,nonsocial,10,0.500000,0.707107
gpt4o,hand,nosepiece,10,0.200000,0.421637
gpt4o,hand,noun,10,0.900000,1.523884
gpt4o,hand,old fashioned,10,1.300000,1.159502
gpt4o,hand,oscillate,10,2.900000,1.100505
gpt4o,hand,ought,10,0.700000,0.483046
gpt4o,hand,outpour,10,1.700000,1.159502
gpt4o,hand,outrun,10,3.200000,1.398412
gpt4o,hand,outtake,10,1.600000,1.264911
gpt4o,hand,papyrus,10,1.400000,0.966092
gpt4o,hand,partygoer,10,3.100000,0.875595
gpt4o,hand,passenger ship,10,2.300000,1.337494
gpt4o,hand,patio,10,1.600000,1.173788
gpt4o,hand,peewee,10,1.400000,1.074968
gpt4o,hand,perceptibly,10,1.500000,1.080123
gpt4o,hand,perilously,10,1.900000,1.523884
gpt4o,hand,persistent,10,1.600000,1.074968
gpt4o,hand,pessimism,10,0.700000,0.674949
gpt4o,hand,placenta,10,0.400000,0.516398
gpt4o,hand,politician,10,1.400000,1.074968
gpt4o,hand,postmodernist,10,0.300000,0.483046
gpt4o,hand,precarious,10,2.700000,1.337494
gpt4o,hand,precollege,10,1.700000,1.159502
gpt4o,hand,predator,10,3.200000,0.918937
gpt4o,hand,premarital,10,1.900000,1.370320
gpt4o,hand,prime,10,1.900000,1.449138
gpt4o,hand,primitive,10,1.500000,1.509231
gpt4o,hand,probation officer,10,2.500000,1.080123
gpt4o,hand,prohibit,10,1.100000,0.737865
gpt4o,hand,prop up,10,3.900000,1.197219
gpt4o,hand,protestor,10,3.700000,0.823273
gpt4o,hand,prudishness,10,0.800000,0.632456
gpt4o,hand,psycho,10,0.500000,0.527046
gpt4o,hand,quill,10,3.000000,0.942809
gpt4o,hand,rebuild,10,4.100000,0.994429
gpt4o,hand,reconnect,10,1.800000,1.475730
gpt4o,hand,reeducation,10,1.300000,0.674949
gpt4o,hand,regenerate,10,2.100000,1.100505
gpt4o,hand,regression,10,1.200000,0.918937
gpt4o,hand,reinitiate,10,1.300000,0.674949
gpt4o,hand,residual,10,1.300000,0.948683
gpt4o,hand,reviving,10,2.600000,0.516398
gpt4o,hand,reward,10,2.000000,1.333333
gpt4o,hand,rewash,10,3.800000,1.229273
gpt4o,hand,rhino,10,2.200000,1.032796
gpt4o,hand,ringing,10,0.900000,0.994429
gpt4o,hand,ripen,10,1.200000,0.788811
gpt4o,hand,roaming,10,3.100000,1.100505
gpt4o,hand,rockstar,10,3.200000,1.135292
gpt4o,hand,sacredness,10,0.400000,0.699206
gpt4o,hand,sadly,10,1.000000,0.942809
gpt4o,hand,safflower,10,1.400000,1.577621
gpt4o,hand,salting,10,3.100000,0.875595
gpt4o,hand,sandblaster,10,3.200000,1.032796
gpt4o,hand,scapegoat,10,0.900000,0.737865
gpt4o,hand,scrupulously,10,1.400000,1.349897
gpt4o,hand,sealer,10,2.200000,0.788811
gpt4o,hand,seeder,10,2.700000,1.251666
gpt4o,hand,senile,10,1.300000,0.823273
gpt4o,hand,september,10,0.700000,0.674949
gpt4o,hand,sexploitation,10,2.200000,1.475730
gpt4o,hand,sharpener,10,2.600000,1.074968
gpt4o,hand,shed,10,1.600000,1.577621
gpt4o,hand,shenanigan,10,1.000000,1.247219
gpt4o,hand,shirtless,10,0.800000,1.316561
gpt4o,hand,shivering,10,1.900000,1.197219
gpt4o,hand,shutterbug,10,3.200000,1.619328
gpt4o,hand,sieve,10,2.700000,1.251666
gpt4o,hand,silly,10,1.200000,0.918937
gpt4o,hand,silversmith,10,4.200000,0.788811
gpt4o,hand,skirted,10,1.300000,0.823273
gpt4o,hand,slouch,10,0.500000,0.707107
gpt4o,hand,snipping,10,3.600000,0.843274
gpt4o,hand,snuffbox,10,2.500000,2.068279
gpt4o,hand,solicitor,10,1.900000,1.370320
gpt4o,hand,spank,10,3.000000,1.414214
gpt4o,hand,spare parts,10,2.400000,1.505545
gpt4o,hand,specialty,10,1.200000,0.788811
gpt4o,hand,spindling,10,2.900000,0.737865
gpt4o,hand,spinout,10,3.000000,0.942809
gpt4o,hand,stereo,10,1.100000,0.994429
gpt4o,hand,stew,10,1.300000,0.948683
gpt4o,hand,streamlined,10,2.200000,0.918937
gpt4o,hand,substituting,10,2.600000,1.074968
gpt4o,hand,sundress,10,2.300000,1.059350
gpt4o,hand,superiorly,10,0.800000,0.632456
gpt4o,hand,suppository,10,0.300000,0.483046
gpt4o,hand,surprised,10,0.900000,0.737865
gpt4o,hand,sustainable,10,1.600000,1.074968
gpt4o,hand,swiftly,10,2.900000,1.100505
gpt4o,hand,synchronized,10,3.500000,0.849837
gpt4o,hand,syndication,10,1.300000,0.823273
gpt4o,hand,tableware,10,3.700000,1.251666
gpt4o,hand,take,10,4.100000,1.197219
gpt4o,hand,taller,10,1.200000,0.788811
gpt4o,hand,tarpaper,10,2.500000,1.178511
gpt4o,hand,thickheaded,10,1.000000,0.816497
gpt4o,hand,tiara,10,0.400000,0.516398
gpt4o,hand,tracker,10,3.100000,1.100505
gpt4o,hand,tranquil,10,0.400000,0.699206
gpt4o,hand,tunnel vision,10,0.900000,0.875595
gpt4o,hand,turmoil,10,1.700000,0.823273
gpt4o,hand,typographer,10,2.900000,1.449138
gpt4o,hand,unambiguously,10,1.100000,0.994429
gpt4o,hand,unconformity,10,0.500000,0.527046
gpt4o,hand,uncontrolled,10,2.200000,1.032796
gpt4o,hand,undernutrition,10,1.200000,1.032796
gpt4o,hand,understandingly,10,0.600000,0.699206
gpt4o,hand,unfoundedly,10,0.500000,0.527046
gpt4o,hand,unhealthful,10,1.300000,0.948683
gpt4o,hand,uninterruptible,10,1.100000,0.994429
gpt4o,hand,unknowably,10,1.100000,0.875595
gpt4o,hand,unlocked,10,1.500000,1.649916
gpt4o,hand,unmanageably,10,1.200000,1.229273
gpt4o,hand,unpurified,10,1.000000,0.666667
gpt4o,hand,unrushed,10,1.400000,1.074968
gpt4o,hand,unskilled,10,1.400000,0.843274
gpt4o,hand,unthinking,10,1.100000,0.994429
gpt4o,hand,untidy,10,2.200000,0.632456
gpt4o,hand,unturned,10,1.300000,1.251666
gpt4o,hand,unveiling,10,2.300000,1.059350
gpt4o,hand,unvisited,10,0.300000,0.483046
gpt4o,hand,valiantly,10,2.500000,0.971825
gpt4o,hand,vendingmachine,9,3.444444,1.666667
gpt4o,hand,vicious,10,2.600000,0.843274
gpt4o,hand,villa,10,1.400000,1.264911
gpt4o,hand,volatility,10,0.900000,0.875595
gpt4o,hand,warping,10,1.400000,1.074968
gpt4o,hand,washed out,10,1.600000,1.173788
gpt4o,hand,watch over,10,2.300000,1.251666
gpt4o,hand,water meter,10,2.500000,1.581139
gpt4o,hand,wayward,10,1.400000,0.699206
gpt4o,hand,weathertight,10,0.700000,0.483046
gpt4o,hand,webbing,10,2.600000,1.264911
gpt4o,hand,whitefish,10,0.700000,0.483046
gpt4o,hand,whooping,10,0.900000,0.567646
gpt4o,hand,wistful,10,0.300000,0.674949
gpt4o,hand,worsen,10,1.900000,1.100505
gpt4o,hand,wraithlike,10,1.500000,1.509231
gpt4o,hand,writhe,10,2.000000,1.490712
gpt4o,hand,yippee,10,0.700000,0.823273
gpt4o,hand,zap,10,3.300000,1.159502
gpt4o,head,abbreviate,10,2.200000,1.475730
gpt4o,head,abode,10,1.800000,1.135292
gpt4o,head,abscessed,10,1.900000,1.286684
gpt4o,head,abyss,10,2.400000,1.264911
gpt4o,head,accordance,10,2.000000,1.154701
gpt4o,head,adjunct,10,1.300000,0.948683
gpt4o,head,adjustment,10,2.700000,1.059350
gpt4o,head,aerial,10,2.100000,1.370320
gpt4o,head,aerially,10,1.900000,1.449138
gpt4o,head,affective,10,3.600000,0.843274
gpt4o,head,aftersale,10,1.100000,1.197219
gpt4o,head,aftershave,10,1.200000,1.316561
gpt4o,head,aging,10,3.400000,1.264911
gpt4o,head,alertness,10,4.900000,0.316228
gpt4o,head,allusively,10,2.100000,1.523884
gpt4o,head,aloe vera,10,1.200000,0.918937
gpt4o,head,always,10,1.800000,1.032796
gpt4o,head,ambitiously,10,2.400000,1.173788
gpt4o,head,americanize,10,2.200000,1.549193
gpt4o,head,amid,10,1.400000,1.264911
gpt4o,head,antler,10,0.900000,0.994429
gpt4o,head,apply,10,1.200000,0.918937
gpt4o,head,appreciatory,10,1.700000,1.059350
gpt4o,head,arrestingly,10,2.600000,1.173788
gpt4o,head,assassin,10,2.500000,1.433721
gpt4o,head,assignment,10,2.400000,1.505545
gpt4o,head,atmosphere,10,2.500000,1.269296
gpt4o,head,atomic,10,1.800000,1.032796
gpt4o,head,auction off,10,1.400000,0.843274
gpt4o,head,avail,10,1.900000,0.875595
gpt4o,head,balcony,10,0.800000,0.788811
gpt4o,head,baseball bat,10,1.100000,0.994429
gpt4o,head,befoul,10,1.700000,1.159502
gpt4o,head,befuddlement,10,3.900000,1.449138
gpt4o,head,behavioral,10,2.600000,1.074968
gpt4o,head,beige,10,0.300000,0.483046
gpt4o,head,belatedness,10,2.000000,1.247219
gpt4o,head,bend,10,1.100000,0.994429
gpt4o,head,billfold,10,0.800000,0.788811
gpt4o,head,bimolecular,10,1.800000,1.135292
gpt4o,head,biosphere,10,1.600000,1.173788
gpt4o,head,blockheaded,10,3.700000,1.337494
gpt4o,head,bluecoat,10,1.400000,1.074968
gpt4o,head,body building,10,1.700000,1.251666
gpt4o,head,bomb,10,2.400000,1.429841
gpt4o,head,boo,10,3.000000,1.563472
gpt4o,head,boundless,10,1.800000,0.918937
gpt4o,head,brainchild,10,4.500000,0.707107
gpt4o,head,brains,10,5.000000,0.000000
gpt4o,head,bubbler,10,1.000000,0.816497
gpt4o,head,budget,10,2.200000,1.135292
gpt4o,head,bureaucrat,10,2.500000,1.509231
gpt4o,head,busted,10,1.400000,0.843274
gpt4o,head,call girl,10,2.600000,1.429841
gpt4o,head,camper,10,1.700000,1.251666
gpt4o,head,cancer,10,2.800000,1.549193
gpt4o,head,casing,10,1.200000,1.032796
gpt4o,head,cent,10,0.400000,0.516398
gpt4o,head,challenge,10,2.700000,1.251666
gpt4o,head,chart,10,2.000000,1.247219
gpt4o,head,cheerfulness,10,3.300000,1.567021
gpt4o,head,chemistry,10,3.100000,0.994429
gpt4o,head,choreograph,10,2.100000,1.100505
gpt4o,head,churchman,10,2.200000,1.751190
gpt4o,head,civil suit,10,1.800000,1.549193
gpt4o,head,cleaner,10,1.300000,1.059350
gpt4o,head,cleanup,10,1.300000,0.948683
gpt4o,head,clearinghouse,10,1.100000,1.197219
gpt4o,head,clergy,10,2.700000,1.251666
gpt4o,head,climatologic,10,1.400000,1.074968
gpt4o,head,cling to,10,1.100000,0.875595
gpt4o,head,clownery,10,3.200000,1.398412
gpt4o,head,coil,10,1.500000,0.971825
gpt4o,head,collaterally,10,1.500000,1.178511
gpt4o,head,colonize,10,1.600000,0.966092
gpt4o,head,color,10,2.800000,1.475730
gpt4o,head,comatose,10,4.000000,1.054093
gpt4o,head,combust,10,2.500000,1.354006
gpt4o,head,commotion,10,3.300000,1.337494
gpt4o,head,compatibility,10,2.700000,1.418136
gpt4o,head,complicated,10,2.700000,1.251666
gpt4o,head,compositionally,10,2.300000,1.337494
gpt4o,head,compromising,10,1.800000,1.135292
gpt4o,head,confusability,10,4.200000,1.229273
gpt4o,head,congruously,10,1.800000,1.135292
gpt4o,head,constitution,10,2.700000,1.494434
gpt4o,head,cope with,10,2.900000,1.100505
gpt4o,head,copyholder,10,1.200000,0.788811
gpt4o,head,corpse,10,2.400000,1.712698
gpt4o,head,crackers,10,1.300000,0.948683
gpt4o,head,critter,10,1.700000,0.948683
gpt4o,head,culmination,10,2.700000,1.337494
gpt4o,head,curative,10,1.800000,1.032796
gpt4o,head,cutlet,10,0.800000,0.632456
gpt4o,head,deactivation,10,1.600000,1.074968
gpt4o,head,debark,10,1.000000,1.154701
gpt4o,head,decadent,10,2.400000,1.074968
gpt4o,head,decentness,10,2.500000,1.354006
gpt4o,head,decorative,10,1.800000,1.135292
gpt4o,head,deferred,10,1.900000,1.449138
gpt4o,head,definitely,10,1.500000,1.354006
gpt4o,head,definitive,10,1.900000,1.728840
gpt4o,head,deformed,10,2.800000,1.032796
gpt4o,head,degreaser,10,0.800000,0.788811
gpt4o,head,demographically,10,1.600000,1.264911
gpt4o,head,deodorant,10,1.200000,1.229273
gpt4o,head,departmentalize,10,2.200000,1.032796
gpt4o,head,depreciatively,10,2.500000,1.269296
gpt4o,head,detacher,10,1.400000,1.074968
gpt4o,head,disentanglement,10,1.900000,0.875595
gpt4o,head,disorient,10,4.300000,0.674949
gpt4o,head,disproof,10,3.000000,1.154701
gpt4o,head,disrespectful,10,2.800000,1.229273
gpt4o,head,dissect,10,0.800000,0.632456
gpt4o,head,doglike,10,1.300000,0.948683
gpt4o,head,dough,10,0.800000,1.032796
gpt4o,head,doze,10,4.100000,0.567646
gpt4o,head,dragged,10,1.100000,0.994429
gpt4o,head,drearily,10,2.800000,1.135292
gpt4o,head,drudge,10,1.200000,1.032796
gpt4o,head,dry cleaner,10,1.400000,0.843274
gpt4o,head,early,10,2.400000,1.646545
gpt4o,head,economy,10,1.600000,0.966092
gpt4o,head,eight,10,0.900000,0.875595
gpt4o,head,electrometer,10,1.400000,1.173788
gpt4o,head,emergency exit,10,2.300000,0.674949
gpt4o,head,emulator,10,2.500000,1.433721
gpt4o,head,engaged,10,3.200000,1.316561
gpt4o,head,entrenchment,10,1.800000,0.788811
gpt4o,head,entrepreneurship,10,2.000000,1.247219
gpt4o,head,epilepsy,10,4.600000,0.699206
gpt4o,head,erogenous,10,2.000000,1.333333
gpt4o,head,evolvement,10,2.500000,1.080123
gpt4o,head,excommunicable,10,1.500000,1.433721
gpt4o,head,expression,10,4.600000,0.699206
gpt4o,head,extendibility,10,1.600000,0.966092
gpt4o,head,extensively,10,2.200000,0.632456
gpt4o,head,extractive,10,1.200000,0.788811
gpt4o,head,extremism,10,2.800000,1.398412
gpt4o,head,eye drops,10,3.600000,1.577621
gpt4o,head,eyewash,10,3.500000,1.581139
gpt4o,head,factory,10,1.200000,0.788811
gpt4o,head,fanged,10,2.000000,0.816497
gpt4o,head,fat cat,10,1.500000,1.269296
gpt4o,head,fiendlike,10,2.400000,0.966092
gpt4o,head,filmgoer,10,2.500000,1.354006
gpt4o,head,find,10,2.100000,1.286684
gpt4o,head,fireboat,10,0.800000,0.788811
gpt4o,head,firecracker,10,2.100000,1.286684
gpt4o,head,flammable,10,1.500000,1.433721
gpt4o,head,flute,10,1.300000,1.337494
gpt4o,head,foodstuff,10,1.600000,1.264911
gpt4o,head,forbiddingly,10,2.700000,1.337494
gpt4o,head,formally,10,1.400000,0.966092
gpt4o,head,foster,10,2.000000,0.942809
gpt4o,head,friday,10,0.900000,0.737865
gpt4o,head,frown,10,4.600000,0.699206
gpt4o,head,fruit salad,10,0.900000,0.875595
gpt4o,head,fumigant,10,2.000000,1.054093
gpt4o,head,funeral home,10,2.200000,1.619328
gpt4o,head,garter belt,10,0.400000,0.699206
gpt4o,head,ghastly,10,3.700000,1.159502
gpt4o,head,google,10,2.000000,1.414214
gpt4o,head,grader,10,1.300000,0.948683
gpt4o,head,grandbaby,10,1.700000,1.251666
gpt4o,head,greenish,10,1.300000,1.159502
gpt4o,head,gulp,10,1.200000,1.398412
gpt4o,head,gushiness,10,2.200000,0.918937
gpt4o,head,hailstorm,10,3.000000,1.490712
gpt4o,head,halfcocked,10,1.400000,0.966092
gpt4o,head,happen,10,1.800000,1.398412
gpt4o,head,harm,10,2.400000,1.074968
gpt4o,head,havoc,10,2.600000,1.264911
gpt4o,head,hemophilia,10,1.700000,1.159502
gpt4o,head,heterosexual,10,1.700000,1.159502
gpt4o,head,highhanded,10,1.500000,0.849837
gpt4o,head,himself,10,2.600000,1.837873
gpt4o,head,hindrance,10,2.300000,0.948683
gpt4o,head,homestead,10,1.500000,0.971825
gpt4o,head,housemaster,10,1.900000,1.728840
gpt4o,head,hysteric,10,3.400000,1.264911
gpt4o,head,icing,10,0.900000,0.875595
gpt4o,head,illness,10,3.700000,1.251666
gpt4o,head,immigrant,10,1.900000,0.994429
gpt4o,head,impolite,10,2.500000,1.080123
gpt4o,head,inaudibility,10,3.700000,1.567021
gpt4o,head,inaugural,10,2.500000,1.178511
gpt4o,head,indirectly,10,2.300000,1.251666
gpt4o,head,inflamer,10,2.100000,1.370320
gpt4o,head,inflaming,10,2.500000,0.971825
gpt4o,head,inflexibly,10,2.800000,0.918937
gpt4o,head,institutional,10,1.800000,0.918937
gpt4o,head,instrumentally,10,2.100000,1.197219
gpt4o,head,intercept,10,1.600000,0.966092
gpt4o,head,intergrowth,10,1.400000,0.843274
gpt4o,head,intern,10,2.100000,0.737865
gpt4o,head,internalization,10,2.900000,1.370320
gpt4o,head,intoxicating,10,2.800000,1.316561
gpt4o,head,keel,10,1.200000,1.032796
gpt4o,head,keycard,10,0.700000,0.674949
gpt4o,head,kind,10,2.400000,1.349897
gpt4o,head,klutziness,10,1.100000,1.370320
gpt4o,head,lag,10,1.800000,1.229273
gpt4o,head,laser,10,1.800000,1.032796
gpt4o,head,leaflet,10,1.300000,0.823273
gpt4o,head,leanness,10,1.700000,0.948683
gpt4o,head,lessening,10,2.300000,0.948683
gpt4o,head,light beam,10,2.900000,2.024846
gpt4o,head,lightless,10,1.800000,1.549193
gpt4o,head,lightswitch,10,0.800000,0.632456
gpt4o,head,lingual,10,1.900000,1.449138
gpt4o,head,lipid,10,1.200000,1.229273
gpt4o,head,liver,10,1.400000,1.577621
gpt4o,head,logrolling,10,0.700000,0.674949
gpt4o,head,looping,10,1.500000,0.971825
gpt4o,head,loosely,10,1.100000,0.567646
gpt4o,head,looseness,10,1.600000,1.074968
gpt4o,head,lustrously,10,2.200000,1.229273
gpt4o,head,makeover,10,2.200000,1.475730
gpt4o,head,manly,10,2.400000,1.074968
gpt4o,head,marbling,10,1.000000,0.942809
gpt4o,head,married,10,2.000000,0.942809
gpt4o,head,may,10,1.600000,0.966092
gpt4o,head,meal,10,0.800000,0.632456
gpt4o,head,megawatt,10,0.500000,0.707107
gpt4o,head,microcomputer,10,2.000000,1.333333
gpt4o,head,midterm,10,2.200000,1.316561
gpt4o,head,mirth,10,3.600000,0.843274
gpt4o,head,misappropriate,10,1.400000,1.074968
gpt4o,head,mischaracterize,10,3.200000,1.619328
gpt4o,head,moneymaker,10,1.800000,0.788811
gpt4o,head,monocle,10,3.500000,1.178511
gpt4o,head,move on,10,2.500000,1.433721
gpt4o,head,mull over,10,4.500000,0.707107
gpt4o,head,multispecies,10,1.300000,1.251666
gpt4o,head,nationalism,10,3.000000,1.154701
gpt4o,head,nearsightedness,10,4.800000,0.421637
gpt4o,head,needs,10,1.700000,1.159502
gpt4o,head,newsmonger,10,2.900000,1.663330
gpt4o,head,noncurrent,10,1.100000,0.737865
gpt4o,head,nonproductively,10,2.300000,1.059350
gpt4o,head,nonresistant,10,1.500000,1.269296
gpt4o,head,nonsocial,10,2.300000,1.494434
gpt4o,head,nosepiece,10,2.400000,1.897367
gpt4o,head,noun,10,1.300000,1.418136
gpt4o,head,old fashioned,10,1.900000,0.994429
gpt4o,head,oscillate,10,1.900000,0.994429
gpt4o,head,ought,10,2.500000,1.779513
gpt4o,head,outpour,10,1.800000,0.918937
gpt4o,head,outrun,10,1.500000,0.971825
gpt4o,head,outtake,10,1.500000,0.971825
gpt4o,head,papyrus,10,1.300000,1.159502
gpt4o,head,partygoer,10,2.800000,1.549193
gpt4o,head,passenger ship,10,1.600000,0.843274
gpt4o,head,patio,10,1.000000,0.666667
gpt4o,head,peewee,10,1.400000,0.966092
gpt4o,head,perceptibly,10,3.100000,1.370320
gpt4o,head,perilously,10,1.500000,1.178511
gpt4o,head,persistent,10,2.500000,1.269296
gpt4o,head,pessimism,10,3.900000,0.875595
gpt4o,head,placenta,10,0.400000,0.516398
gpt4o,head,politician,10,2.800000,1.549193
gpt4o,head,postmodernist,10,2.200000,1.751190
gpt4o,head,precarious,10,2.700000,1.159502
gpt4o,head,precollege,10,1.800000,1.032796
gpt4o,head,predator,10,3.400000,1.074968
gpt4o,head,premarital,10,2.000000,0.816497
gpt4o,head,prime,10,1.500000,1.269296
gpt4o,head,primitive,10,2.000000,1.490712
gpt4o,head,probation officer,10,2.400000,0.699206
gpt4o,head,prohibit,10,1.700000,0.823273
gpt4o,head,prop up,10,1.700000,0.948683
gpt4o,head,protestor,10,2.800000,1.135292
gpt4o,head,prudishness,10,2.800000,1.398412
gpt4o,head,psycho,10,3.100000,1.663330
gpt4o,head,quill,10,0.500000,0.707107
gpt4o,head,rebuild,10,1.500000,0.707107
gpt4o,head,reconnect,10,2.700000,1.337494
gpt4o,head,reeducation,10,3.000000,1.154701
gpt4o,head,regenerate,10,1.500000,0.971825
gpt4o,head,regression,10,2.600000,1.173788
gpt4o,head,reinitiate,10,2.000000,1.247219
gpt4o,head,residual,10,1.900000,0.994429
gpt4o,head,reviving,10,2.500000,1.433721
gpt4o,head,reward,10,2.400000,0.966092
gpt4o,head,rewash,10,0.700000,0.674949
gpt4o,head,rhino,10,1.300000,0.674949
gpt4o,head,ringing,10,3.600000,1.505545
gpt4o,head,ripen,10,1.200000,0.918937
gpt4o,head,roaming,10,1.500000,0.971825
gpt4o,head,rockstar,10,3.100000,1.286684
gpt4o,head,sacredness,10,2.700000,1.766981
gpt4o,head,sadly,10,3.400000,0.966092
gpt4o,head,safflower,10,0.500000,0.971825
gpt4o,head,salting,10,0.700000,0.674949
gpt4o,head,sandblaster,10,0.600000,0.699206
gpt4o,head,scapegoat,10,2.100000,1.449138
gpt4o,head,scrupulously,10,2.000000,1.154701
gpt4o,head,sealer,10,0.700000,0.674949
gpt4o,head,seeder,10,1.000000,1.154701
gpt4o,head,senile,10,3.500000,1.354006
gpt4o,head,september,10,1.300000,1.059350
gpt4o,head,sexploitation,10,2.400000,0.699206
gpt4o,head,sharpener,10,0.600000,0.699206
gpt4o,head,shed,10,1.100000,0.994429
gpt4o,head,shenanigan,10,1.900000,1.663330
gpt4o,head,shirtless,10,1.000000,1.154701
gpt4o,head,shivering,10,2.200000,1.316561
gpt4o,head,shutterbug,10,2.100000,1.663330
gpt4o,head,sieve,10,0.600000,0.516398
gpt4o,head,silly,10,2.800000,1.398412
gpt4o,head,silversmith,10,1.100000,0.737865
gpt4o,head,skirted,10,0.500000,0.527046
gpt4o,head,slouch,10,1.800000,1.229273
gpt4o,head,snipping,10,1.000000,0.942809
gpt4o,head,snuffbox,10,0.400000,0.699206
gpt4o,head,solicitor,10,2.900000,1.100505
gpt4o,head,spank,10,0.800000,0.788811
gpt4o,head,spare parts,10,1.200000,0.918937
gpt4o,head,specialty,10,2.200000,1.398412
gpt4o,head,spindling,10,1.200000,0.918937
gpt4o,head,spinout,10,1.800000,1.032796
gpt4o,head,stereo,10,4.300000,0.823273
gpt4o,head,stew,10,0.800000,0.788811
gpt4o,head,streamlined,10,1.400000,1.074968
gpt4o,head,substituting,10,1.600000,0.843274
gpt4o,head,sundress,10,1.700000,1.159502
gpt4o,head,superiorly,10,2.000000,1.414214
gpt4o,head,suppository,10,0.300000,0.483046
gpt4o,head,surprised,10,4.400000,0.843274
gpt4o,head,sustainable,10,2.100000,1.370320
gpt4o,head,swiftly,10,1.100000,0.994429
gpt4o,head,synchronized,10,2.200000,0.918937
gpt4o,head,syndication,10,1.300000,1.059350
gpt4o,head,tableware,10,0.900000,0.737865
gpt4o,head,take,10,1.900000,0.875595
gpt4o,head,taller,10,1.000000,0.942809
gpt4o,head,tarpaper,10,0.800000,0.788811
gpt4o,head,thickheaded,10,4.600000,0.516398
gpt4o,head,tiara,10,3.000000,1.563472
gpt4o,head,tracker,10,1.400000,0.966092
gpt4o,head,tranquil,10,2.700000,1.828782
gpt4o,head,tunnel vision,10,4.900000,0.316228
gpt4o,head,turmoil,10,2.800000,1.135292
gpt4o,head,typographer,10,1.800000,0.918937
gpt4o,head,unambiguously,10,2.600000,1.429841
gpt4o,head,unconformity,10,1.400000,1.173788
gpt4o,head,uncontrolled,10,2.600000,1.173788
gpt4o,head,undernutrition,10,2.000000,1.333333
gpt4o,head,understandingly,10,4.000000,1.333333
gpt4o,head,unfoundedly,10,1.900000,1.449138
gpt4o,head,unhealthful,10,2.100000,1.370320
gpt4o,head,uninterruptible,10,1.700000,1.567021
gpt4o,head,unknowably,10,2.200000,1.135292
gpt4o,head,unlocked,10,0.900000,1.100505
gpt4o,head,unmanageably,10,1.500000,1.269296
gpt4o,head,unpurified,10,0.800000,0.788811
gpt4o,head,unrushed,10,2.000000,0.816497
gpt4o,head,unskilled,10,1.400000,0.699206
gpt4o,head,unthinking,10,3.300000,1.159502
gpt4o,head,untidy,10,1.900000,0.875595
gpt4o,head,unturned,10,0.800000,0.788811
gpt4o,head,unveiling,10,2.200000,1.135292
gpt4o,head,unvisited,10,0.800000,0.788811
gpt4o,head,valiantly,10,2.700000,0.948683
gpt4o,head,vendingmachine,9,0.777778,0.833333
gpt4o,head,vicious,10,2.800000,1.398412
gpt4o,head,villa,10,1.200000,1.135292
gpt4o,head,volatility,10,2.400000,1.712698
gpt4o,head,warping,10,1.800000,1.398412
gpt4o,head,washed out,10,2.500000,0.849837
gpt4o,head,watch over,10,2.900000,1.595131
gpt4o,head,water meter,10,1.000000,0.816497
gpt4o,head,wayward,10,2.000000,1.054093
gpt4o,head,weathertight,10,0.800000,0.788811
gpt4o,head,webbing,10,1.000000,0.816497
gpt4o,head,whitefish,10,0.500000,0.527046
gpt4o,head,whooping,10,2.200000,1.549193
gpt4o,head,wistful,10,3.300000,1.337494
gpt4o,head,worsen,10,2.300000,0.823273
gpt4o,head,wraithlike,10,3.100000,1.449138
gpt4o,head,writhe,10,1.300000,1.159502
gpt4o,head,yippee,10,2.700000,1.636392
gpt4o,head,zap,10,2.400000,1.349897
gpt4o,mouth,abbreviate,10,1.100000,0.994429
gpt4o,mouth,abode,10,1.300000,0.823273
gpt4o,mouth,abscessed,10,1.900000,1.728840
gpt4o,mouth,abyss,10,0.700000,0.948683
gpt4o,mouth,accordance,10,0.900000,0.994429
gpt4o,mouth,adjunct,10,0.700000,0.823273
gpt4o,mouth,adjustment,10,1.200000,0.788811
gpt4o,mouth,aerial,10,0.600000,0.843274
gpt4o,mouth,aerially,10,0.200000,0.632456
gpt4o,mouth,affective,10,1.400000,0.843274
gpt4o,mouth,aftersale,10,0.800000,0.788811
gpt4o,mouth,aftershave,10,2.300000,1.636392
gpt4o,mouth,aging,10,2.000000,1.414214
gpt4o,mouth,alertness,10,1.400000,1.349897
gpt4o,mouth,allusively,10,0.500000,0.527046
gpt4o,mouth,aloe vera,10,1.300000,1.337494
gpt4o,mouth,always,10,0.600000,0.516398
gpt4o,mouth,ambitiously,10,0.900000,0.875595
gpt4o,mouth,americanize,10,0.700000,0.674949
gpt4o,mouth,amid,10,0.400000,0.516398
gpt4o,mouth,antler,10,0.600000,1.577621
gpt4o,mouth,apply,10,1.200000,1.229273
gpt4o,mouth,appreciatory,10,1.300000,1.159502
gpt4o,mouth,arrestingly,10,0.900000,0.994429
gpt4o,mouth,assassin,10,0.900000,0.875595
gpt4o,mouth,assignment,10,0.500000,0.527046
gpt4o,mouth,atmosphere,10,1.200000,0.918937
gpt4o,mouth,atomic,10,0.700000,1.251666
gpt4o,mouth,auction off,10,0.900000,1.286684
gpt4o,mouth,avail,10,0.900000,0.737865
gpt4o,mouth,balcony,10,0.300000,0.674949
gpt4o,mouth,baseball bat,10,0.500000,0.849837
gpt4o,mouth,befoul,10,1.900000,1.197219
gpt4o,mouth,befuddlement,10,0.700000,0.674949
gpt4o,mouth,behavioral,10,1.100000,0.994429
gpt4o,mouth,beige,10,0.300000,0.483046
gpt4o,mouth,belatedness,10,0.700000,0.674949
gpt4o,mouth,bend,10,0.700000,0.823273
gpt4o,mouth,billfold,10,0.400000,0.516398
gpt4o,mouth,bimolecular,10,0.500000,0.707107
gpt4o,mouth,biosphere,10,0.500000,0.707107
gpt4o,mouth,blockheaded,10,0.500000,0.527046
gpt4o,mouth,bluecoat,10,0.500000,0.707107
gpt4o,mouth,body building,10,1.400000,1.074968
gpt4o,mouth,bomb,10,0.900000,0.994429
gpt4o,mouth,boo,10,3.200000,1.032796
gpt4o,mouth,boundless,10,0.700000,0.674949
gpt4o,mouth,brainchild,10,0.100000,0.316228
gpt4o,mouth,brains,10,0.800000,0.918937
gpt4o,mouth,bubbler,10,2.200000,1.813529
gpt4o,mouth,budget,10,1.000000,1.054093
gpt4o,mouth,bureaucrat,10,1.100000,1.100505
gpt4o,mouth,busted,10,0.600000,0.516398
gpt4o,mouth,call girl,10,2.800000,1.135292
gpt4o,mouth,camper,10,0.700000,0.823273
gpt4o,mouth,cancer,10,2.000000,1.333333
gpt4o,mouth,casing,10,0.500000,0.707107
gpt4o,mouth,cent,10,0.400000,0.516398
gpt4o,mouth,challenge,10,1.100000,1.100505
gpt4o,mouth,chart,10,0.500000,0.707107
gpt4o,mouth,cheerfulness,10,2.400000,1.173788
gpt4o,mouth,chemistry,10,1.200000,1.135292
gpt4o,mouth,choreograph,10,0.800000,0.788811
gpt4o,mouth,churchman,10,0.800000,0.788811
gpt4o,mouth,civil suit,10,0.300000,0.483046
gpt4o,mouth,cleaner,10,0.700000,0.948683
gpt4o,mouth,cleanup,10,1.300000,0.948683
gpt4o,mouth,clearinghouse,10,0.300000,0.674949
gpt4o,mouth,clergy,10,1.400000,1.074968
gpt4o,mouth,climatologic,10,0.300000,0.483046
gpt4o,mouth,cling to,10,1.100000,1.100505
gpt4o,mouth,clownery,10,1.500000,1.178511
gpt4o,mouth,coil,10,0.500000,0.707107
gpt4o,mouth,collaterally,10,0.600000,0.699206
gpt4o,mouth,colonize,10,1.200000,1.032796
gpt4o,mouth,color,10,0.800000,1.032796
gpt4o,mouth,comatose,10,0.700000,0.948683
gpt4o,mouth,combust,10,1.300000,1.418136
gpt4o,mouth,commotion,10,1.400000,1.173788
gpt4o,mouth,compatibility,10,1.300000,0.948683
gpt4o,mouth,complicated,10,1.100000,1.100505
gpt4o,mouth,compositionally,10,0.800000,0.788811
gpt4o,mouth,compromising,10,0.900000,0.737865
gpt4o,mouth,confusability,10,1.000000,0.816497
gpt4o,mouth,congruously,10,0.600000,0.699206
gpt4o,mouth,constitution,10,1.200000,0.788811
gpt4o,mouth,cope with,10,1.600000,1.173788
gpt4o,mouth,copyholder,10,0.600000,0.699206
gpt4o,mouth,corpse,10,0.700000,1.567021
gpt4o,mouth,crackers,10,4.600000,0.516398
gpt4o,mouth,critter,10,0.600000,0.516398
gpt4o,mouth,culmination,10,1.200000,0.788811
gpt4o,mouth,curative,10,1.400000,1.173788
gpt4o,mouth,cutlet,10,2.900000,1.595131
gpt4o,mouth,deactivation,10,0.600000,0.699206
gpt4o,mouth,debark,10,0.800000,0.788811
gpt4o,mouth,decadent,10,2.500000,0.849837
gpt4o,mouth,decentness,10,0.500000,0.527046
gpt4o,mouth,decorative,10,0.800000,0.918937
gpt4o,mouth,deferred,10,0.900000,0.737865
gpt4o,mouth,definitely,10,0.800000,1.032796
gpt4o,mouth,definitive,10,0.400000,0.966092
gpt4o,mouth,deformed,10,1.100000,1.100505
gpt4o,mouth,degreaser,10,0.400000,0.699206
gpt4o,mouth,demographically,10,0.500000,0.707107
gpt4o,mouth,deodorant,10,1.500000,1.433721
gpt4o,mouth,departmentalize,10,1.000000,1.054093
gpt4o,mouth,depreciatively,10,1.500000,1.178511
gpt4o,mouth,detacher,10,0.800000,0.918937
gpt4o,mouth,disentanglement,10,0.600000,0.843274
gpt4o,mouth,disorient,10,0.600000,0.516398
gpt4o,mouth,disproof,10,0.700000,0.674949
gpt4o,mouth,disrespectful,10,1.200000,1.135292
gpt4o,mouth,dissect,10,0.500000,0.527046
gpt4o,mouth,doglike,10,1.100000,0.994429
gpt4o,mouth,dough,10,0.700000,1.059350
gpt4o,mouth,doze,10,0.600000,0.966092
gpt4o,mouth,dragged,10,0.100000,0.316228
gpt4o,mouth,drearily,10,1.100000,1.100505
gpt4o,mouth,drudge,10,0.200000,0.421637
gpt4o,mouth,dry cleaner,10,1.300000,1.159502
gpt4o,mouth,early,10,1.300000,1.059350
gpt4o,mouth,economy,10,0.600000,0.966092
gpt4o,mouth,eight,10,0.300000,0.483046
gpt4o,mouth,electrometer,10,0.600000,0.966092
gpt4o,mouth,emergency exit,10,1.000000,0.666667
gpt4o,mouth,emulator,10,0.600000,0.516398
gpt4o,mouth,engaged,10,1.700000,1.337494
gpt4o,mouth,entrenchment,10,0.900000,0.875595
gpt4o,mouth,entrepreneurship,10,0.600000,0.516398
gpt4o,mouth,epilepsy,10,2.400000,1.837873
gpt4o,mouth,erogenous,10,3.300000,1.636392
gpt4o,mouth,evolvement,10,1.100000,1.100505
gpt4o,mouth,excommunicable,10,0.200000,0.632456
gpt4o,mouth,expression,10,2.000000,1.247219
gpt4o,mouth,extendibility,10,0.800000,1.032796
gpt4o,mouth,extensively,10,0.600000,0.516398
gpt4o,mouth,extractive,10,0.400000,0.699206
gpt4o,mouth,extremism,10,0.600000,0.699206
gpt4o,mouth,eye drops,10,3.000000,1.943651
gpt4o,mouth,eyewash,10,1.100000,1.728840
gpt4o,mouth,factory,10,0.400000,0.516398
gpt4o,mouth,fanged,10,2.400000,1.173788
gpt4o,mouth,fat cat,10,0.800000,0.918937
gpt4o,mouth,fiendlike,10,1.000000,0.942809
gpt4o,mouth,filmgoer,10,0.800000,0.918937
gpt4o,mouth,find,10,0.800000,1.032796
gpt4o,mouth,fireboat,10,0.500000,0.849837
gpt4o,mouth,firecracker,10,1.200000,0.788811
gpt4o,mouth,flammable,10,1.300000,1.059350
gpt4o,mouth,flute,10,2.700000,1.888562
gpt4o,mouth,foodstuff,10,4.900000,0.316228
gpt4o,mouth,forbiddingly,10,1.700000,1.159502
gpt4o,mouth,formally,10,0.900000,0.994429
gpt4o,mouth,foster,10,1.500000,0.971825
gpt4o,mouth,friday,10,0.500000,0.707107
gpt4o,mouth,frown,10,0.700000,1.059350
gpt4o,mouth,fruit salad,10,3.300000,1.337494
gpt4o,mouth,fumigant,10,1.800000,1.135292
gpt4o,mouth,funeral home,10,1.400000,1.349897
gpt4o,mouth,garter belt,10,0.500000,0.707107
gpt4o,mouth,ghastly,10,1.100000,1.286684
gpt4o,mouth,google,10,0.300000,0.674949
gpt4o,mouth,grader,10,0.900000,0.737865
gpt4o,mouth,grandbaby,10,1.000000,1.154701
gpt4o,mouth,greenish,10,0.700000,0.823273
gpt4o,mouth,gulp,10,5.000000,0.000000
gpt4o,mouth,gushiness,10,2.400000,0.966092
gpt4o,mouth,hailstorm,10,1.200000,1.135292
gpt4o,mouth,halfcocked,10,0.800000,0.918937
gpt4o,mouth,happen,10,0.400000,0.699206
gpt4o,mouth,harm,10,1.700000,1.059350
gpt4o,mouth,havoc,10,1.800000,1.135292
gpt4o,mouth,hemophilia,10,1.300000,1.251666
gpt4o,mouth,heterosexual,10,1.600000,1.646545
gpt4o,mouth,highhanded,10,0.800000,0.788811
gpt4o,mouth,himself,10,0.600000,0.966092
gpt4o,mouth,hindrance,10,0.700000,0.823273
gpt4o,mouth,homestead,10,1.200000,1.316561
gpt4o,mouth,housemaster,10,0.600000,0.699206
gpt4o,mouth,hysteric,10,1.900000,1.523884
gpt4o,mouth,icing,10,2.600000,0.966092
gpt4o,mouth,illness,10,2.500000,1.080123
gpt4o,mouth,immigrant,10,1.600000,0.843274
gpt4o,mouth,impolite,10,1.800000,1.475730
gpt4o,mouth,inaudibility,10,1.500000,1.178511
gpt4o,mouth,inaugural,10,1.400000,1.074968
gpt4o,mouth,indirectly,10,1.300000,1.159502
gpt4o,mouth,inflamer,10,2.700000,1.946507
gpt4o,mouth,inflaming,10,1.900000,0.994429
gpt4o,mouth,inflexibly,10,1.300000,0.948683
gpt4o,mouth,institutional,10,1.100000,1.100505
gpt4o,mouth,instrumentally,10,1.100000,0.875595
gpt4o,mouth,intercept,10,0.500000,0.849837
gpt4o,mouth,intergrowth,10,0.500000,0.707107
gpt4o,mouth,intern,10,1.000000,0.816497
gpt4o,mouth,internalization,10,1.300000,1.059350
gpt4o,mouth,intoxicating,10,2.800000,1.316561
gpt4o,mouth,keel,10,0.700000,0.823273
gpt4o,mouth,keycard,10,0.500000,0.527046
gpt4o,mouth,kind,10,1.200000,1.135292
gpt4o,mouth,klutziness,10,0.300000,0.674949
gpt4o,mouth,lag,10,0.400000,0.516398
gpt4o,mouth,laser,10,0.500000,0.527046
gpt4o,mouth,leaflet,10,0.500000,0.971825
gpt4o,mouth,leanness,10,1.300000,0.674949
gpt4o,mouth,lessening,10,1.400000,0.966092
gpt4o,mouth,light beam,10,0.600000,0.966092
gpt4o,mouth,lightless,10,0.400000,0.516398
gpt4o,mouth,lightswitch,10,0.500000,0.707107
gpt4o,mouth,lingual,10,4.700000,0.674949
gpt4o,mouth,lipid,10,0.800000,0.918937
gpt4o,mouth,liver,10,1.400000,1.429841
gpt4o,mouth,logrolling,10,0.200000,0.421637
gpt4o,mouth,looping,10,0.500000,0.527046
gpt4o,mouth,loosely,10,0.800000,0.788811
gpt4o,mouth,looseness,10,1.000000,0.666667
gpt4o,mouth,lustrously,10,0.700000,0.948683
gpt4o,mouth,makeover,10,1.100000,1.197219
gpt4o,mouth,manly,10,1.100000,0.994429
gpt4o,mouth,marbling,10,0.500000,0.707107
gpt4o,mouth,married,10,1.000000,1.054093
gpt4o,mouth,may,10,0.900000,0.737865
gpt4o,mouth,meal,10,5.000000,0.000000
gpt4o,mouth,megawatt,10,0.300000,0.483046
gpt4o,mouth,microcomputer,10,0.600000,1.264911
gpt4o,mouth,midterm,10,0.900000,0.994429
gpt4o,mouth,mirth,10,2.600000,1.776388
gpt4o,mouth,misappropriate,10,0.800000,0.788811
gpt4o,mouth,mischaracterize,10,1.500000,1.715938
gpt4o,mouth,moneymaker,10,1.100000,1.100505
gpt4o,mouth,monocle,10,0.300000,0.483046
gpt4o,mouth,move on,10,0.600000,1.264911
gpt4o,mouth,mull over,10,1.100000,0.994429
gpt4o,mouth,multispecies,10,0.500000,0.707107
gpt4o,mouth,nationalism,10,1.300000,1.159502
gpt4o,mouth,nearsightedness,10,0.600000,0.843274
gpt4o,mouth,needs,10,1.100000,0.994429
gpt4o,mouth,newsmonger,10,1.800000,1.316561
gpt4o,mouth,noncurrent,10,0.400000,0.516398
gpt4o,mouth,nonproductively,10,0.900000,0.875595
gpt4o,mouth,nonresistant,10,0.500000,0.849837
gpt4o,mouth,nonsocial,10,0.400000,0.966092
gpt4o,mouth,nosepiece,10,1.600000,1.712698
gpt4o,mouth,noun,10,0.700000,1.059350
gpt4o,mouth,old fashioned,10,1.000000,0.666667
gpt4o,mouth,oscillate,10,0.900000,0.875595
gpt4o,mouth,ought,10,1.100000,0.994429
gpt4o,mouth,outpour,10,2.000000,1.154701
gpt4o,mouth,outrun,10,0.700000,0.674949
gpt4o,mouth,outtake,10,0.800000,1.032796
gpt4o,mouth,papyrus,10,0.800000,0.788811
gpt4o,mouth,partygoer,10,2.800000,1.316561
gpt4o,mouth,passenger ship,10,1.000000,1.054093
gpt4o,mouth,patio,10,0.500000,0.527046
gpt4o,mouth,peewee,10,1.000000,1.054093
gpt4o,mouth,perceptibly,10,1.500000,0.971825
gpt4o,mouth,perilously,10,1.000000,1.563472
gpt4o,mouth,persistent,10,1.400000,1.264911
gpt4o,mouth,pessimism,10,1.500000,1.080123
gpt4o,mouth,placenta,10,0.600000,0.699206
gpt4o,mouth,politician,10,1.500000,1.581139
gpt4o,mouth,postmodernist,10,0.200000,0.632456
gpt4o,mouth,precarious,10,1.100000,0.994429
gpt4o,mouth,precollege,10,1.000000,1.154701
gpt4o,mouth,predator,10,2.000000,1.154701
gpt4o,mouth,premarital,10,2.600000,1.173788
gpt4o,mouth,prime,10,0.600000,0.843274
gpt4o,mouth,primitive,10,0.400000,0.699206
gpt4o,mouth,probation officer,10,1.200000,1.316561
gpt4o,mouth,prohibit,10,0.900000,0.737865
gpt4o,mouth,prop up,10,0.700000,0.674949
gpt4o,mouth,protestor,10,2.500000,1.269296
gpt4o,mouth,prudishness,10,1.200000,0.918937
gpt4o,mouth,psycho,10,0.700000,1.059350
gpt4o,mouth,quill,10,0.400000,0.516398
gpt4o,mouth,rebuild,10,0.800000,0.632456
gpt4o,mouth,reconnect,10,0.800000,1.229273
gpt4o,mouth,reeducation,10,1.000000,0.666667
gpt4o,mouth,regenerate,10,1.100000,0.994429
gpt4o,mouth,regression,10,0.700000,0.674949
gpt4o,mouth,reinitiate,10,0.700000,0.483046
gpt4o,mouth,residual,10,0.700000,0.674949
gpt4o,mouth,reviving,10,2.400000,1.264911
gpt4o,mouth,reward,10,1.300000,1.159502
gpt4o,mouth,rewash,10,0.900000,1.286684
gpt4o,mouth,rhino,10,0.600000,0.699206
gpt4o,mouth,ringing,10,0.900000,0.875595
gpt4o,mouth,ripen,10,0.900000,1.100505
gpt4o,mouth,roaming,10,0.600000,0.843274
gpt4o,mouth,rockstar,10,1.600000,1.173788
gpt4o,mouth,sacredness,10,0.500000,0.971825
gpt4o,mouth,sadly,10,1.300000,1.337494
gpt4o,mouth,safflower,10,0.600000,1.074968
gpt4o,mouth,salting,10,1.200000,1.475730
gpt4o,mouth,sandblaster,10,0.700000,1.059350
gpt4o,mouth,scapegoat,10,0.800000,0.788811
gpt4o,mouth,scrupulously,10,0.700000,0.674949
gpt4o,mouth,sealer,10,0.600000,0.516398
gpt4o,mouth,seeder,10,0.500000,0.707107
gpt4o,mouth,senile,10,1.200000,0.788811
gpt4o,mouth,september,10,0.400000,0.516398
gpt4o,mouth,sexploitation,10,2.600000,1.429841
gpt4o,mouth,sharpener,10,0.400000,0.516398
gpt4o,mouth,shed,10,0.300000,0.674949
gpt4o,mouth,shenanigan,10,0.800000,1.619328
gpt4o,mouth,shirtless,10,0.300000,0.948683
gpt4o,mouth,shivering,10,1.100000,0.994429
gpt4o,mouth,shutterbug,10,0.600000,0.843274
gpt4o,mouth,sieve,10,0.400000,0.699206
gpt4o,mouth,silly,10,1.400000,1.264911
gpt4o,mouth,silversmith,10,0.400000,0.516398
gpt4o,mouth,skirted,10,0.400000,0.516398
gpt4o,mouth,slouch,10,0.200000,0.421637
gpt4o,mouth,snipping,10,0.600000,0.699206
gpt4o,mouth,snuffbox,10,1.500000,1.509231
gpt4o,mouth,solicitor,10,1.500000,1.433721
gpt4o,mouth,spank,10,0.800000,0.918937
gpt4o,mouth,spare parts,10,0.400000,0.699206
gpt4o,mouth,specialty,10,0.700000,0.483046
gpt4o,mouth,spindling,10,0.500000,0.527046
gpt4o,mouth,spinout,10,0.900000,0.875595
gpt4o,mouth,stereo,10,0.800000,1.229273
gpt4o,mouth,stew,10,3.000000,0.666667
gpt4o,mouth,streamlined,10,0.700000,0.823273
gpt4o,mouth,substituting,10,0.600000,0.699206
gpt4o,mouth,sundress,10,1.100000,0.994429
gpt4o,mouth,superiorly,10,0.400000,0.516398
gpt4o,mouth,suppository,10,2.200000,1.619328
gpt4o,mouth,surprised,10,1.300000,0.823273
gpt4o,mouth,sustainable,10,1.100000,0.994429
gpt4o,mouth,swiftly,10,0.300000,0.674949
gpt4o,mouth,synchronized,10,0.900000,0.994429
gpt4o,mouth,syndication,10,0.400000,0.516398
gpt4o,mouth,tableware,10,1.400000,1.577621
gpt4o,mouth,take,10,1.700000,0.674949
gpt4o,mouth,taller,10,0.100000,0.316228
gpt4o,mouth,tarpaper,10,0.500000,0.707107
gpt4o,mouth,thickheaded,10,1.000000,0.816497
gpt4o,mouth,tiara,10,0.300000,0.483046
gpt4o,mouth,tracker,10,0.400000,0.516398
gpt4o,mouth,tranquil,10,0.600000,1.074968
gpt4o,mouth,tunnel vision,10,1.100000,1.523884
gpt4o,mouth,turmoil,10,1.600000,0.843274
gpt4o,mouth,typographer,10,0.800000,0.788811
gpt4o,mouth,unambiguously,10,1.300000,1.251666
gpt4o,mouth,unconformity,10,0.200000,0.632456
gpt4o,mouth,uncontrolled,10,1.400000,0.966092
gpt4o,mouth,undernutrition,10,2.800000,1.398412
gpt4o,mouth,understandingly,10,1.200000,1.032796
gpt4o,mouth,unfoundedly,10,0.300000,0.483046
gpt4o,mouth,unhealthful,10,1.900000,1.449138
gpt4o,mouth,uninterruptible,10,0.500000,0.707107
gpt4o,mouth,unknowably,10,0.600000,0.699206
gpt4o,mouth,unlocked,10,0.200000,0.632456
gpt4o,mouth,unmanageably,10,0.400000,0.966092
gpt4o,mouth,unpurified,10,1.000000,0.942809
gpt4o,mouth,unrushed,10,0.800000,0.788811
gpt4o,mouth,unskilled,10,0.700000,0.483046
gpt4o,mouth,unthinking,10,1.100000,1.449138
gpt4o,mouth,untidy,10,1.300000,0.823273
gpt4o,mouth,unturned,10,0.400000,0.699206
gpt4o,mouth,unveiling,10,1.300000,0.948683
gpt4o,mouth,unvisited,10,0.200000,0.421637
gpt4o,mouth,valiantly,10,2.000000,1.247219
gpt4o,mouth,vendingmachine,9,0.777778,1.394433
gpt4o,mouth,vicious,10,2.100000,0.875595
gpt4o,mouth,villa,10,0.500000,0.707107
gpt4o,mouth,volatility,10,0.600000,0.966092
gpt4o,mouth,warping,10,0.200000,0.421637
gpt4o,mouth,washed out,10,1.100000,0.994429
gpt4o,mouth,watch over,10,1.100000,1.728840
gpt4o,mouth,water meter,10,0.600000,0.699206
gpt4o,mouth,wayward,10,0.800000,0.788811
gpt4o,mouth,weathertight,10,0.200000,0.421637
gpt4o,mouth,webbing,10,0.300000,0.483046
gpt4o,mouth,whitefish,10,0.900000,1.286684
gpt4o,mouth,whooping,10,3.700000,1.251666
gpt4o,mouth,wistful,10,0.600000,0.966092
gpt4o,mouth,worsen,10,1.400000,1.074968
gpt4o,mouth,wraithlike,10,0.800000,0.788811
gpt4o,mouth,writhe,10,0.700000,0.948683
gpt4o,mouth,yippee,10,2.100000,1.728840
gpt4o,mouth,zap,10,0.700000,0.823273
gpt4o,torso,abbreviate,10,1.500000,0.849837
gpt4o,torso,abode,10,2.600000,0.966092
gpt4o,torso,abscessed,10,3.200000,1.316561
gpt4o,torso,abyss,10,2.200000,1.135292
gpt4o,torso,accordance,10,1.500000,1.080123
gpt4o,torso,adjunct,10,1.100000,0.994429
gpt4o,torso,adjustment,10,2.800000,0.788811
gpt4o,torso,aerial,10,2.000000,0.942809
gpt4o,torso,aerially,10,1.300000,1.251666
gpt4o,torso,affective,10,2.200000,0.918937
gpt4o,torso,aftersale,10,1.300000,1.059350
gpt4o,torso,aftershave,10,2.100000,1.449138
gpt4o,torso,aging,10,2.900000,1.449138
gpt4o,torso,alertness,10,2.100000,0.994429
gpt4o,torso,allusively,10,0.900000,0.875595
gpt4o,torso,aloe vera,10,2.000000,1.333333
gpt4o,torso,always,10,1.200000,1.316561
gpt4o,torso,ambitiously,10,2.000000,0.942809
gpt4o,torso,americanize,10,1.300000,1.159502
gpt4o,torso,amid,10,1.200000,1.229273
gpt4o,torso,antler,10,0.900000,0.994429
gpt4o,torso,apply,10,2.100000,1.100505
gpt4o,torso,appreciatory,10,1.500000,1.581139
gpt4o,torso,arrestingly,10,1.600000,0.966092
gpt4o,torso,assassin,10,2.700000,1.251666
gpt4o,torso,assignment,10,1.700000,1.159502
gpt4o,torso,atmosphere,10,2.500000,1.178511
gpt4o,torso,atomic,10,1.400000,1.173788
gpt4o,torso,auction off,10,1.800000,1.229273
gpt4o,torso,avail,10,1.900000,1.197219
gpt4o,torso,balcony,10,1.400000,1.074968
gpt4o,torso,baseball bat,10,1.900000,1.100505
gpt4o,torso,befoul,10,2.100000,1.523884
gpt4o,torso,befuddlement,10,1.200000,0.918937
gpt4o,torso,behavioral,10,1.900000,0.994429
gpt4o,torso,beige,10,0.600000,0.699206
gpt4o,torso,belatedness,10,0.900000,0.737865
gpt4o,torso,bend,10,2.300000,0.823273
gpt4o,torso,billfold,10,1.400000,0.966092
gpt4o,torso,bimolecular,10,1.500000,1.080123
gpt4o,torso,biosphere,10,1.500000,1.080123
gpt4o,torso,blockheaded,10,1.200000,0.632456
gpt4o,torso,bluecoat,10,1.900000,0.875595
gpt4o,torso,body building,10,4.300000,0.948683
gpt4o,torso,bomb,10,2.800000,1.475730
gpt4o,torso,boo,10,1.100000,0.994429
gpt4o,torso,boundless,10,1.700000,1.418136
gpt4o,torso,brainchild,10,1.300000,1.159502
gpt4o,torso,brains,10,1.100000,1.100505
gpt4o,torso,bubbler,10,1.300000,1.159502
gpt4o,torso,budget,10,1.600000,1.074968
gpt4o,torso,bureaucrat,10,1.800000,1.135292
gpt4o,torso,busted,10,2.700000,0.674949
gpt4o,torso,call girl,10,2.800000,0.788811
gpt4o,torso,camper,10,2.300000,0.948683
gpt4o,torso,cancer,10,3.900000,0.875595
gpt4o,torso,casing,10,1.900000,0.994429
gpt4o,torso,cent,10,0.500000,0.527046
gpt4o,torso,challenge,10,2.800000,0.421637
gpt4o,torso,chart,10,1.400000,0.699206
gpt4o,torso,cheerfulness,10,2.600000,0.516398
gpt4o,torso,chemistry,10,2.300000,1.159502
gpt4o,torso,choreograph,10,2.200000,1.135292
gpt4o,torso,churchman,10,1.600000,1.173788
gpt4o,torso,civil suit,10,1.400000,1.173788
gpt4o,torso,cleaner,10,1.900000,1.595131
gpt4o,torso,cleanup,10,2.600000,0.966092
gpt4o,torso,clearinghouse,10,1.200000,1.229273
gpt4o,torso,clergy,10,1.900000,0.994429
gpt4o,torso,climatologic,10,1.500000,0.971825
gpt4o,torso,cling to,10,2.000000,1.333333
gpt4o,torso,clownery,10,1.700000,1.159502
gpt4o,torso,coil,10,1.900000,0.875595
gpt4o,torso,collaterally,10,1.200000,1.229273
gpt4o,torso,colonize,10,2.200000,1.316561
gpt4o,torso,color,10,1.200000,0.918937
gpt4o,torso,comatose,10,2.900000,1.663330
gpt4o,torso,combust,10,3.000000,0.942809
gpt4o,torso,commotion,10,2.600000,1.173788
gpt4o,torso,compatibility,10,1.800000,1.135292
gpt4o,torso,complicated,10,1.800000,1.135292
gpt4o,torso,compositionally,10,1.400000,0.699206
gpt4o,torso,compromising,10,1.700000,0.948683
gpt4o,torso,confusability,10,1.300000,0.823273
gpt4o,torso,congruously,10,1.600000,0.843274
gpt4o,torso,constitution,10,2.000000,1.054093
gpt4o,torso,cope with,10,2.700000,0.823273
gpt4o,torso,copyholder,10,1.100000,0.875595
gpt4o,torso,corpse,10,2.900000,1.852926
gpt4o,torso,crackers,10,2.000000,1.333333
gpt4o,torso,critter,10,1.300000,1.159502
gpt4o,torso,culmination,10,2.900000,0.567646
gpt4o,torso,curative,10,2.800000,0.918937
gpt4o,torso,cutlet,10,2.100000,0.994429
gpt4o,torso,deactivation,10,1.100000,0.875595
gpt4o,torso,debark,10,2.200000,1.032796
gpt4o,torso,decadent,10,3.000000,0.942809
gpt4o,torso,decentness,10,1.400000,1.074968
gpt4o,torso,decorative,10,2.700000,1.251666
gpt4o,torso,deferred,10,1.500000,1.080123
gpt4o,torso,definitely,10,0.400000,0.699206
gpt4o,torso,definitive,10,1.200000,1.229273
gpt4o,torso,deformed,10,3.200000,0.788811
gpt4o,torso,degreaser,10,1.500000,1.354006
gpt4o,torso,demographically,10,1.400000,1.074968
gpt4o,torso,deodorant,10,2.700000,1.337494
gpt4o,torso,departmentalize,10,1.700000,1.059350
gpt4o,torso,depreciatively,10,1.400000,1.173788
gpt4o,torso,detacher,10,1.800000,1.032796
gpt4o,torso,disentanglement,10,1.900000,0.875595
gpt4o,torso,disorient,10,1.600000,0.966092
gpt4o,torso,disproof,10,1.600000,0.843274
gpt4o,torso,disrespectful,10,1.400000,0.966092
gpt4o,torso,dissect,10,1.800000,1.229273
gpt4o,torso,doglike,10,1.700000,1.159502
gpt4o,torso,dough,10,1.200000,1.316561
gpt4o,torso,doze,10,1.900000,0.875595
gpt4o,torso,dragged,10,2.700000,1.337494
gpt4o,torso,drearily,10,2.200000,1.032796
gpt4o,torso,drudge,10,1.800000,1.229273
gpt4o,torso,dry cleaner,10,2.600000,0.699206
gpt4o,torso,early,10,1.700000,0.823273
gpt4o,torso,economy,10,1.600000,1.173788
gpt4o,torso,eight,10,0.700000,0.674949
gpt4o,torso,electrometer,10,1.200000,1.032796
gpt4o,torso,emergency exit,10,2.600000,0.699206
gpt4o,torso,emulator,10,1.900000,0.994429
gpt4o,torso,engaged,10,2.000000,1.247219
gpt4o,torso,entrenchment,10,2.800000,0.632456
gpt4o,torso,entrepreneurship,10,2.200000,1.398412
gpt4o,torso,epilepsy,10,3.200000,1.398412
gpt4o,torso,erogenous,10,3.000000,0.816497
gpt4o,torso,evolvement,10,2.400000,0.966092
gpt4o,torso,excommunicable,10,0.900000,1.197219
gpt4o,torso,expression,10,2.100000,0.737865
gpt4o,torso,extendibility,10,1.900000,1.449138
gpt4o,torso,extensively,10,1.800000,1.135292
gpt4o,torso,extractive,10,1.700000,1.059350
gpt4o,torso,extremism,10,1.600000,0.843274
gpt4o,torso,eye drops,10,1.400000,1.577621
gpt4o,torso,eyewash,10,0.600000,0.966092
gpt4o,torso,factory,10,2.600000,1.173788
gpt4o,torso,fanged,10,2.100000,0.994429
gpt4o,torso,fat cat,10,2.100000,0.994429
gpt4o,torso,fiendlike,10,2.000000,1.154701
gpt4o,torso,filmgoer,10,2.000000,0.816497
gpt4o,torso,find,10,1.800000,1.229273
gpt4o,torso,fireboat,10,2.100000,0.875595
gpt4o,torso,firecracker,10,2.500000,1.269296
gpt4o,torso,flammable,10,2.500000,1.581139
gpt4o,torso,flute,10,1.000000,0.666667
gpt4o,torso,foodstuff,10,2.400000,1.349897
gpt4o,torso,forbiddingly,10,1.500000,1.269296
gpt4o,torso,formally,10,1.900000,1.663330
gpt4o,torso,foster,10,2.000000,1.054093
gpt4o,torso,friday,10,1.100000,1.197219
gpt4o,torso,frown,10,0.700000,0.823273
gpt4o,torso,fruit salad,10,1.800000,0.918937
gpt4o,torso,fumigant,10,2.600000,1.429841
gpt4o,torso,funeral home,10,2.600000,1.074968
gpt4o,torso,garter belt,10,2.500000,0.707107
gpt4o,torso,ghastly,10,2.200000,1.135292
gpt4o,torso,google,10,1.000000,1.054093
gpt4o,torso,grader,10,1.700000,0.823273
gpt4o,torso,grandbaby,10,2.000000,0.942809
gpt4o,torso,greenish,10,1.300000,1.159502
gpt4o,torso,gulp,10,1.900000,0.875595
gpt4o,torso,gushiness,10,2.700000,0.823273
gpt4o,torso,hailstorm,10,2.600000,0.966092
gpt4o,torso,halfcocked,10,1.100000,1.100505
gpt4o,torso,happen,10,1.500000,1.178511
gpt4o,torso,harm,10,3.000000,1.154701
gpt4o,torso,havoc,10,3.100000,0.737865
gpt4o,torso,hemophilia,10,2.900000,1.100505
gpt4o,torso,heterosexual,10,2.400000,1.505545
gpt4o,torso,highhanded,10,1.500000,1.080123
gpt4o,torso,himself,10,1.600000,1.074968
gpt4o,torso,hindrance,10,2.400000,1.074968
gpt4o,torso,homestead,10,2.600000,1.349897
gpt4o,torso,housemaster,10,1.500000,1.269296
gpt4o,torso,hysteric,10,1.800000,1.229273
gpt4o,torso,icing,10,2.000000,1.247219
gpt4o,torso,illness,10,3.800000,0.632456
gpt4o,torso,immigrant,10,2.300000,1.159502
gpt4o,torso,impolite,10,1.400000,1.173788
gpt4o,torso,inaudibility,10,0.800000,0.918937
gpt4o,torso,inaugural,10,2.200000,1.135292
gpt4o,torso,indirectly,10,1.400000,0.966092
gpt4o,torso,inflamer,10,2.300000,1.059350
gpt4o,torso,inflaming,10,3.700000,0.948683
gpt4o,torso,inflexibly,10,2.300000,0.948683
gpt4o,torso,institutional,10,1.500000,0.971825
gpt4o,torso,instrumentally,10,2.000000,1.154701
gpt4o,torso,intercept,10,2.100000,1.286684
gpt4o,torso,intergrowth,10,2.400000,0.699206
gpt4o,torso,intern,10,1.600000,1.173788
gpt4o,torso,internalization,10,2.000000,1.054093
gpt4o,torso,intoxicating,10,3.100000,0.994429
gpt4o,torso,keel,10,2.000000,1.054093
gpt4o,torso,keycard,10,1.200000,1.032796
gpt4o,torso,kind,10,1.200000,1.229273
gpt4o,torso,klutziness,10,1.800000,1.619328
gpt4o,torso,lag,10,1.400000,0.843274
gpt4o,torso,laser,10,1.300000,0.674949
gpt4o,torso,leaflet,10,1.000000,0.942809
gpt4o,torso,leanness,10,3.000000,1.054093
gpt4o,torso,lessening,10,2.400000,0.966092
gpt4o,torso,light beam,10,0.900000,0.994429
gpt4o,torso,lightless,10,1.000000,1.154701
gpt4o,torso,lightswitch,10,1.400000,0.843274
gpt4o,torso,lingual,10,1.000000,1.247219
gpt4o,torso,lipid,10,2.000000,1.247219
gpt4o,torso,liver,10,4.200000,0.788811
gpt4o,torso,logrolling,10,2.600000,0.843274
gpt4o,torso,looping,10,1.700000,0.823273
gpt4o,torso,loosely,10,1.500000,0.707107
gpt4o,torso,looseness,10,2.700000,1.251666
gpt4o,torso,lustrously,10,1.100000,0.737865
gpt4o,torso,makeover,10,2.300000,1.159502
gpt4o,torso,manly,10,2.400000,0.843274
gpt4o,torso,marbling,10,2.200000,1.135292
gpt4o,torso,married,10,2.500000,1.433721
gpt4o,torso,may,10,1.200000,0.632456
gpt4o,torso,meal,10,2.600000,1.173788
gpt4o,torso,megawatt,10,0.900000,0.737865
gpt4o,torso,microcomputer,10,1.100000,0.875595
gpt4o,torso,midterm,10,1.400000,0.843274
gpt4o,torso,mirth,10,2.000000,1.333333
gpt4o,torso,misappropriate,10,1.800000,1.398412
gpt4o,torso,mischaracterize,10,1.000000,0.942809
gpt4o,torso,moneymaker,10,1.800000,1.475730
gpt4o,torso,monocle,10,0.300000,0.483046
gpt4o,torso,move on,10,1.800000,1.475730
gpt4o,torso,mull over,10,1.400000,0.843274
gpt4o,torso,multispecies,10,1.300000,1.251666
gpt4o,torso,nationalism,10,1.900000,1.286684
gpt4o,torso,nearsightedness,10,0.600000,0.966092
gpt4o,torso,needs,10,1.600000,1.173788
gpt4o,torso,newsmonger,10,2.000000,0.816497
gpt4o,torso,noncurrent,10,1.100000,0.737865
gpt4o,torso,nonproductively,10,1.900000,1.286684
gpt4o,torso,nonresistant,10,1.600000,1.074968
gpt4o,torso,nonsocial,10,1.300000,1.251666
gpt4o,torso,nosepiece,10,0.600000,0.699206
gpt4o,torso,noun,10,0.300000,0.483046
gpt4o,torso,old fashioned,10,1.500000,1.178511
gpt4o,torso,oscillate,10,2.200000,0.918937
gpt4o,torso,ought,10,1.400000,0.843274
gpt4o,torso,outpour,10,3.000000,0.471405
gpt4o,torso,outrun,10,2.800000,0.632456
gpt4o,torso,outtake,10,1.100000,1.197219
gpt4o,torso,papyrus,10,1.600000,0.843274
gpt4o,torso,partygoer,10,2.700000,1.059350
gpt4o,torso,passenger ship,10,2.200000,1.316561
gpt4o,torso,patio,10,1.200000,0.918937
gpt4o,torso,peewee,10,1.400000,0.843274
gpt4o,torso,perceptibly,10,2.100000,1.100505
gpt4o,torso,perilously,10,1.800000,1.475730
gpt4o,torso,persistent,10,2.200000,1.316561
gpt4o,torso,pessimism,10,1.300000,1.059350
gpt4o,torso,placenta,10,4.300000,0.948683
gpt4o,torso,politician,10,2.200000,1.135292
gpt4o,torso,postmodernist,10,1.100000,1.286684
gpt4o,torso,precarious,10,2.800000,0.632456
gpt4o,torso,precollege,10,1.700000,1.159502
gpt4o,torso,predator,10,3.000000,0.666667
gpt4o,torso,premarital,10,2.200000,1.135292
gpt4o,torso,prime,10,1.400000,1.173788
gpt4o,torso,primitive,10,2.300000,1.702939
gpt4o,torso,probation officer,10,1.500000,0.971825
gpt4o,torso,prohibit,10,1.500000,0.849837
gpt4o,torso,prop up,10,2.500000,0.849837
gpt4o,torso,protestor,10,2.700000,1.059350
gpt4o,torso,prudishness,10,1.500000,0.971825
gpt4o,torso,psycho,10,1.500000,1.269296
gpt4o,torso,quill,10,0.800000,0.632456
gpt4o,torso,rebuild,10,2.700000,0.823273
gpt4o,torso,reconnect,10,1.600000,1.173788
gpt4o,torso,reeducation,10,2.000000,1.054093
gpt4o,torso,regenerate,10,2.900000,1.100505
gpt4o,torso,regression,10,1.800000,0.918937
gpt4o,torso,reinitiate,10,1.500000,0.971825
gpt4o,torso,residual,10,2.100000,1.100505
gpt4o,torso,reviving,10,3.600000,0.843274
gpt4o,torso,reward,10,2.400000,1.074968
gpt4o,torso,rewash,10,1.700000,0.823273
gpt4o,torso,rhino,10,2.400000,0.699206
gpt4o,torso,ringing,10,1.100000,1.197219
gpt4o,torso,ripen,10,1.900000,0.994429
gpt4o,torso,roaming,10,2.000000,1.154701
gpt4o,torso,rockstar,10,2.400000,0.699206
gpt4o,torso,sacredness,10,1.500000,1.178511
gpt4o,torso,sadly,10,1.400000,0.966092
gpt4o,torso,safflower,10,1.100000,1.370320
gpt4o,torso,salting,10,1.300000,0.823273
gpt4o,torso,sandblaster,10,1.300000,1.059350
gpt4o,torso,scapegoat,10,1.400000,0.966092
gpt4o,torso,scrupulously,10,1.400000,0.966092
gpt4o,torso,sealer,10,1.300000,0.823273
gpt4o,torso,seeder,10,1.200000,1.032796
gpt4o,torso,senile,10,1.800000,0.788811
gpt4o,torso,september,10,1.000000,1.054093
gpt4o,torso,sexploitation,10,2.700000,0.674949
gpt4o,torso,sharpener,10,0.700000,0.823273
gpt4o,torso,shed,10,2.300000,1.418136
gpt4o,torso,shenanigan,10,1.300000,1.337494
gpt4o,torso,shirtless,10,3.900000,1.100505
gpt4o,torso,shivering,10,3.400000,0.966092
gpt4o,torso,shutterbug,10,1.300000,0.823273
gpt4o,torso,sieve,10,1.000000,0.816497
gpt4o,torso,silly,10,1.900000,0.875595
gpt4o,torso,silversmith,10,1.700000,1.159502
gpt4o,torso,skirted,10,1.900000,0.875595
gpt4o,torso,slouch,10,3.200000,1.032796
gpt4o,torso,snipping,10,1.500000,1.178511
gpt4o,torso,snuffbox,10,0.700000,0.823273
gpt4o,torso,solicitor,10,1.400000,0.966092
gpt4o,torso,spank,10,2.400000,1.173788
gpt4o,torso,spare parts,10,1.500000,1.178511
gpt4o,torso,specialty,10,1.300000,0.948683
gpt4o,torso,spindling,10,1.500000,1.178511
gpt4o,torso,spinout,10,2.400000,1.074968
gpt4o,torso,stereo,10,1.000000,0.942809
gpt4o,torso,stew,10,3.000000,1.414214
gpt4o,torso,streamlined,10,1.900000,1.100505
gpt4o,torso,substituting,10,1.700000,0.823273
gpt4o,torso,sundress,10,2.700000,1.251666
gpt4o,torso,superiorly,10,1.100000,0.737865
gpt4o,torso,suppository,10,3.600000,1.349897
gpt4o,torso,surprised,10,1.800000,0.918937
gpt4o,torso,sustainable,10,2.200000,1.032796
gpt4o,torso,swiftly,10,1.600000,1.173788
gpt4o,torso,synchronized,10,2.700000,1.337494
gpt4o,torso,syndication,10,1.600000,0.966092
gpt4o,torso,tableware,10,1.700000,1.159502
gpt4o,torso,take,10,2.400000,0.516398
gpt4o,torso,taller,10,2.800000,1.619328
gpt4o,torso,tarpaper,10,1.900000,0.994429
gpt4o,torso,thickheaded,10,1.300000,1.059350
gpt4o,torso,tiara,10,0.300000,0.483046
gpt4o,torso,tracker,10,1.400000,0.843274
gpt4o,torso,tranquil,10,1.800000,1.316561
gpt4o,torso,tunnel vision,10,1.200000,0.788811
gpt4o,torso,turmoil,10,2.900000,1.370320
gpt4o,torso,typographer,10,1.300000,1.159502
gpt4o,torso,unambiguously,10,1.300000,1.337494
gpt4o,torso,unconformity,10,1.100000,1.197219
gpt4o,torso,uncontrolled,10,2.800000,1.135292
gpt4o,torso,undernutrition,10,3.400000,0.966092
gpt4o,torso,understandingly,10,1.700000,0.823273
gpt4o,torso,unfoundedly,10,0.800000,0.632456
gpt4o,torso,unhealthful,10,2.800000,0.788811
gpt4o,torso,uninterruptible,10,1.300000,1.159502
gpt4o,torso,unknowably,10,1.000000,0.666667
gpt4o,torso,unlocked,10,1.100000,1.100505
gpt4o,torso,unmanageably,10,1.700000,1.494434
gpt4o,torso,unpurified,10,1.500000,0.849837
gpt4o,torso,unrushed,10,1.800000,1.135292
gpt4o,torso,unskilled,10,1.300000,0.674949
gpt4o,torso,unthinking,10,1.300000,0.948683
gpt4o,torso,untidy,10,2.400000,0.966092
gpt4o,torso,unturned,10,1.200000,1.032796
gpt4o,torso,unveiling,10,2.500000,0.527046
gpt4o,torso,unvisited,10,0.500000,0.527046
gpt4o,torso,valiantly,10,2.900000,0.737865
gpt4o,torso,vendingmachine,9,1.555556,1.333333
gpt4o,torso,vicious,10,2.200000,1.229273
gpt4o,torso,villa,10,1.700000,1.059350
gpt4o,torso,volatility,10,1.700000,1.251666
gpt4o,torso,warping,10,2.000000,1.414214
gpt4o,torso,washed out,10,1.700000,1.059350
gpt4o,torso,watch over,10,1.200000,1.135292
gpt4o,torso,water meter,10,1.800000,0.918937
gpt4o,torso,wayward,10,2.000000,1.054093
gpt4o,torso,weathertight,10,0.900000,0.875595
gpt4o,torso,webbing,10,1.800000,1.229273
gpt4o,torso,whitefish,10,1.100000,0.567646
gpt4o,torso,whooping,10,1.100000,0.994429
gpt4o,torso,wistful,10,1.200000,1.032796
gpt4o,torso,worsen,10,2.500000,1.269296
gpt4o,torso,wraithlike,10,1.900000,1.286684
gpt4o,torso,writhe,10,3.200000,1.316561
gpt4o,torso,yippee,10,1.100000,0.994429
gpt4o,torso,zap,10,2.000000,1.154701
