gpt4,foot,abbreviate,10,0.800000,1.549193
gpt4,foot,abode,10,1.200000,1.032796
gpt4,foot,abscessed,10,2.300000,1.636392
gpt4,foot,abyss,10,0.800000,0.918937
gpt4,foot,accordance,10,0.300000,0.483046
gpt4,foot,adjunct,10,0.400000,0.516398
gpt4,foot,adjustment,10,2.900000,1.197219
gpt4,foot,aerial,10,0.900000,1.100505
gpt4,foot,aerially,10,1.200000,1.229273
gpt4,foot,affective,10,1.000000,0.816497
gpt4,foot,aftersale,10,0.300000,0.483046
gpt4,foot,aftershave,10,0.500000,0.527046
gpt4,foot,aging,10,2.900000,1.595131
gpt4,foot,alertness,10,1.200000,1.316561
gpt4,foot,allusively,10,0.300000,0.483046
gpt4,foot,aloe vera,10,1.300000,1.567021
gpt4,foot,always,10,0.600000,0.843274
gpt4,foot,ambitiously,10,1.300000,1.567021
gpt4,foot,americanize,10,0.800000,0.788811
gpt4,foot,amid,10,0.600000,0.966092
gpt4,foot,antler,10,2.600000,1.955050
gpt4,foot,apply,10,2.900000,1.663330
gpt4,foot,appreciatory,10,0.400000,0.516398
gpt4,foot,arrestingly,10,0.600000,0.843274
gpt4,foot,assassin,10,1.700000,1.159502
gpt4,foot,assignment,10,0.900000,0.567646
gpt4,foot,atmosphere,10,0.400000,0.516398
gpt4,foot,atomic,10,0.400000,0.516398
gpt4,foot,auction off,10,1.000000,1.154701
gpt4,foot,avail,10,1.700000,1.159502
gpt4,foot,balcony,10,2.700000,1.766981
gpt4,foot,baseball bat,10,3.200000,2.097618
gpt4,foot,befoul,10,1.600000,1.349897
gpt4,foot,befuddlement,10,0.600000,0.699206
gpt4,foot,behavioral,10,0.700000,0.674949
gpt4,foot,beige,10,0.400000,0.516398
gpt4,foot,belatedness,10,0.500000,0.527046
gpt4,foot,bend,10,5.000000,0.000000
gpt4,foot,billfold,10,1.200000,1.619328
gpt4,foot,bimolecular,10,0.600000,0.699206
gpt4,foot,biosphere,10,0.400000,0.516398
gpt4,foot,blockheaded,10,0.400000,0.516398
gpt4,foot,bluecoat,10,1.200000,1.032796
gpt4,foot,body building,10,4.600000,0.966092
gpt4,foot,bomb,10,1.000000,0.942809
gpt4,foot,boo,10,0.500000,0.527046
gpt4,foot,boundless,10,0.400000,0.699206
gpt4,foot,brainchild,10,0.800000,0.788811
gpt4,foot,brains,10,0.400000,0.516398
gpt4,foot,bubbler,10,1.300000,1.494434
gpt4,foot,budget,10,0.400000,0.516398
gpt4,foot,bureaucrat,10,0.600000,0.699206
gpt4,foot,busted,10,3.200000,1.686548
gpt4,foot,call girl,10,1.800000,1.032796
gpt4,foot,camper,10,4.100000,1.100505
gpt4,foot,cancer,10,0.400000,0.516398
gpt4,foot,casing,10,2.000000,1.763834
gpt4,foot,cent,10,0.700000,0.948683
gpt4,foot,challenge,10,2.600000,1.429841
gpt4,foot,chart,10,0.800000,0.788811
gpt4,foot,cheerfulness,10,1.300000,1.059350
gpt4,foot,chemistry,10,0.900000,1.100505
gpt4,foot,choreograph,10,4.400000,0.843274
gpt4,foot,churchman,10,0.500000,0.527046
gpt4,foot,civil suit,10,0.400000,0.516398
gpt4,foot,cleaner,10,1.500000,1.649916
gpt4,foot,cleanup,10,3.500000,1.779513
gpt4,foot,clearinghouse,10,0.700000,0.674949
gpt4,foot,clergy,10,0.700000,0.674949
gpt4,foot,climatologic,10,0.600000,0.843274
gpt4,foot,cling to,10,3.300000,1.766981
gpt4,foot,clownery,10,1.900000,1.523884
gpt4,foot,coil,10,2.500000,1.840894
gpt4,foot,collaterally,10,0.600000,0.516398
gpt4,foot,colonize,10,1.200000,1.686548
gpt4,foot,color,10,0.500000,0.707107
gpt4,foot,comatose,10,0.600000,0.699206
gpt4,foot,combust,10,1.500000,1.080123
gpt4,foot,commotion,10,2.200000,1.229273
gpt4,foot,compatibility,10,0.800000,1.032796
gpt4,foot,complicated,10,0.800000,0.632456
gpt4,foot,compositionally,10,0.400000,0.516398
gpt4,foot,compromising,10,1.200000,0.788811
gpt4,foot,confusability,10,0.400000,0.699206
gpt4,foot,congruously,10,1.000000,1.563472
gpt4,foot,constitution,10,0.700000,0.823273
gpt4,foot,cope with,10,2.300000,1.828782
gpt4,foot,copyholder,10,0.400000,0.699206
gpt4,foot,corpse,10,1.900000,2.024846
gpt4,foot,crackers,10,0.900000,0.994429
gpt4,foot,critter,10,0.700000,1.251666
gpt4,foot,culmination,10,1.000000,0.942809
gpt4,foot,curative,10,1.000000,0.942809
gpt4,foot,cutlet,10,0.800000,1.032796
gpt4,foot,deactivation,10,1.600000,1.505545
gpt4,foot,debark,10,4.400000,1.074968
gpt4,foot,decadent,10,1.100000,0.875595
gpt4,foot,decentness,10,0.700000,0.823273
gpt4,foot,decorative,10,1.400000,1.173788
gpt4,foot,deferred,10,0.500000,0.849837
gpt4,foot,definitely,10,0.300000,0.483046
gpt4,foot,definitive,10,0.800000,0.632456
gpt4,foot,deformed,10,3.200000,1.619328
gpt4,foot,degreaser,10,0.900000,0.994429
gpt4,foot,demographically,10,0.400000,0.516398
gpt4,foot,deodorant,10,0.500000,0.707107
gpt4,foot,departmentalize,10,0.300000,0.483046
gpt4,foot,depreciatively,10,0.300000,0.483046
gpt4,foot,detacher,10,1.800000,1.751190
gpt4,foot,disentanglement,10,3.800000,1.475730
gpt4,foot,disorient,10,0.900000,0.737865
gpt4,foot,disproof,10,0.900000,1.100505
gpt4,foot,disrespectful,10,0.700000,0.674949
gpt4,foot,dissect,10,1.900000,2.233582
gpt4,foot,doglike,10,2.700000,2.162817
gpt4,foot,dough,10,0.900000,1.523884
gpt4,foot,doze,10,0.500000,0.707107
gpt4,foot,dragged,10,4.700000,0.948683
gpt4,foot,drearily,10,1.200000,0.918937
gpt4,foot,drudge,10,3.900000,1.595131
gpt4,foot,dry cleaner,10,2.100000,1.523884
gpt4,foot,early,10,0.500000,0.707107
gpt4,foot,economy,10,0.600000,0.699206
gpt4,foot,eight,10,0.400000,0.516398
gpt4,foot,electrometer,10,0.700000,0.948683
gpt4,foot,emergency exit,10,2.500000,1.957890
gpt4,foot,emulator,10,1.200000,1.229273
gpt4,foot,engaged,10,2.000000,1.943651
gpt4,foot,entrenchment,10,1.900000,1.791957
gpt4,foot,entrepreneurship,10,0.500000,0.527046
gpt4,foot,epilepsy,10,0.900000,0.737865
gpt4,foot,erogenous,10,3.600000,1.776388
gpt4,foot,evolvement,10,1.100000,1.663330
gpt4,foot,excommunicable,10,1.000000,0.816497
gpt4,foot,expression,10,0.800000,1.135292
gpt4,foot,extendibility,10,3.300000,1.702939
gpt4,foot,extensively,10,1.100000,1.197219
gpt4,foot,extractive,10,1.100000,1.197219
gpt4,foot,extremism,10,0.400000,0.516398
gpt4,foot,eye drops,10,0.100000,0.316228
gpt4,foot,eyewash,10,0.400000,0.516398
gpt4,foot,factory,10,1.200000,1.316561
gpt4,foot,fanged,10,1.300000,1.636392
gpt4,foot,fat cat,10,0.400000,0.516398
gpt4,foot,fiendlike,10,0.800000,0.632456
gpt4,foot,filmgoer,10,0.600000,0.699206
gpt4,foot,find,10,2.800000,1.475730
gpt4,foot,fireboat,10,1.500000,1.509231
gpt4,foot,firecracker,10,1.400000,1.577621
gpt4,foot,flammable,10,1.400000,1.264911
gpt4,foot,flute,10,0.600000,0.699206
gpt4,foot,foodstuff,10,1.200000,1.686548
gpt4,foot,forbiddingly,10,0.400000,0.699206
gpt4,foot,formally,10,1.300000,1.159502
gpt4,foot,foster,10,0.900000,0.737865
gpt4,foot,friday,10,0.400000,0.516398
gpt4,foot,frown,10,0.200000,0.421637
gpt4,foot,fruit salad,10,0.400000,0.516398
gpt4,foot,fumigant,10,0.600000,0.699206
gpt4,foot,funeral home,10,0.400000,0.516398
gpt4,foot,garter belt,10,2.600000,2.065591
gpt4,foot,ghastly,10,0.800000,0.632456
gpt4,foot,google,10,1.000000,1.154701
gpt4,foot,grader,10,2.100000,1.728840
gpt4,foot,grandbaby,10,1.700000,1.636392
gpt4,foot,greenish,10,0.400000,0.516398
gpt4,foot,gulp,10,0.500000,0.527046
gpt4,foot,gushiness,10,1.200000,1.135292
gpt4,foot,hailstorm,10,2.900000,1.663330
gpt4,foot,halfcocked,10,0.700000,0.823273
gpt4,foot,happen,10,2.100000,1.595131
gpt4,foot,harm,10,4.200000,1.032796
gpt4,foot,havoc,10,3.300000,1.159502
gpt4,foot,hemophilia,10,2.000000,1.699673
gpt4,foot,heterosexual,10,1.000000,1.414214
gpt4,foot,highhanded,10,0.500000,0.707107
gpt4,foot,himself,10,3.300000,2.057507
gpt4,foot,hindrance,10,2.400000,1.429841
gpt4,foot,homestead,10,2.400000,1.429841
gpt4,foot,housemaster,10,0.800000,0.421637
gpt4,foot,hysteric,10,1.200000,0.918937
gpt4,foot,icing,10,1.400000,1.646545
gpt4,foot,illness,10,2.000000,1.333333
gpt4,foot,immigrant,10,1.700000,1.159502
gpt4,foot,impolite,10,0.500000,0.707107
gpt4,foot,inaudibility,10,0.400000,0.516398
gpt4,foot,inaugural,10,0.800000,1.032796
gpt4,foot,indirectly,10,0.700000,1.059350
gpt4,foot,inflamer,10,0.900000,0.994429
gpt4,foot,inflaming,10,2.200000,1.475730
gpt4,foot,inflexibly,10,0.800000,0.918937
gpt4,foot,institutional,10,0.400000,0.516398
gpt4,foot,instrumentally,10,1.400000,1.429841
gpt4,foot,intercept,10,2.200000,1.549193
gpt4,foot,intergrowth,10,0.800000,1.549193
gpt4,foot,intern,10,1.000000,0.942809
gpt4,foot,internalization,10,0.600000,0.516398
gpt4,foot,intoxicating,10,1.200000,0.918937
gpt4,foot,keel,10,3.500000,1.354006
gpt4,foot,keycard,10,0.500000,0.707107
gpt4,foot,kind,10,0.500000,0.707107
gpt4,foot,klutziness,10,4.700000,0.948683
gpt4,foot,lag,10,0.800000,0.788811
gpt4,foot,laser,10,1.500000,1.509231
gpt4,foot,leaflet,10,0.700000,0.823273
gpt4,foot,leanness,10,2.800000,2.097618
gpt4,foot,lessening,10,2.100000,0.994429
gpt4,foot,light beam,10,0.700000,0.674949
gpt4,foot,lightless,10,0.400000,0.516398
gpt4,foot,lightswitch,10,1.100000,1.852926
gpt4,foot,lingual,10,0.200000,0.421637
gpt4,foot,lipid,10,0.200000,0.421637
gpt4,foot,liver,10,0.300000,0.483046
gpt4,foot,logrolling,10,5.000000,0.000000
gpt4,foot,looping,10,3.300000,1.494434
gpt4,foot,loosely,10,1.300000,1.251666
gpt4,foot,looseness,10,2.100000,1.100505
gpt4,foot,lustrously,10,0.600000,0.516398
gpt4,foot,makeover,10,1.600000,1.173788
gpt4,foot,manly,10,1.600000,1.505545
gpt4,foot,marbling,10,1.000000,1.333333
gpt4,foot,married,10,0.600000,0.699206
gpt4,foot,may,10,0.900000,1.100505
gpt4,foot,meal,10,0.700000,0.948683
gpt4,foot,megawatt,10,0.600000,0.966092
gpt4,foot,microcomputer,10,0.600000,0.699206
gpt4,foot,midterm,10,0.400000,0.516398
gpt4,foot,mirth,10,0.600000,0.699206
gpt4,foot,misappropriate,10,0.900000,0.875595
gpt4,foot,mischaracterize,10,0.400000,0.699206
gpt4,foot,moneymaker,10,0.400000,0.699206
gpt4,foot,monocle,10,0.300000,0.483046
gpt4,foot,move on,10,2.900000,1.852926
gpt4,foot,mull over,10,0.400000,0.699206
gpt4,foot,multispecies,10,0.600000,0.843274
gpt4,foot,nationalism,10,0.300000,0.483046
gpt4,foot,nearsightedness,10,0.500000,0.707107
gpt4,foot,needs,10,1.200000,1.135292
gpt4,foot,newsmonger,10,0.500000,0.527046
gpt4,foot,noncurrent,10,1.000000,0.942809
gpt4,foot,nonproductively,10,1.400000,1.264911
gpt4,foot,nonresistant,10,1.100000,0.737865
gpt4,foot,nonsocial,10,0.900000,0.737865
gpt4,foot,nosepiece,10,0.600000,0.516398
gpt4,foot,noun,10,0.400000,0.516398
gpt4,foot,old fashioned,10,0.400000,0.516398
gpt4,foot,oscillate,10,2.900000,1.286684
gpt4,foot,ought,10,1.100000,0.994429
gpt4,foot,outpour,10,1.500000,1.433721
gpt4,foot,outrun,10,5.000000,0.000000
gpt4,foot,outtake,10,0.500000,0.707107
gpt4,foot,papyrus,10,1.500000,1.715938
gpt4,foot,partygoer,10,3.600000,1.349897
gpt4,foot,passenger ship,10,1.500000,1.269296
gpt4,foot,patio,10,0.800000,0.918937
gpt4,foot,peewee,10,1.800000,1.229273
gpt4,foot,perceptibly,10,1.400000,1.505545
gpt4,foot,perilously,10,4.000000,1.333333
gpt4,foot,persistent,10,0.900000,0.875595
gpt4,foot,pessimism,10,0.500000,0.849837
gpt4,foot,placenta,10,0.300000,0.483046
gpt4,foot,politician,10,0.600000,0.699206
gpt4,foot,postmodernist,10,0.700000,0.483046
gpt4,foot,precarious,10,1.100000,1.286684
gpt4,foot,precollege,10,0.300000,0.483046
gpt4,foot,predator,10,3.400000,1.429841
gpt4,foot,premarital,10,0.300000,0.483046
gpt4,foot,prime,10,0.700000,0.483046
gpt4,foot,primitive,10,1.500000,0.849837
gpt4,foot,probation officer,10,0.400000,0.516398
gpt4,foot,prohibit,10,1.200000,1.619328
gpt4,foot,prop up,10,3.100000,1.852926
gpt4,foot,protestor,10,2.800000,1.549193
gpt4,foot,prudishness,10,0.800000,0.632456
gpt4,foot,psycho,10,0.900000,0.737865
gpt4,foot,quill,10,1.000000,1.054093
gpt4,foot,rebuild,10,2.700000,1.251666
gpt4,foot,reconnect,10,1.600000,0.966092
gpt4,foot,reeducation,10,0.800000,0.632456
gpt4,foot,regenerate,10,1.400000,1.173788
gpt4,foot,regression,10,0.600000,0.843274
gpt4,foot,reinitiate,10,1.000000,0.816497
gpt4,foot,residual,10,0.500000,0.707107
gpt4,foot,reviving,10,2.000000,1.054093
gpt4,foot,reward,10,1.200000,1.549193
gpt4,foot,rewash,10,3.800000,1.549193
gpt4,foot,rhino,10,2.500000,2.068279
gpt4,foot,ringing,10,0.300000,0.483046
gpt4,foot,ripen,10,2.000000,1.490712
gpt4,foot,roaming,10,4.500000,0.527046
gpt4,foot,rockstar,10,2.000000,1.563472
gpt4,foot,sacredness,10,0.800000,0.632456
gpt4,foot,sadly,10,0.300000,0.483046
gpt4,foot,safflower,10,1.700000,1.636392
gpt4,foot,salting,10,2.800000,2.097618
gpt4,foot,sandblaster,10,2.000000,2.054805
gpt4,foot,scapegoat,10,0.400000,0.516398
gpt4,foot,scrupulously,10,0.800000,0.788811
gpt4,foot,sealer,10,0.700000,0.948683
gpt4,foot,seeder,10,3.200000,1.549193
gpt4,foot,senile,10,1.000000,0.942809
gpt4,foot,september,10,0.400000,0.516398
gpt4,foot,sexploitation,10,0.500000,0.527046
gpt4,foot,sharpener,10,0.400000,0.516398
gpt4,foot,shed,10,2.500000,1.715938
gpt4,foot,shenanigan,10,2.400000,1.646545
gpt4,foot,shirtless,10,0.800000,0.788811
gpt4,foot,shivering,10,2.700000,1.946507
gpt4,foot,shutterbug,10,0.900000,0.875595
gpt4,foot,sieve,10,0.600000,0.699206
gpt4,foot,silly,10,1.200000,1.135292
gpt4,foot,silversmith,10,1.700000,1.702939
gpt4,foot,skirted,10,3.200000,2.250926
gpt4,foot,slouch,10,2.500000,1.957890
gpt4,foot,snipping,10,2.200000,1.549193
gpt4,foot,snuffbox,10,0.300000,0.674949
gpt4,foot,solicitor,10,0.400000,0.516398
gpt4,foot,spank,10,2.800000,1.813529
gpt4,foot,spare parts,10,2.700000,2.162817
gpt4,foot,specialty,10,1.200000,1.229273
gpt4,foot,spindling,10,1.800000,1.988858
gpt4,foot,spinout,10,4.200000,1.032796
gpt4,foot,stereo,10,0.400000,0.699206
gpt4,foot,stew,10,0.900000,0.994429
gpt4,foot,streamlined,10,1.400000,1.173788
gpt4,foot,substituting,10,1.200000,1.229273
gpt4,foot,sundress,10,3.400000,1.837873
gpt4,foot,superiorly,10,0.600000,0.699206
gpt4,foot,suppository,10,1.700000,2.311805
gpt4,foot,surprised,10,0.800000,0.918937
gpt4,foot,sustainable,10,0.800000,1.032796
gpt4,foot,swiftly,10,4.400000,1.264911
gpt4,foot,synchronized,10,2.600000,1.505545
gpt4,foot,syndication,10,0.300000,0.483046
gpt4,foot,tableware,10,1.000000,1.414214
gpt4,foot,take,10,3.300000,1.567021
gpt4,foot,taller,10,2.800000,1.932184
gpt4,foot,tarpaper,10,1.300000,0.948683
gpt4,foot,thickheaded,10,0.600000,1.074968
gpt4,foot,tiara,10,0.300000,0.483046
gpt4,foot,tracker,10,1.500000,1.269296
gpt4,foot,tranquil,10,1.000000,0.816497
gpt4,foot,tunnel vision,10,0.300000,0.483046
gpt4,foot,turmoil,10,0.700000,0.823273
gpt4,foot,typographer,10,0.600000,0.843274
gpt4,foot,unambiguously,10,0.300000,0.483046
gpt4,foot,unconformity,10,1.000000,0.816497
gpt4,foot,uncontrolled,10,2.300000,1.567021
gpt4,foot,undernutrition,10,0.600000,0.699206
gpt4,foot,understandingly,10,0.600000,0.843274
gpt4,foot,unfoundedly,10,0.400000,0.516398
gpt4,foot,unhealthful,10,1.700000,1.494434
gpt4,foot,uninterruptible,10,0.400000,0.699206
gpt4,foot,unknowably,10,0.300000,0.483046
gpt4,foot,unlocked,10,1.700000,1.494434
gpt4,foot,unmanageably,10,3.000000,1.763834
gpt4,foot,unpurified,10,0.400000,0.516398
gpt4,foot,unrushed,10,0.500000,0.707107
gpt4,foot,unskilled,10,1.800000,1.475730
gpt4,foot,unthinking,10,0.400000,0.699206
gpt4,foot,untidy,10,2.300000,1.418136
gpt4,foot,unturned,10,0.600000,0.966092
gpt4,foot,unveiling,10,1.100000,0.994429
gpt4,foot,unvisited,10,0.700000,0.823273
gpt4,foot,valiantly,10,2.600000,1.646545
gpt4,foot,vendingmachine,3,0.666667,1.154701
gpt4,foot,vicious,10,1.500000,0.849837
gpt4,foot,villa,10,0.800000,0.918937
gpt4,foot,volatility,10,1.200000,1.135292
gpt4,foot,warping,10,3.600000,1.837873
gpt4,foot,washed out,10,0.900000,0.737865
gpt4,foot,watch over,10,1.500000,1.080123
gpt4,foot,water meter,10,1.300000,1.636392
gpt4,foot,wayward,10,1.500000,1.581139
gpt4,foot,weathertight,10,0.800000,1.229273
gpt4,foot,webbing,10,1.900000,2.131770
gpt4,foot,whitefish,10,0.800000,0.788811
gpt4,foot,whooping,10,0.500000,0.849837
gpt4,foot,wistful,10,0.800000,0.632456
gpt4,foot,worsen,10,0.900000,1.100505
gpt4,foot,wraithlike,10,0.300000,0.483046
gpt4,foot,writhe,10,4.300000,1.059350
gpt4,foot,yippee,10,0.600000,0.699206
gpt4,foot,zap,10,1.500000,1.178511
gpt4,hand,abbreviate,10,2.000000,2.211083
gpt4,hand,abode,10,1.200000,1.032796
gpt4,hand,abscessed,10,1.900000,1.595131
gpt4,hand,abyss,10,0.900000,1.197219
gpt4,hand,accordance,10,0.500000,0.971825
gpt4,hand,adjunct,10,1.100000,0.994429
gpt4,hand,adjustment,10,4.100000,0.737865
gpt4,hand,aerial,10,1.300000,0.948683
gpt4,hand,aerially,10,1.800000,1.686548
gpt4,hand,affective,10,1.300000,0.823273
gpt4,hand,aftersale,10,0.900000,1.286684
gpt4,hand,aftershave,10,3.200000,1.988858
gpt4,hand,aging,10,1.900000,1.449138
gpt4,hand,alertness,10,1.900000,1.523884
gpt4,hand,allusively,10,0.600000,0.966092
gpt4,hand,aloe vera,10,3.900000,1.370320
gpt4,hand,always,10,0.700000,1.059350
gpt4,hand,ambitiously,10,2.000000,1.699673
gpt4,hand,americanize,10,1.100000,0.994429
gpt4,hand,amid,10,0.600000,0.966092
gpt4,hand,antler,10,3.200000,2.097618
gpt4,hand,apply,10,4.900000,0.316228
gpt4,hand,appreciatory,10,0.700000,0.948683
gpt4,hand,arrestingly,10,0.700000,0.674949
gpt4,hand,assassin,10,4.200000,0.918937
gpt4,hand,assignment,10,3.200000,1.619328
gpt4,hand,atmosphere,10,0.400000,0.516398
gpt4,hand,atomic,10,0.500000,0.707107
gpt4,hand,auction off,10,4.800000,0.632456
gpt4,hand,avail,10,2.500000,0.849837
gpt4,hand,balcony,10,2.000000,1.563472
gpt4,hand,baseball bat,10,5.000000,0.000000
gpt4,hand,befoul,10,1.600000,1.349897
gpt4,hand,befuddlement,10,0.700000,0.674949
gpt4,hand,behavioral,10,0.900000,0.875595
gpt4,hand,beige,10,0.400000,0.516398
gpt4,hand,belatedness,10,0.500000,0.527046
gpt4,hand,bend,10,4.300000,1.059350
gpt4,hand,billfold,10,4.700000,0.948683
gpt4,hand,bimolecular,10,0.800000,0.788811
gpt4,hand,biosphere,10,0.500000,0.527046
gpt4,hand,blockheaded,10,0.400000,0.516398
gpt4,hand,bluecoat,10,1.600000,1.577621
gpt4,hand,body building,10,4.900000,0.316228
gpt4,hand,bomb,10,0.900000,0.875595
gpt4,hand,boo,10,0.600000,0.843274
gpt4,hand,boundless,10,0.400000,0.699206
gpt4,hand,brainchild,10,1.000000,0.816497
gpt4,hand,brains,10,1.000000,1.333333
gpt4,hand,bubbler,10,4.500000,0.971825
gpt4,hand,budget,10,1.600000,1.577621
gpt4,hand,bureaucrat,10,0.900000,0.994429
gpt4,hand,busted,10,2.600000,1.776388
gpt4,hand,call girl,10,2.400000,0.966092
gpt4,hand,camper,10,4.100000,1.370320
gpt4,hand,cancer,10,0.600000,0.966092
gpt4,hand,casing,10,4.200000,1.032796
gpt4,hand,cent,10,2.800000,2.394438
gpt4,hand,challenge,10,4.300000,0.823273
gpt4,hand,chart,10,4.600000,1.264911
gpt4,hand,cheerfulness,10,1.900000,1.449138
gpt4,hand,chemistry,10,1.500000,1.649916
gpt4,hand,choreograph,10,4.900000,0.316228
gpt4,hand,churchman,10,1.000000,0.816497
gpt4,hand,civil suit,10,0.800000,0.632456
gpt4,hand,cleaner,10,4.900000,0.316228
gpt4,hand,cleanup,10,4.900000,0.316228
gpt4,hand,clearinghouse,10,2.000000,1.763834
gpt4,hand,clergy,10,0.900000,0.567646
gpt4,hand,climatologic,10,0.400000,0.516398
gpt4,hand,cling to,10,4.800000,0.421637
gpt4,hand,clownery,10,3.300000,1.702939
gpt4,hand,coil,10,4.900000,0.316228
gpt4,hand,collaterally,10,0.700000,0.674949
gpt4,hand,colonize,10,1.700000,1.494434
gpt4,hand,color,10,1.800000,1.475730
gpt4,hand,comatose,10,0.500000,0.527046
gpt4,hand,combust,10,1.600000,1.173788
gpt4,hand,commotion,10,2.400000,0.966092
gpt4,hand,compatibility,10,0.700000,0.948683
gpt4,hand,complicated,10,1.500000,0.527046
gpt4,hand,compositionally,10,1.000000,1.632993
gpt4,hand,compromising,10,1.800000,0.918937
gpt4,hand,confusability,10,0.500000,0.707107
gpt4,hand,congruously,10,1.300000,1.636392
gpt4,hand,constitution,10,0.900000,1.100505
gpt4,hand,cope with,10,4.100000,0.994429
gpt4,hand,copyholder,10,3.200000,2.097618
gpt4,hand,corpse,10,1.700000,1.888562
gpt4,hand,crackers,10,3.600000,1.955050
gpt4,hand,critter,10,1.200000,1.135292
gpt4,hand,culmination,10,1.200000,0.788811
gpt4,hand,curative,10,1.700000,1.337494
gpt4,hand,cutlet,10,3.100000,1.595131
gpt4,hand,deactivation,10,4.000000,1.154701
gpt4,hand,debark,10,3.600000,1.264911
gpt4,hand,decadent,10,1.400000,1.173788
gpt4,hand,decentness,10,1.000000,1.054093
gpt4,hand,decorative,10,3.800000,1.229273
gpt4,hand,deferred,10,0.500000,0.527046
gpt4,hand,definitely,10,0.500000,0.527046
gpt4,hand,definitive,10,0.900000,0.567646
gpt4,hand,deformed,10,2.700000,1.702939
gpt4,hand,degreaser,10,4.900000,0.316228
gpt4,hand,demographically,10,0.500000,0.527046
gpt4,hand,deodorant,10,3.800000,1.873796
gpt4,hand,departmentalize,10,0.900000,1.100505
gpt4,hand,depreciatively,10,0.500000,0.707107
gpt4,hand,detacher,10,4.400000,1.074968
gpt4,hand,disentanglement,10,4.400000,0.843274
gpt4,hand,disorient,10,0.800000,0.632456
gpt4,hand,disproof,10,1.300000,1.059350
gpt4,hand,disrespectful,10,1.100000,0.994429
gpt4,hand,dissect,10,5.000000,0.000000
gpt4,hand,doglike,10,2.100000,1.728840
gpt4,hand,dough,10,4.600000,0.699206
gpt4,hand,doze,10,0.500000,0.707107
gpt4,hand,dragged,10,4.700000,0.674949
gpt4,hand,drearily,10,1.100000,0.737865
gpt4,hand,drudge,10,4.100000,1.370320
gpt4,hand,dry cleaner,10,3.200000,1.751190
gpt4,hand,early,10,0.400000,0.699206
gpt4,hand,economy,10,0.700000,0.674949
gpt4,hand,eight,10,0.700000,1.251666
gpt4,hand,electrometer,10,4.900000,0.316228
gpt4,hand,emergency exit,10,3.000000,1.247219
gpt4,hand,emulator,10,2.700000,1.337494
gpt4,hand,engaged,10,3.300000,1.494434
gpt4,hand,entrenchment,10,2.600000,1.577621
gpt4,hand,entrepreneurship,10,1.800000,1.619328
gpt4,hand,epilepsy,10,0.900000,0.567646
gpt4,hand,erogenous,10,3.800000,1.619328
gpt4,hand,evolvement,10,1.300000,1.567021
gpt4,hand,excommunicable,10,0.900000,0.737865
gpt4,hand,expression,10,2.600000,1.074968
gpt4,hand,extendibility,10,4.700000,0.674949
gpt4,hand,extensively,10,1.100000,0.994429
gpt4,hand,extractive,10,2.900000,1.523884
gpt4,hand,extremism,10,0.500000,0.527046
gpt4,hand,eye drops,10,3.400000,2.170509
gpt4,hand,eyewash,10,1.300000,1.418136
gpt4,hand,factory,10,1.800000,1.988858
gpt4,hand,fanged,10,1.800000,2.097618
gpt4,hand,fat cat,10,0.800000,0.918937
gpt4,hand,fiendlike,10,1.200000,0.788811
gpt4,hand,filmgoer,10,0.900000,0.994429
gpt4,hand,find,10,4.700000,0.674949
gpt4,hand,fireboat,10,1.700000,1.567021
gpt4,hand,firecracker,10,3.600000,1.349897
gpt4,hand,flammable,10,1.300000,1.159502
gpt4,hand,flute,10,4.100000,1.595131
gpt4,hand,foodstuff,10,3.500000,2.013841
gpt4,hand,forbiddingly,10,0.400000,0.699206
gpt4,hand,formally,10,1.600000,1.074968
gpt4,hand,foster,10,2.200000,1.398412
gpt4,hand,friday,10,0.400000,0.516398
gpt4,hand,frown,10,0.500000,0.707107
gpt4,hand,fruit salad,10,4.200000,1.475730
gpt4,hand,fumigant,10,1.100000,0.875595
gpt4,hand,funeral home,10,0.600000,0.699206
gpt4,hand,garter belt,10,1.800000,1.932184
gpt4,hand,ghastly,10,0.800000,0.632456
gpt4,hand,google,10,4.300000,1.059350
gpt4,hand,grader,10,3.000000,2.000000
gpt4,hand,grandbaby,10,4.400000,1.264911
gpt4,hand,greenish,10,0.400000,0.516398
gpt4,hand,gulp,10,0.800000,0.918937
gpt4,hand,gushiness,10,1.400000,0.699206
gpt4,hand,hailstorm,10,0.600000,0.699206
gpt4,hand,halfcocked,10,0.800000,0.918937
gpt4,hand,happen,10,2.200000,1.475730
gpt4,hand,harm,10,4.200000,1.135292
gpt4,hand,havoc,10,3.100000,1.286684
gpt4,hand,hemophilia,10,1.000000,1.054093
gpt4,hand,heterosexual,10,1.000000,1.054093
gpt4,hand,highhanded,10,0.900000,1.286684
gpt4,hand,himself,10,3.800000,1.813529
gpt4,hand,hindrance,10,2.700000,1.337494
gpt4,hand,homestead,10,2.300000,1.159502
gpt4,hand,housemaster,10,1.600000,1.429841
gpt4,hand,hysteric,10,1.700000,1.059350
gpt4,hand,icing,10,4.900000,0.316228
gpt4,hand,illness,10,1.300000,0.948683
gpt4,hand,immigrant,10,1.300000,1.059350
gpt4,hand,impolite,10,0.600000,0.966092
gpt4,hand,inaudibility,10,0.500000,0.527046
gpt4,hand,inaugural,10,1.000000,0.942809
gpt4,hand,indirectly,10,0.700000,1.059350
gpt4,hand,inflamer,10,1.500000,1.433721
gpt4,hand,inflaming,10,2.100000,1.663330
gpt4,hand,inflexibly,10,0.900000,1.286684
gpt4,hand,institutional,10,0.600000,0.699206
gpt4,hand,instrumentally,10,4.300000,0.823273
gpt4,hand,intercept,10,3.500000,1.080123
gpt4,hand,intergrowth,10,0.600000,0.966092
gpt4,hand,intern,10,2.300000,1.494434
gpt4,hand,internalization,10,0.700000,0.483046
gpt4,hand,intoxicating,10,1.900000,0.737865
gpt4,hand,keel,10,2.200000,1.549193
gpt4,hand,keycard,10,5.000000,0.000000
gpt4,hand,kind,10,0.500000,0.707107
gpt4,hand,klutziness,10,4.800000,0.632456
gpt4,hand,lag,10,0.700000,0.674949
gpt4,hand,laser,10,2.800000,1.751190
gpt4,hand,leaflet,10,4.800000,0.421637
gpt4,hand,leanness,10,2.100000,1.969207
gpt4,hand,lessening,10,2.200000,0.632456
gpt4,hand,light beam,10,1.000000,0.816497
gpt4,hand,lightless,10,0.500000,0.527046
gpt4,hand,lightswitch,10,4.900000,0.316228
gpt4,hand,lingual,10,0.200000,0.421637
gpt4,hand,lipid,10,0.900000,1.523884
gpt4,hand,liver,10,0.500000,0.527046
gpt4,hand,logrolling,10,4.100000,1.595131
gpt4,hand,looping,10,3.200000,1.398412
gpt4,hand,loosely,10,1.600000,1.505545
gpt4,hand,looseness,10,1.400000,0.966092
gpt4,hand,lustrously,10,0.900000,0.737865
gpt4,hand,makeover,10,4.400000,0.843274
gpt4,hand,manly,10,1.700000,1.567021
gpt4,hand,marbling,10,3.400000,2.118700
gpt4,hand,married,10,1.400000,1.173788
gpt4,hand,may,10,1.100000,0.994429
gpt4,hand,meal,10,3.900000,1.595131
gpt4,hand,megawatt,10,0.500000,0.707107
gpt4,hand,microcomputer,10,5.000000,0.000000
gpt4,hand,midterm,10,1.200000,0.632456
gpt4,hand,mirth,10,0.900000,0.737865
gpt4,hand,misappropriate,10,3.600000,1.776388
gpt4,hand,mischaracterize,10,0.800000,1.032796
gpt4,hand,moneymaker,10,1.800000,1.619328
gpt4,hand,monocle,10,1.100000,1.595131
gpt4,hand,move on,10,3.700000,1.494434
gpt4,hand,mull over,10,0.800000,1.316561
gpt4,hand,multispecies,10,0.700000,0.674949
gpt4,hand,nationalism,10,0.400000,0.699206
gpt4,hand,nearsightedness,10,0.600000,0.699206
gpt4,hand,needs,10,1.600000,1.349897
gpt4,hand,newsmonger,10,1.000000,1.054093
gpt4,hand,noncurrent,10,0.900000,0.737865
gpt4,hand,nonproductively,10,1.400000,1.264911
gpt4,hand,nonresistant,10,1.500000,0.971825
gpt4,hand,nonsocial,10,0.900000,0.567646
gpt4,hand,nosepiece,10,2.300000,2.162817
gpt4,hand,noun,10,0.600000,0.699206
gpt4,hand,old fashioned,10,0.700000,0.674949
gpt4,hand,oscillate,10,3.100000,1.370320
gpt4,hand,ought,10,1.400000,1.074968
gpt4,hand,outpour,10,2.400000,1.505545
gpt4,hand,outrun,10,2.900000,2.078995
gpt4,hand,outtake,10,0.900000,1.286684
gpt4,hand,papyrus,10,4.100000,1.197219
gpt4,hand,partygoer,10,4.200000,0.632456
gpt4,hand,passenger ship,10,1.300000,0.823273
gpt4,hand,patio,10,1.200000,1.316561
gpt4,hand,peewee,10,1.400000,0.966092
gpt4,hand,perceptibly,10,1.600000,1.577621
gpt4,hand,perilously,10,3.500000,1.509231
gpt4,hand,persistent,10,1.000000,1.054093
gpt4,hand,pessimism,10,0.400000,0.699206
gpt4,hand,placenta,10,0.300000,0.483046
gpt4,hand,politician,10,1.000000,0.942809
gpt4,hand,postmodernist,10,1.000000,0.666667
gpt4,hand,precarious,10,0.900000,0.994429
gpt4,hand,precollege,10,0.400000,0.699206
gpt4,hand,predator,10,3.000000,1.490712
gpt4,hand,premarital,10,0.500000,0.849837
gpt4,hand,prime,10,1.600000,1.173788
gpt4,hand,primitive,10,2.000000,0.816497
gpt4,hand,probation officer,10,1.900000,1.663330
gpt4,hand,prohibit,10,3.100000,1.370320
gpt4,hand,prop up,10,4.800000,0.421637
gpt4,hand,protestor,10,4.500000,0.707107
gpt4,hand,prudishness,10,0.900000,0.994429
gpt4,hand,psycho,10,1.000000,0.666667
gpt4,hand,quill,10,4.900000,0.316228
gpt4,hand,rebuild,10,4.500000,0.707107
gpt4,hand,reconnect,10,3.300000,1.418136
gpt4,hand,reeducation,10,1.200000,0.788811
gpt4,hand,regenerate,10,1.100000,0.994429
gpt4,hand,regression,10,0.900000,0.875595
gpt4,hand,reinitiate,10,1.400000,1.173788
gpt4,hand,residual,10,0.900000,0.737865
gpt4,hand,reviving,10,2.900000,0.875595
gpt4,hand,reward,10,3.900000,1.449138
gpt4,hand,rewash,10,5.000000,0.000000
gpt4,hand,rhino,10,1.100000,1.595131
gpt4,hand,ringing,10,0.800000,0.788811
gpt4,hand,ripen,10,1.600000,1.429841
gpt4,hand,roaming,10,3.200000,1.686548
gpt4,hand,rockstar,10,2.600000,1.505545
gpt4,hand,sacredness,10,0.800000,0.632456
gpt4,hand,sadly,10,0.400000,0.699206
gpt4,hand,safflower,10,3.400000,1.776388
gpt4,hand,salting,10,4.700000,0.948683
gpt4,hand,sandblaster,10,5.000000,0.000000
gpt4,hand,scapegoat,10,0.600000,0.699206
gpt4,hand,scrupulously,10,1.300000,1.159502
gpt4,hand,sealer,10,4.800000,0.421637
gpt4,hand,seeder,10,4.900000,0.316228
gpt4,hand,senile,10,0.800000,0.632456
gpt4,hand,september,10,0.400000,0.516398
gpt4,hand,sexploitation,10,0.600000,0.699206
gpt4,hand,sharpener,10,5.000000,0.000000
gpt4,hand,shed,10,3.300000,1.494434
gpt4,hand,shenanigan,10,3.500000,1.354006
gpt4,hand,shirtless,10,0.900000,0.875595
gpt4,hand,shivering,10,2.500000,1.715938
gpt4,hand,shutterbug,10,4.800000,0.421637
gpt4,hand,sieve,10,5.000000,0.000000
gpt4,hand,silly,10,1.800000,1.475730
gpt4,hand,silversmith,10,5.000000,0.000000
gpt4,hand,skirted,10,1.500000,1.957890
gpt4,hand,slouch,10,2.700000,1.418136
gpt4,hand,snipping,10,4.900000,0.316228
gpt4,hand,snuffbox,10,4.300000,1.567021
gpt4,hand,solicitor,10,2.100000,1.791957
gpt4,hand,spank,10,4.800000,0.421637
gpt4,hand,spare parts,10,3.900000,1.728840
gpt4,hand,specialty,10,1.500000,1.354006
gpt4,hand,spindling,10,2.100000,2.131770
gpt4,hand,spinout,10,3.800000,1.686548
gpt4,hand,stereo,10,2.300000,1.946507
gpt4,hand,stew,10,3.000000,1.490712
gpt4,hand,streamlined,10,1.400000,1.577621
gpt4,hand,substituting,10,2.400000,1.837873
gpt4,hand,sundress,10,3.200000,1.988858
gpt4,hand,superiorly,10,0.600000,0.699206
gpt4,hand,suppository,10,0.700000,0.823273
gpt4,hand,surprised,10,0.800000,0.918937
gpt4,hand,sustainable,10,0.700000,0.948683
gpt4,hand,swiftly,10,4.200000,1.229273
gpt4,hand,synchronized,10,2.800000,1.398412
gpt4,hand,syndication,10,0.800000,1.316561
gpt4,hand,tableware,10,5.000000,0.000000
gpt4,hand,take,10,4.500000,0.849837
gpt4,hand,taller,10,1.900000,1.852926
gpt4,hand,tarpaper,10,4.000000,1.247219
gpt4,hand,thickheaded,10,0.500000,0.971825
gpt4,hand,tiara,10,1.600000,2.170509
gpt4,hand,tracker,10,2.700000,1.702939
gpt4,hand,tranquil,10,0.900000,0.737865
gpt4,hand,tunnel vision,10,0.400000,0.699206
gpt4,hand,turmoil,10,0.700000,0.823273
gpt4,hand,typographer,10,3.700000,2.057507
gpt4,hand,unambiguously,10,0.500000,0.707107
gpt4,hand,unconformity,10,1.200000,0.788811
gpt4,hand,uncontrolled,10,2.300000,1.567021
gpt4,hand,undernutrition,10,0.500000,0.527046
gpt4,hand,understandingly,10,1.200000,1.032796
gpt4,hand,unfoundedly,10,0.500000,0.707107
gpt4,hand,unhealthful,10,1.700000,1.251666
gpt4,hand,uninterruptible,10,0.400000,0.699206
gpt4,hand,unknowably,10,0.500000,0.527046
gpt4,hand,unlocked,10,4.300000,1.059350
gpt4,hand,unmanageably,10,3.100000,1.523884
gpt4,hand,unpurified,10,0.700000,1.251666
gpt4,hand,unrushed,10,0.500000,0.707107
gpt4,hand,unskilled,10,1.800000,1.316561
gpt4,hand,unthinking,10,0.700000,1.059350
gpt4,hand,untidy,10,2.800000,1.135292
gpt4,hand,unturned,10,1.200000,1.813529
gpt4,hand,unveiling,10,3.100000,1.449138
gpt4,hand,unvisited,10,0.500000,0.527046
gpt4,hand,valiantly,10,2.700000,1.418136
gpt4,hand,vendingmachine,3,5.000000,0.000000
gpt4,hand,vicious,10,1.800000,1.032796
gpt4,hand,villa,10,0.600000,0.699206
gpt4,hand,volatility,10,1.500000,1.178511
gpt4,hand,warping,10,3.800000,1.398412
gpt4,hand,washed out,10,0.900000,0.737865
gpt4,hand,watch over,10,3.200000,1.686548
gpt4,hand,water meter,10,3.400000,1.712698
gpt4,hand,wayward,10,1.400000,1.505545
gpt4,hand,weathertight,10,0.400000,0.516398
gpt4,hand,webbing,10,3.200000,1.813529
gpt4,hand,whitefish,10,1.700000,1.636392
gpt4,hand,whooping,10,0.500000,0.707107
gpt4,hand,wistful,10,0.800000,0.632456
gpt4,hand,worsen,10,0.600000,1.074968
gpt4,hand,wraithlike,10,0.300000,0.483046
gpt4,hand,writhe,10,3.700000,1.828782
gpt4,hand,yippee,10,0.900000,1.100505
gpt4,hand,zap,10,3.800000,1.316561
gpt4,head,abbreviate,10,3.100000,2.024846
gpt4,head,abode,10,1.800000,1.475730
gpt4,head,abscessed,10,2.600000,1.712698
gpt4,head,abyss,10,3.200000,2.299758
gpt4,head,accordance,10,1.600000,2.065591
gpt4,head,adjunct,10,2.200000,1.873796
gpt4,head,adjustment,10,3.300000,1.337494
gpt4,head,aerial,10,2.800000,1.988858
gpt4,head,aerially,10,1.700000,1.494434
gpt4,head,affective,10,4.500000,0.707107
gpt4,head,aftersale,10,1.900000,2.078995
gpt4,head,aftershave,10,1.400000,1.264911
gpt4,head,aging,10,4.600000,1.264911
gpt4,head,alertness,10,4.900000,0.316228
gpt4,head,allusively,10,1.500000,1.840894
gpt4,head,aloe vera,10,0.800000,0.918937
gpt4,head,always,10,1.400000,2.065591
gpt4,head,ambitiously,10,4.800000,0.421637
gpt4,head,americanize,10,2.000000,1.699673
gpt4,head,amid,10,0.800000,1.316561
gpt4,head,antler,10,1.100000,1.286684
gpt4,head,apply,10,1.300000,1.636392
gpt4,head,appreciatory,10,1.500000,1.715938
gpt4,head,arrestingly,10,4.900000,0.316228
gpt4,head,assassin,10,3.000000,1.563472
gpt4,head,assignment,10,3.200000,1.619328
gpt4,head,atmosphere,10,1.800000,1.873796
gpt4,head,atomic,10,1.600000,1.776388
gpt4,head,auction off,10,1.000000,1.054093
gpt4,head,avail,10,2.000000,1.414214
gpt4,head,balcony,10,1.400000,0.966092
gpt4,head,baseball bat,10,1.200000,1.398412
gpt4,head,befoul,10,1.400000,1.429841
gpt4,head,befuddlement,10,4.900000,0.316228
gpt4,head,behavioral,10,3.800000,1.873796
gpt4,head,beige,10,0.400000,0.516398
gpt4,head,belatedness,10,3.300000,2.263233
gpt4,head,bend,10,0.600000,0.843274
gpt4,head,billfold,10,0.600000,0.699206
gpt4,head,bimolecular,10,3.300000,2.162817
gpt4,head,biosphere,10,2.400000,2.118700
gpt4,head,blockheaded,10,3.100000,2.469818
gpt4,head,bluecoat,10,1.500000,1.509231
gpt4,head,body building,10,1.000000,0.942809
gpt4,head,bomb,10,2.100000,2.024846
gpt4,head,boo,10,3.700000,1.888562
gpt4,head,boundless,10,2.000000,2.260777
gpt4,head,brainchild,10,5.000000,0.000000
gpt4,head,brains,10,5.000000,0.000000
gpt4,head,bubbler,10,1.700000,1.059350
gpt4,head,budget,10,2.000000,2.054805
gpt4,head,bureaucrat,10,4.900000,0.316228
gpt4,head,busted,10,2.500000,1.581139
gpt4,head,call girl,10,3.200000,1.135292
gpt4,head,camper,10,1.700000,0.948683
gpt4,head,cancer,10,3.400000,1.897367
gpt4,head,casing,10,0.700000,0.823273
gpt4,head,cent,10,0.400000,0.699206
gpt4,head,challenge,10,4.100000,1.286684
gpt4,head,chart,10,3.800000,1.813529
gpt4,head,cheerfulness,10,5.000000,0.000000
gpt4,head,chemistry,10,4.000000,1.763834
gpt4,head,choreograph,10,2.700000,1.494434
gpt4,head,churchman,10,2.400000,1.577621
gpt4,head,civil suit,10,2.100000,1.969207
gpt4,head,cleaner,10,1.000000,0.666667
gpt4,head,cleanup,10,0.900000,0.994429
gpt4,head,clearinghouse,10,2.500000,1.509231
gpt4,head,clergy,10,4.300000,1.337494
gpt4,head,climatologic,10,1.000000,1.247219
gpt4,head,cling to,10,0.600000,0.843274
gpt4,head,clownery,10,3.100000,1.595131
gpt4,head,coil,10,1.100000,1.197219
gpt4,head,collaterally,10,2.100000,2.131770
gpt4,head,colonize,10,2.300000,2.002776
gpt4,head,color,10,2.800000,1.988858
gpt4,head,comatose,10,3.600000,2.270585
gpt4,head,combust,10,1.600000,1.646545
gpt4,head,commotion,10,4.900000,0.316228
gpt4,head,compatibility,10,2.900000,2.024846
gpt4,head,complicated,10,4.700000,0.674949
gpt4,head,compositionally,10,0.800000,1.032796
gpt4,head,compromising,10,3.500000,1.715938
gpt4,head,confusability,10,4.300000,1.567021
gpt4,head,congruously,10,3.300000,2.002776
gpt4,head,constitution,10,3.900000,1.911951
gpt4,head,cope with,10,4.300000,1.059350
gpt4,head,copyholder,10,1.100000,1.595131
gpt4,head,corpse,10,4.000000,1.247219
gpt4,head,crackers,10,0.600000,0.843274
gpt4,head,critter,10,1.400000,1.646545
gpt4,head,culmination,10,3.700000,1.494434
gpt4,head,curative,10,2.200000,1.619328
gpt4,head,cutlet,10,0.400000,0.516398
gpt4,head,deactivation,10,1.100000,0.994429
gpt4,head,debark,10,1.000000,0.816497
gpt4,head,decadent,10,2.500000,1.509231
gpt4,head,decentness,10,1.800000,1.932184
gpt4,head,decorative,10,2.300000,1.059350
gpt4,head,deferred,10,2.200000,1.988858
gpt4,head,definitely,10,3.700000,2.162817
gpt4,head,definitive,10,4.100000,1.370320
gpt4,head,deformed,10,3.800000,1.229273
gpt4,head,degreaser,10,0.900000,0.567646
gpt4,head,demographically,10,2.900000,2.378141
gpt4,head,deodorant,10,0.400000,0.699206
gpt4,head,departmentalize,10,2.200000,2.149935
gpt4,head,depreciatively,10,4.300000,1.636392
gpt4,head,detacher,10,1.100000,1.197219
gpt4,head,disentanglement,10,2.300000,2.002776
gpt4,head,disorient,10,4.900000,0.316228
gpt4,head,disproof,10,3.800000,1.398412
gpt4,head,disrespectful,10,3.700000,1.766981
gpt4,head,dissect,10,1.900000,1.197219
gpt4,head,doglike,10,1.900000,1.911951
gpt4,head,dough,10,0.700000,0.674949
gpt4,head,doze,10,4.800000,0.632456
gpt4,head,dragged,10,1.000000,0.816497
gpt4,head,drearily,10,3.900000,1.197219
gpt4,head,drudge,10,2.200000,1.032796
gpt4,head,dry cleaner,10,1.700000,1.702939
gpt4,head,early,10,2.100000,1.663330
gpt4,head,economy,10,2.500000,1.957890
gpt4,head,eight,10,0.600000,0.699206
gpt4,head,electrometer,10,1.800000,1.619328
gpt4,head,emergency exit,10,1.000000,0.816497
gpt4,head,emulator,10,2.700000,1.702939
gpt4,head,engaged,10,2.900000,1.791957
gpt4,head,entrenchment,10,2.200000,1.686548
gpt4,head,entrepreneurship,10,1.600000,1.349897
gpt4,head,epilepsy,10,4.800000,0.421637
gpt4,head,erogenous,10,2.700000,1.636392
gpt4,head,evolvement,10,3.600000,2.118700
gpt4,head,excommunicable,10,3.900000,1.449138
gpt4,head,expression,10,4.900000,0.316228
gpt4,head,extendibility,10,1.500000,1.354006
gpt4,head,extensively,10,1.900000,1.791957
gpt4,head,extractive,10,1.400000,1.505545
gpt4,head,extremism,10,2.200000,1.873796
gpt4,head,eye drops,10,3.800000,1.873796
gpt4,head,eyewash,10,2.200000,1.751190
gpt4,head,factory,10,0.800000,0.918937
gpt4,head,fanged,10,3.500000,1.840894
gpt4,head,fat cat,10,2.300000,2.002776
gpt4,head,fiendlike,10,3.300000,1.946507
gpt4,head,filmgoer,10,5.000000,0.000000
gpt4,head,find,10,2.700000,1.337494
gpt4,head,fireboat,10,0.900000,0.994429
gpt4,head,firecracker,10,1.200000,1.229273
gpt4,head,flammable,10,1.100000,1.100505
gpt4,head,flute,10,0.500000,0.527046
gpt4,head,foodstuff,10,0.600000,0.699206
gpt4,head,forbiddingly,10,3.400000,2.065591
gpt4,head,formally,10,3.600000,1.429841
gpt4,head,foster,10,2.100000,1.449138
gpt4,head,friday,10,0.600000,0.699206
gpt4,head,frown,10,4.900000,0.316228
gpt4,head,fruit salad,10,0.800000,0.918937
gpt4,head,fumigant,10,1.700000,1.636392
gpt4,head,funeral home,10,3.400000,1.955050
gpt4,head,garter belt,10,0.400000,0.516398
gpt4,head,ghastly,10,4.700000,0.483046
gpt4,head,google,10,4.400000,1.074968
gpt4,head,grader,10,1.900000,2.024846
gpt4,head,grandbaby,10,3.300000,1.946507
gpt4,head,greenish,10,0.600000,0.699206
gpt4,head,gulp,10,1.000000,0.942809
gpt4,head,gushiness,10,2.000000,1.699673
gpt4,head,hailstorm,10,3.900000,1.449138
gpt4,head,halfcocked,10,1.600000,1.349897
gpt4,head,happen,10,3.900000,1.370320
gpt4,head,harm,10,3.700000,1.159502
gpt4,head,havoc,10,3.100000,1.286684
gpt4,head,hemophilia,10,1.400000,1.577621
gpt4,head,heterosexual,10,1.600000,1.577621
gpt4,head,highhanded,10,2.300000,2.110819
gpt4,head,himself,10,4.700000,0.674949
gpt4,head,hindrance,10,3.800000,1.316561
gpt4,head,homestead,10,1.200000,0.918937
gpt4,head,housemaster,10,2.700000,1.888562
gpt4,head,hysteric,10,4.600000,0.699206
gpt4,head,icing,10,1.100000,1.197219
gpt4,head,illness,10,4.700000,0.948683
gpt4,head,immigrant,10,2.100000,1.728840
gpt4,head,impolite,10,4.900000,0.316228
gpt4,head,inaudibility,10,4.700000,0.948683
gpt4,head,inaugural,10,3.900000,1.449138
gpt4,head,indirectly,10,3.200000,2.097618
gpt4,head,inflamer,10,1.600000,1.646545
gpt4,head,inflaming,10,3.500000,1.509231
gpt4,head,inflexibly,10,3.200000,2.097618
gpt4,head,institutional,10,2.500000,2.173067
gpt4,head,instrumentally,10,1.100000,0.994429
gpt4,head,intercept,10,1.500000,1.080123
gpt4,head,intergrowth,10,1.200000,1.398412
gpt4,head,intern,10,2.500000,1.840894
gpt4,head,internalization,10,4.800000,0.421637
gpt4,head,intoxicating,10,2.500000,1.178511
gpt4,head,keel,10,0.800000,1.135292
gpt4,head,keycard,10,1.000000,1.054093
gpt4,head,kind,10,1.900000,2.024846
gpt4,head,klutziness,10,2.900000,1.449138
gpt4,head,lag,10,1.700000,1.567021
gpt4,head,laser,10,1.300000,1.418136
gpt4,head,leaflet,10,1.700000,1.702939
gpt4,head,leanness,10,1.700000,1.766981
gpt4,head,lessening,10,2.500000,1.269296
gpt4,head,light beam,10,3.300000,1.567021
gpt4,head,lightless,10,3.700000,2.057507
gpt4,head,lightswitch,10,0.600000,0.843274
gpt4,head,lingual,10,0.700000,1.337494
gpt4,head,lipid,10,0.800000,1.229273
gpt4,head,liver,10,1.700000,1.888562
gpt4,head,logrolling,10,0.700000,0.823273
gpt4,head,looping,10,1.400000,0.843274
gpt4,head,loosely,10,0.800000,0.918937
gpt4,head,looseness,10,1.300000,1.059350
gpt4,head,lustrously,10,2.100000,1.523884
gpt4,head,makeover,10,2.900000,1.370320
gpt4,head,manly,10,1.300000,1.702939
gpt4,head,marbling,10,0.500000,0.707107
gpt4,head,married,10,1.600000,1.577621
gpt4,head,may,10,2.700000,2.057507
gpt4,head,meal,10,0.800000,0.788811
gpt4,head,megawatt,10,0.400000,0.516398
gpt4,head,microcomputer,10,1.900000,1.663330
gpt4,head,midterm,10,4.500000,1.080123
gpt4,head,mirth,10,4.400000,1.349897
gpt4,head,misappropriate,10,1.500000,1.509231
gpt4,head,mischaracterize,10,2.600000,1.897367
gpt4,head,moneymaker,10,2.100000,1.969207
gpt4,head,monocle,10,4.400000,1.264911
gpt4,head,move on,10,3.200000,1.475730
gpt4,head,mull over,10,5.000000,0.000000
gpt4,head,multispecies,10,2.500000,2.223611
gpt4,head,nationalism,10,1.900000,1.911951
gpt4,head,nearsightedness,10,4.500000,1.581139
gpt4,head,needs,10,2.300000,2.002776
gpt4,head,newsmonger,10,4.800000,0.632456
gpt4,head,noncurrent,10,2.600000,1.505545
gpt4,head,nonproductively,10,2.800000,1.229273
gpt4,head,nonresistant,10,3.400000,1.429841
gpt4,head,nonsocial,10,4.200000,1.135292
gpt4,head,nosepiece,10,4.200000,1.475730
gpt4,head,noun,10,3.700000,2.057507
gpt4,head,old fashioned,10,1.900000,1.911951
gpt4,head,oscillate,10,1.300000,0.948683
gpt4,head,ought,10,3.700000,1.636392
gpt4,head,outpour,10,2.000000,1.414214
gpt4,head,outrun,10,0.800000,0.918937
gpt4,head,outtake,10,2.000000,1.763834
gpt4,head,papyrus,10,1.000000,1.414214
gpt4,head,partygoer,10,3.700000,1.059350
gpt4,head,passenger ship,10,1.100000,1.100505
gpt4,head,patio,10,1.500000,2.013841
gpt4,head,peewee,10,1.600000,1.505545
gpt4,head,perceptibly,10,4.600000,0.966092
gpt4,head,perilously,10,3.500000,1.354006
gpt4,head,persistent,10,4.100000,1.728840
gpt4,head,pessimism,10,5.000000,0.000000
gpt4,head,placenta,10,0.400000,0.699206
gpt4,head,politician,10,4.600000,1.264911
gpt4,head,postmodernist,10,3.800000,1.398412
gpt4,head,precarious,10,3.000000,2.108185
gpt4,head,precollege,10,1.700000,2.002776
gpt4,head,predator,10,3.500000,1.354006
gpt4,head,premarital,10,2.000000,2.000000
gpt4,head,prime,10,2.300000,2.057507
gpt4,head,primitive,10,3.300000,1.494434
gpt4,head,probation officer,10,2.200000,1.988858
gpt4,head,prohibit,10,3.600000,1.646545
gpt4,head,prop up,10,1.100000,1.286684
gpt4,head,protestor,10,4.000000,1.154701
gpt4,head,prudishness,10,3.400000,1.577621
gpt4,head,psycho,10,4.600000,0.699206
gpt4,head,quill,10,0.500000,0.527046
gpt4,head,rebuild,10,2.200000,1.813529
gpt4,head,reconnect,10,4.000000,1.333333
gpt4,head,reeducation,10,4.300000,1.337494
gpt4,head,regenerate,10,2.800000,1.686548
gpt4,head,regression,10,4.400000,1.577621
gpt4,head,reinitiate,10,2.100000,1.911951
gpt4,head,residual,10,2.700000,2.057507
gpt4,head,reviving,10,3.600000,1.074968
gpt4,head,reward,10,4.600000,0.966092
gpt4,head,rewash,10,0.300000,0.483046
gpt4,head,rhino,10,1.400000,1.505545
gpt4,head,ringing,10,4.700000,0.483046
gpt4,head,ripen,10,0.400000,0.516398
gpt4,head,roaming,10,1.900000,0.994429
gpt4,head,rockstar,10,3.800000,1.316561
gpt4,head,sacredness,10,4.400000,0.843274
gpt4,head,sadly,10,4.000000,1.247219
gpt4,head,safflower,10,1.100000,1.100505
gpt4,head,salting,10,0.300000,0.483046
gpt4,head,sandblaster,10,1.100000,0.737865
gpt4,head,scapegoat,10,2.100000,2.024846
gpt4,head,scrupulously,10,1.900000,1.728840
gpt4,head,sealer,10,0.600000,0.699206
gpt4,head,seeder,10,0.900000,1.197219
gpt4,head,senile,10,4.400000,1.074968
gpt4,head,september,10,0.900000,1.595131
gpt4,head,sexploitation,10,1.800000,1.873796
gpt4,head,sharpener,10,0.600000,0.699206
gpt4,head,shed,10,1.100000,0.737865
gpt4,head,shenanigan,10,3.500000,1.900292
gpt4,head,shirtless,10,0.900000,0.875595
gpt4,head,shivering,10,3.100000,1.449138
gpt4,head,shutterbug,10,3.900000,1.663330
gpt4,head,sieve,10,0.500000,0.527046
gpt4,head,silly,10,5.000000,0.000000
gpt4,head,silversmith,10,0.800000,0.788811
gpt4,head,skirted,10,0.400000,0.699206
gpt4,head,slouch,10,2.300000,1.888562
gpt4,head,snipping,10,0.500000,0.527046
gpt4,head,snuffbox,10,1.000000,1.490712
gpt4,head,solicitor,10,2.700000,2.002776
gpt4,head,spank,10,0.500000,0.527046
gpt4,head,spare parts,10,0.800000,0.632456
gpt4,head,specialty,10,2.400000,2.170509
gpt4,head,spindling,10,0.300000,0.483046
gpt4,head,spinout,10,1.500000,1.269296
gpt4,head,stereo,10,4.900000,0.316228
gpt4,head,stew,10,0.800000,0.632456
gpt4,head,streamlined,10,1.100000,1.100505
gpt4,head,substituting,10,1.300000,1.494434
gpt4,head,sundress,10,0.500000,0.707107
gpt4,head,superiorly,10,1.100000,1.449138
gpt4,head,suppository,10,0.200000,0.421637
gpt4,head,surprised,10,5.000000,0.000000
gpt4,head,sustainable,10,1.700000,1.888562
gpt4,head,swiftly,10,2.200000,1.549193
gpt4,head,synchronized,10,2.900000,1.523884
gpt4,head,syndication,10,0.800000,1.135292
gpt4,head,tableware,10,0.400000,0.516398
gpt4,head,take,10,2.000000,0.816497
gpt4,head,taller,10,1.500000,1.269296
gpt4,head,tarpaper,10,0.900000,0.994429
gpt4,head,thickheaded,10,4.500000,1.581139
gpt4,head,tiara,10,4.700000,0.948683
gpt4,head,tracker,10,1.700000,1.567021
gpt4,head,tranquil,10,4.700000,0.674949
gpt4,head,tunnel vision,10,4.500000,0.971825
gpt4,head,turmoil,10,3.200000,2.097618
gpt4,head,typographer,10,1.700000,1.636392
gpt4,head,unambiguously,10,2.400000,2.011080
gpt4,head,unconformity,10,4.000000,1.154701
gpt4,head,uncontrolled,10,2.600000,1.897367
gpt4,head,undernutrition,10,2.600000,1.837873
gpt4,head,understandingly,10,4.400000,1.074968
gpt4,head,unfoundedly,10,1.200000,1.751190
gpt4,head,unhealthful,10,2.800000,1.751190
gpt4,head,uninterruptible,10,2.300000,2.110819
gpt4,head,unknowably,10,4.400000,1.577621
gpt4,head,unlocked,10,1.200000,0.788811
gpt4,head,unmanageably,10,3.800000,1.316561
gpt4,head,unpurified,10,0.700000,1.059350
gpt4,head,unrushed,10,2.100000,2.183270
gpt4,head,unskilled,10,1.400000,1.173788
gpt4,head,unthinking,10,3.400000,1.897367
gpt4,head,untidy,10,2.200000,1.229273
gpt4,head,unturned,10,1.300000,1.828782
gpt4,head,unveiling,10,2.900000,1.523884
gpt4,head,unvisited,10,0.500000,0.707107
gpt4,head,valiantly,10,3.500000,1.433721
gpt4,head,vendingmachine,3,0.666667,1.154701
gpt4,head,vicious,10,3.900000,1.523884
gpt4,head,villa,10,2.100000,2.078995
gpt4,head,volatility,10,3.700000,1.567021
gpt4,head,warping,10,1.700000,0.823273
gpt4,head,washed out,10,2.700000,1.946507
gpt4,head,watch over,10,4.800000,0.421637
gpt4,head,water meter,10,0.900000,1.286684
gpt4,head,wayward,10,4.500000,0.971825
gpt4,head,weathertight,10,0.500000,0.527046
gpt4,head,webbing,10,0.900000,0.737865
gpt4,head,whitefish,10,0.400000,0.516398
gpt4,head,whooping,10,3.500000,2.013841
gpt4,head,wistful,10,4.700000,0.674949
gpt4,head,worsen,10,2.600000,1.776388
gpt4,head,wraithlike,10,1.600000,1.955050
gpt4,head,writhe,10,3.700000,1.636392
gpt4,head,yippee,10,3.700000,1.828782
gpt4,head,zap,10,1.900000,1.523884
gpt4,mouth,abbreviate,10,0.400000,0.516398
gpt4,mouth,abode,10,0.300000,0.483046
gpt4,mouth,abscessed,10,4.100000,1.595131
gpt4,mouth,abyss,10,0.600000,0.843274
gpt4,mouth,accordance,10,0.400000,0.699206
gpt4,mouth,adjunct,10,0.300000,0.483046
gpt4,mouth,adjustment,10,1.600000,1.074968
gpt4,mouth,aerial,10,0.500000,0.707107
gpt4,mouth,aerially,10,0.500000,0.527046
gpt4,mouth,affective,10,1.200000,1.398412
gpt4,mouth,aftersale,10,0.300000,0.483046
gpt4,mouth,aftershave,10,4.100000,1.595131
gpt4,mouth,aging,10,0.800000,1.032796
gpt4,mouth,alertness,10,1.100000,1.197219
gpt4,mouth,allusively,10,0.600000,0.966092
gpt4,mouth,aloe vera,10,1.600000,1.776388
gpt4,mouth,always,10,0.600000,0.843274
gpt4,mouth,ambitiously,10,0.900000,1.286684
gpt4,mouth,americanize,10,1.200000,1.229273
gpt4,mouth,amid,10,0.500000,0.707107
gpt4,mouth,antler,10,0.900000,0.875595
gpt4,mouth,apply,10,1.100000,0.875595
gpt4,mouth,appreciatory,10,0.700000,1.251666
gpt4,mouth,arrestingly,10,0.700000,0.823273
gpt4,mouth,assassin,10,0.400000,0.516398
gpt4,mouth,assignment,10,1.400000,1.429841
gpt4,mouth,atmosphere,10,0.500000,0.971825
gpt4,mouth,atomic,10,0.400000,0.516398
gpt4,mouth,auction off,10,0.400000,0.699206
gpt4,mouth,avail,10,1.200000,0.918937
gpt4,mouth,balcony,10,0.700000,0.483046
gpt4,mouth,baseball bat,10,0.600000,0.966092
gpt4,mouth,befoul,10,1.700000,1.494434
gpt4,mouth,befuddlement,10,0.500000,0.707107
gpt4,mouth,behavioral,10,0.600000,0.699206
gpt4,mouth,beige,10,0.400000,0.516398
gpt4,mouth,belatedness,10,0.500000,0.527046
gpt4,mouth,bend,10,0.300000,0.483046
gpt4,mouth,billfold,10,0.600000,1.264911
gpt4,mouth,bimolecular,10,0.500000,0.527046
gpt4,mouth,biosphere,10,0.400000,0.516398
gpt4,mouth,blockheaded,10,0.400000,0.516398
gpt4,mouth,bluecoat,10,0.300000,0.483046
gpt4,mouth,body building,10,1.200000,1.229273
gpt4,mouth,bomb,10,0.500000,0.707107
gpt4,mouth,boo,10,4.200000,1.229273
gpt4,mouth,boundless,10,0.400000,0.699206
gpt4,mouth,brainchild,10,0.800000,0.632456
gpt4,mouth,brains,10,1.200000,1.873796
gpt4,mouth,bubbler,10,4.000000,1.699673
gpt4,mouth,budget,10,0.300000,0.483046
gpt4,mouth,bureaucrat,10,0.600000,0.699206
gpt4,mouth,busted,10,0.600000,0.699206
gpt4,mouth,call girl,10,2.800000,1.549193
gpt4,mouth,camper,10,0.900000,0.737865
gpt4,mouth,cancer,10,2.100000,1.728840
gpt4,mouth,casing,10,0.400000,0.966092
gpt4,mouth,cent,10,0.800000,1.549193
gpt4,mouth,challenge,10,0.800000,0.788811
gpt4,mouth,chart,10,1.800000,2.043961
gpt4,mouth,cheerfulness,10,2.800000,1.751190
gpt4,mouth,chemistry,10,0.500000,0.971825
gpt4,mouth,choreograph,10,0.500000,0.707107
gpt4,mouth,churchman,10,0.900000,0.567646
gpt4,mouth,civil suit,10,0.900000,1.449138
gpt4,mouth,cleaner,10,1.900000,1.911951
gpt4,mouth,cleanup,10,0.700000,1.059350
gpt4,mouth,clearinghouse,10,0.700000,0.674949
gpt4,mouth,clergy,10,1.500000,2.068279
gpt4,mouth,climatologic,10,0.400000,0.516398
gpt4,mouth,cling to,10,0.600000,0.843274
gpt4,mouth,clownery,10,1.800000,1.316561
gpt4,mouth,coil,10,0.600000,0.699206
gpt4,mouth,collaterally,10,0.400000,0.516398
gpt4,mouth,colonize,10,0.400000,0.699206
gpt4,mouth,color,10,1.100000,1.523884
gpt4,mouth,comatose,10,1.200000,1.549193
gpt4,mouth,combust,10,0.700000,0.823273
gpt4,mouth,commotion,10,1.800000,1.475730
gpt4,mouth,compatibility,10,1.100000,1.370320
gpt4,mouth,complicated,10,0.600000,0.516398
gpt4,mouth,compositionally,10,0.600000,0.966092
gpt4,mouth,compromising,10,1.400000,1.429841
gpt4,mouth,confusability,10,0.600000,0.966092
gpt4,mouth,congruously,10,0.700000,0.948683
gpt4,mouth,constitution,10,0.700000,1.059350
gpt4,mouth,cope with,10,1.200000,1.229273
gpt4,mouth,copyholder,10,0.400000,0.699206
gpt4,mouth,corpse,10,1.200000,0.918937
gpt4,mouth,crackers,10,5.000000,0.000000
gpt4,mouth,critter,10,0.300000,0.483046
gpt4,mouth,culmination,10,1.000000,0.942809
gpt4,mouth,curative,10,1.900000,1.449138
gpt4,mouth,cutlet,10,4.400000,1.074968
gpt4,mouth,deactivation,10,0.300000,0.483046
gpt4,mouth,debark,10,0.600000,0.699206
gpt4,mouth,decadent,10,2.500000,1.269296
gpt4,mouth,decentness,10,0.700000,0.948683
gpt4,mouth,decorative,10,0.800000,0.788811
gpt4,mouth,deferred,10,0.300000,0.483046
gpt4,mouth,definitely,10,0.300000,0.483046
gpt4,mouth,definitive,10,0.700000,0.483046
gpt4,mouth,deformed,10,2.000000,1.825742
gpt4,mouth,degreaser,10,1.900000,1.852926
gpt4,mouth,demographically,10,0.500000,0.707107
gpt4,mouth,deodorant,10,0.800000,1.549193
gpt4,mouth,departmentalize,10,0.400000,0.699206
gpt4,mouth,depreciatively,10,0.600000,0.843274
gpt4,mouth,detacher,10,0.500000,0.707107
gpt4,mouth,disentanglement,10,1.000000,0.816497
gpt4,mouth,disorient,10,0.700000,0.674949
gpt4,mouth,disproof,10,0.700000,0.948683
gpt4,mouth,disrespectful,10,1.300000,1.337494
gpt4,mouth,dissect,10,1.300000,1.567021
gpt4,mouth,doglike,10,0.700000,0.948683
gpt4,mouth,dough,10,3.600000,1.955050
gpt4,mouth,doze,10,1.000000,1.699673
gpt4,mouth,dragged,10,0.700000,0.674949
gpt4,mouth,drearily,10,0.900000,0.737865
gpt4,mouth,drudge,10,1.000000,0.816497
gpt4,mouth,dry cleaner,10,1.100000,1.852926
gpt4,mouth,early,10,0.300000,0.674949
gpt4,mouth,economy,10,0.200000,0.421637
gpt4,mouth,eight,10,0.300000,0.483046
gpt4,mouth,electrometer,10,0.100000,0.316228
gpt4,mouth,emergency exit,10,0.300000,0.483046
gpt4,mouth,emulator,10,0.700000,0.948683
gpt4,mouth,engaged,10,1.500000,0.971825
gpt4,mouth,entrenchment,10,0.300000,0.674949
gpt4,mouth,entrepreneurship,10,0.400000,0.516398
gpt4,mouth,epilepsy,10,1.700000,1.494434
gpt4,mouth,erogenous,10,3.200000,1.988858
gpt4,mouth,evolvement,10,0.600000,0.843274
gpt4,mouth,excommunicable,10,2.300000,2.057507
gpt4,mouth,expression,10,2.000000,2.108185
gpt4,mouth,extendibility,10,0.400000,0.516398
gpt4,mouth,extensively,10,0.800000,0.788811
gpt4,mouth,extractive,10,0.900000,0.875595
gpt4,mouth,extremism,10,1.000000,1.054093
gpt4,mouth,eye drops,10,3.000000,2.581989
gpt4,mouth,eyewash,10,4.600000,0.966092
gpt4,mouth,factory,10,0.300000,0.483046
gpt4,mouth,fanged,10,3.500000,2.415229
gpt4,mouth,fat cat,10,1.700000,2.162817
gpt4,mouth,fiendlike,10,0.800000,0.918937
gpt4,mouth,filmgoer,10,1.400000,1.776388
gpt4,mouth,find,10,0.600000,0.966092
gpt4,mouth,fireboat,10,0.400000,0.516398
gpt4,mouth,firecracker,10,1.600000,1.712698
gpt4,mouth,flammable,10,0.600000,0.699206
gpt4,mouth,flute,10,4.500000,1.581139
gpt4,mouth,foodstuff,10,5.000000,0.000000
gpt4,mouth,forbiddingly,10,0.500000,0.707107
gpt4,mouth,formally,10,1.200000,0.918937
gpt4,mouth,foster,10,1.500000,1.433721
gpt4,mouth,friday,10,0.400000,0.516398
gpt4,mouth,frown,10,1.200000,2.097618
gpt4,mouth,fruit salad,10,4.900000,0.316228
gpt4,mouth,fumigant,10,4.200000,1.135292
gpt4,mouth,funeral home,10,0.500000,0.707107
gpt4,mouth,garter belt,10,0.400000,0.516398
gpt4,mouth,ghastly,10,1.200000,1.135292
gpt4,mouth,google,10,0.600000,0.516398
gpt4,mouth,grader,10,0.200000,0.421637
gpt4,mouth,grandbaby,10,2.400000,2.065591
gpt4,mouth,greenish,10,0.500000,0.707107
gpt4,mouth,gulp,10,5.000000,0.000000
gpt4,mouth,gushiness,10,2.500000,1.840894
gpt4,mouth,hailstorm,10,0.500000,0.527046
gpt4,mouth,halfcocked,10,0.500000,0.707107
gpt4,mouth,happen,10,1.400000,1.173788
gpt4,mouth,harm,10,1.900000,1.523884
gpt4,mouth,havoc,10,0.600000,0.699206
gpt4,mouth,hemophilia,10,0.500000,0.849837
gpt4,mouth,heterosexual,10,0.900000,1.286684
gpt4,mouth,highhanded,10,0.500000,0.707107
gpt4,mouth,himself,10,2.200000,2.043961
gpt4,mouth,hindrance,10,1.100000,0.994429
gpt4,mouth,homestead,10,0.600000,0.966092
gpt4,mouth,housemaster,10,0.800000,0.788811
gpt4,mouth,hysteric,10,2.100000,1.728840
gpt4,mouth,icing,10,4.300000,1.567021
gpt4,mouth,illness,10,3.800000,1.751190
gpt4,mouth,immigrant,10,0.700000,0.948683
gpt4,mouth,impolite,10,0.600000,0.843274
gpt4,mouth,inaudibility,10,2.100000,2.330951
gpt4,mouth,inaugural,10,0.800000,0.788811
gpt4,mouth,indirectly,10,0.500000,0.849837
gpt4,mouth,inflamer,10,2.900000,2.078995
gpt4,mouth,inflaming,10,3.600000,1.646545
gpt4,mouth,inflexibly,10,0.500000,0.707107
gpt4,mouth,institutional,10,0.300000,0.483046
gpt4,mouth,instrumentally,10,1.500000,2.068279
gpt4,mouth,intercept,10,0.500000,0.707107
gpt4,mouth,intergrowth,10,0.400000,0.516398
gpt4,mouth,intern,10,0.700000,1.251666
gpt4,mouth,internalization,10,0.600000,0.966092
gpt4,mouth,intoxicating,10,4.000000,1.154701
gpt4,mouth,keel,10,0.200000,0.421637
gpt4,mouth,keycard,10,1.300000,2.002776
gpt4,mouth,kind,10,0.700000,1.059350
gpt4,mouth,klutziness,10,0.900000,0.737865
gpt4,mouth,lag,10,0.400000,0.516398
gpt4,mouth,laser,10,0.300000,0.483046
gpt4,mouth,leaflet,10,2.700000,2.451757
gpt4,mouth,leanness,10,0.800000,1.316561
gpt4,mouth,lessening,10,1.100000,0.875595
gpt4,mouth,light beam,10,0.700000,1.567021
gpt4,mouth,lightless,10,0.400000,0.516398
gpt4,mouth,lightswitch,10,0.100000,0.316228
gpt4,mouth,lingual,10,5.000000,0.000000
gpt4,mouth,lipid,10,1.600000,2.065591
gpt4,mouth,liver,10,1.200000,1.549193
gpt4,mouth,logrolling,10,0.400000,0.516398
gpt4,mouth,looping,10,0.500000,0.527046
gpt4,mouth,loosely,10,0.500000,0.707107
gpt4,mouth,looseness,10,1.000000,0.816497
gpt4,mouth,lustrously,10,0.500000,0.527046
gpt4,mouth,makeover,10,2.300000,1.766981
gpt4,mouth,manly,10,0.600000,0.843274
gpt4,mouth,marbling,10,0.200000,0.421637
gpt4,mouth,married,10,0.700000,0.674949
gpt4,mouth,may,10,0.700000,0.823273
gpt4,mouth,meal,10,5.000000,0.000000
gpt4,mouth,megawatt,10,0.300000,0.483046
gpt4,mouth,microcomputer,10,0.200000,0.421637
gpt4,mouth,midterm,10,0.500000,0.707107
gpt4,mouth,mirth,10,3.000000,1.885618
gpt4,mouth,misappropriate,10,0.700000,0.823273
gpt4,mouth,mischaracterize,10,0.600000,1.074968
gpt4,mouth,moneymaker,10,0.500000,0.849837
gpt4,mouth,monocle,10,1.600000,2.366432
gpt4,mouth,move on,10,1.100000,1.197219
gpt4,mouth,mull over,10,0.600000,1.074968
gpt4,mouth,multispecies,10,0.500000,0.707107
gpt4,mouth,nationalism,10,0.500000,0.849837
gpt4,mouth,nearsightedness,10,0.700000,1.567021
gpt4,mouth,needs,10,1.400000,1.646545
gpt4,mouth,newsmonger,10,1.300000,1.418136
gpt4,mouth,noncurrent,10,0.500000,0.707107
gpt4,mouth,nonproductively,10,0.600000,0.699206
gpt4,mouth,nonresistant,10,1.000000,0.816497
gpt4,mouth,nonsocial,10,0.800000,0.632456
gpt4,mouth,nosepiece,10,2.900000,2.330951
gpt4,mouth,noun,10,1.000000,1.699673
gpt4,mouth,old fashioned,10,0.600000,0.699206
gpt4,mouth,oscillate,10,0.500000,0.707107
gpt4,mouth,ought,10,1.000000,0.942809
gpt4,mouth,outpour,10,2.600000,1.712698
gpt4,mouth,outrun,10,0.300000,0.483046
gpt4,mouth,outtake,10,0.400000,0.516398
gpt4,mouth,papyrus,10,1.300000,1.766981
gpt4,mouth,partygoer,10,3.300000,1.418136
gpt4,mouth,passenger ship,10,0.200000,0.421637
gpt4,mouth,patio,10,0.400000,0.699206
gpt4,mouth,peewee,10,0.600000,0.699206
gpt4,mouth,perceptibly,10,1.400000,1.173788
gpt4,mouth,perilously,10,1.100000,0.737865
gpt4,mouth,persistent,10,0.700000,0.948683
gpt4,mouth,pessimism,10,0.600000,0.966092
gpt4,mouth,placenta,10,1.100000,1.852926
gpt4,mouth,politician,10,1.300000,1.159502
gpt4,mouth,postmodernist,10,0.800000,0.632456
gpt4,mouth,precarious,10,0.500000,0.707107
gpt4,mouth,precollege,10,0.400000,0.699206
gpt4,mouth,predator,10,0.900000,0.994429
gpt4,mouth,premarital,10,1.200000,1.686548
gpt4,mouth,prime,10,0.400000,0.516398
gpt4,mouth,primitive,10,1.100000,0.994429
gpt4,mouth,probation officer,10,0.800000,1.619328
gpt4,mouth,prohibit,10,0.800000,0.918937
gpt4,mouth,prop up,10,0.200000,0.421637
gpt4,mouth,protestor,10,1.600000,1.505545
gpt4,mouth,prudishness,10,1.400000,1.264911
gpt4,mouth,psycho,10,1.200000,1.032796
gpt4,mouth,quill,10,1.900000,2.282786
gpt4,mouth,rebuild,10,0.400000,0.699206
gpt4,mouth,reconnect,10,1.600000,1.646545
gpt4,mouth,reeducation,10,1.600000,0.966092
gpt4,mouth,regenerate,10,1.000000,0.816497
gpt4,mouth,regression,10,0.500000,0.707107
gpt4,mouth,reinitiate,10,1.200000,0.918937
gpt4,mouth,residual,10,0.500000,0.707107
gpt4,mouth,reviving,10,2.600000,1.173788
gpt4,mouth,reward,10,2.300000,1.636392
gpt4,mouth,rewash,10,0.900000,1.370320
gpt4,mouth,rhino,10,0.200000,0.421637
gpt4,mouth,ringing,10,2.800000,2.485514
gpt4,mouth,ripen,10,1.400000,1.955050
gpt4,mouth,roaming,10,0.300000,0.483046
gpt4,mouth,rockstar,10,2.500000,1.581139
gpt4,mouth,sacredness,10,0.800000,0.788811
gpt4,mouth,sadly,10,1.000000,1.699673
gpt4,mouth,safflower,10,1.600000,1.776388
gpt4,mouth,salting,10,3.300000,2.311805
gpt4,mouth,sandblaster,10,0.500000,0.707107
gpt4,mouth,scapegoat,10,0.700000,0.674949
gpt4,mouth,scrupulously,10,1.000000,0.942809
gpt4,mouth,sealer,10,0.400000,0.516398
gpt4,mouth,seeder,10,0.900000,1.197219
gpt4,mouth,senile,10,0.600000,0.699206
gpt4,mouth,september,10,0.400000,0.516398
gpt4,mouth,sexploitation,10,0.900000,1.100505
gpt4,mouth,sharpener,10,0.600000,0.699206
gpt4,mouth,shed,10,0.700000,0.674949
gpt4,mouth,shenanigan,10,1.200000,1.032796
gpt4,mouth,shirtless,10,0.600000,0.699206
gpt4,mouth,shivering,10,0.600000,0.843274
gpt4,mouth,shutterbug,10,1.800000,2.043961
gpt4,mouth,sieve,10,0.700000,0.948683
gpt4,mouth,silly,10,2.500000,1.900292
gpt4,mouth,silversmith,10,0.700000,1.251666
gpt4,mouth,skirted,10,0.500000,0.707107
gpt4,mouth,slouch,10,0.700000,0.674949
gpt4,mouth,snipping,10,0.900000,1.595131
gpt4,mouth,snuffbox,10,3.200000,2.347576
gpt4,mouth,solicitor,10,0.900000,1.595131
gpt4,mouth,spank,10,0.300000,0.483046
gpt4,mouth,spare parts,10,0.700000,0.674949
gpt4,mouth,specialty,10,1.300000,1.567021
gpt4,mouth,spindling,10,0.300000,0.483046
gpt4,mouth,spinout,10,0.300000,0.483046
gpt4,mouth,stereo,10,1.400000,2.011080
gpt4,mouth,stew,10,4.000000,1.885618
gpt4,mouth,streamlined,10,0.400000,0.516398
gpt4,mouth,substituting,10,0.500000,0.707107
gpt4,mouth,sundress,10,0.200000,0.421637
gpt4,mouth,superiorly,10,0.500000,0.707107
gpt4,mouth,suppository,10,2.600000,2.547330
gpt4,mouth,surprised,10,1.100000,1.663330
gpt4,mouth,sustainable,10,0.500000,0.707107
gpt4,mouth,swiftly,10,0.700000,0.483046
gpt4,mouth,synchronized,10,1.300000,0.674949
gpt4,mouth,syndication,10,0.400000,0.516398
gpt4,mouth,tableware,10,1.300000,1.494434
gpt4,mouth,take,10,2.000000,1.247219
gpt4,mouth,taller,10,0.600000,0.516398
gpt4,mouth,tarpaper,10,0.400000,0.699206
gpt4,mouth,thickheaded,10,0.400000,0.699206
gpt4,mouth,tiara,10,0.500000,0.971825
gpt4,mouth,tracker,10,0.400000,0.516398
gpt4,mouth,tranquil,10,0.900000,0.737865
gpt4,mouth,tunnel vision,10,0.400000,0.699206
gpt4,mouth,turmoil,10,0.500000,0.707107
gpt4,mouth,typographer,10,0.400000,0.699206
gpt4,mouth,unambiguously,10,0.500000,0.971825
gpt4,mouth,unconformity,10,0.900000,0.737865
gpt4,mouth,uncontrolled,10,0.800000,0.918937
gpt4,mouth,undernutrition,10,4.700000,0.674949
gpt4,mouth,understandingly,10,0.600000,0.966092
gpt4,mouth,unfoundedly,10,0.500000,0.707107
gpt4,mouth,unhealthful,10,3.800000,1.316561
gpt4,mouth,uninterruptible,10,0.500000,0.971825
gpt4,mouth,unknowably,10,0.600000,0.843274
gpt4,mouth,unlocked,10,0.700000,0.674949
gpt4,mouth,unmanageably,10,1.200000,0.918937
gpt4,mouth,unpurified,10,0.500000,0.707107
gpt4,mouth,unrushed,10,0.500000,0.971825
gpt4,mouth,unskilled,10,0.400000,0.699206
gpt4,mouth,unthinking,10,0.400000,0.699206
gpt4,mouth,untidy,10,1.100000,1.286684
gpt4,mouth,unturned,10,0.300000,0.483046
gpt4,mouth,unveiling,10,0.600000,0.966092
gpt4,mouth,unvisited,10,0.400000,0.516398
gpt4,mouth,valiantly,10,0.600000,0.699206
gpt4,mouth,vendingmachine,3,0.333333,0.577350
gpt4,mouth,vicious,10,0.900000,0.737865
gpt4,mouth,villa,10,0.500000,0.707107
gpt4,mouth,volatility,10,0.900000,0.737865
gpt4,mouth,warping,10,0.900000,0.567646
gpt4,mouth,washed out,10,0.600000,1.074968
gpt4,mouth,watch over,10,1.100000,0.737865
gpt4,mouth,water meter,10,0.200000,0.421637
gpt4,mouth,wayward,10,0.700000,0.823273
gpt4,mouth,weathertight,10,0.300000,0.483046
gpt4,mouth,webbing,10,0.600000,0.516398
gpt4,mouth,whitefish,10,4.000000,1.763834
gpt4,mouth,whooping,10,5.000000,0.000000
gpt4,mouth,wistful,10,0.900000,0.737865
gpt4,mouth,worsen,10,0.700000,0.948683
gpt4,mouth,wraithlike,10,0.300000,0.483046
gpt4,mouth,writhe,10,0.900000,0.737865
gpt4,mouth,yippee,10,3.200000,2.149935
gpt4,mouth,zap,10,0.800000,1.316561
gpt4,torso,abbreviate,10,0.500000,0.707107
gpt4,torso,abode,10,2.200000,1.873796
gpt4,torso,abscessed,10,4.200000,1.229273
gpt4,torso,abyss,10,1.300000,1.702939
gpt4,torso,accordance,10,0.700000,1.251666
gpt4,torso,adjunct,10,0.800000,1.032796
gpt4,torso,adjustment,10,2.900000,0.737865
gpt4,torso,aerial,10,0.500000,0.527046
gpt4,torso,aerially,10,1.400000,1.264911
gpt4,torso,affective,10,2.400000,1.897367
gpt4,torso,aftersale,10,1.200000,1.813529
gpt4,torso,aftershave,10,2.900000,2.078995
gpt4,torso,aging,10,4.400000,1.074968
gpt4,torso,alertness,10,2.200000,1.549193
gpt4,torso,allusively,10,0.500000,0.707107
gpt4,torso,aloe vera,10,2.700000,1.828782
gpt4,torso,always,10,0.700000,0.948683
gpt4,torso,ambitiously,10,2.100000,1.852926
gpt4,torso,americanize,10,0.900000,1.100505
gpt4,torso,amid,10,0.700000,1.059350
gpt4,torso,antler,10,0.900000,0.875595
gpt4,torso,apply,10,1.700000,1.494434
gpt4,torso,appreciatory,10,1.100000,1.728840
gpt4,torso,arrestingly,10,1.100000,0.994429
gpt4,torso,assassin,10,1.800000,0.918937
gpt4,torso,assignment,10,1.200000,1.229273
gpt4,torso,atmosphere,10,1.000000,1.563472
gpt4,torso,atomic,10,1.000000,1.247219
gpt4,torso,auction off,10,0.800000,1.135292
gpt4,torso,avail,10,1.500000,0.971825
gpt4,torso,balcony,10,1.800000,1.398412
gpt4,torso,baseball bat,10,0.700000,0.674949
gpt4,torso,befoul,10,2.000000,1.632993
gpt4,torso,befuddlement,10,1.400000,1.074968
gpt4,torso,behavioral,10,1.800000,1.475730
gpt4,torso,beige,10,0.500000,0.527046
gpt4,torso,belatedness,10,0.700000,0.674949
gpt4,torso,bend,10,2.800000,1.135292
gpt4,torso,billfold,10,1.100000,1.197219
gpt4,torso,bimolecular,10,0.900000,0.994429
gpt4,torso,biosphere,10,1.200000,1.316561
gpt4,torso,blockheaded,10,0.800000,1.032796
gpt4,torso,bluecoat,10,1.600000,1.837873
gpt4,torso,body building,10,4.900000,0.316228
gpt4,torso,bomb,10,1.100000,1.595131
gpt4,torso,boo,10,0.600000,0.699206
gpt4,torso,boundless,10,0.600000,1.264911
gpt4,torso,brainchild,10,1.100000,0.737865
gpt4,torso,brains,10,1.700000,1.766981
gpt4,torso,bubbler,10,1.400000,1.173788
gpt4,torso,budget,10,1.400000,1.577621
gpt4,torso,bureaucrat,10,1.500000,1.581139
gpt4,torso,busted,10,2.500000,1.715938
gpt4,torso,call girl,10,1.700000,0.823273
gpt4,torso,camper,10,2.100000,1.728840
gpt4,torso,cancer,10,4.500000,1.581139
gpt4,torso,casing,10,1.900000,1.197219
gpt4,torso,cent,10,0.300000,0.483046
gpt4,torso,challenge,10,3.600000,1.646545
gpt4,torso,chart,10,1.100000,1.523884
gpt4,torso,cheerfulness,10,3.400000,1.897367
gpt4,torso,chemistry,10,1.500000,1.178511
gpt4,torso,choreograph,10,1.800000,0.918937
gpt4,torso,churchman,10,1.000000,1.154701
gpt4,torso,civil suit,10,1.500000,1.840894
gpt4,torso,cleaner,10,2.500000,1.957890
gpt4,torso,cleanup,10,3.100000,1.100505
gpt4,torso,clearinghouse,10,1.100000,1.100505
gpt4,torso,clergy,10,1.400000,0.966092
gpt4,torso,climatologic,10,1.200000,1.686548
gpt4,torso,cling to,10,1.400000,0.966092
gpt4,torso,clownery,10,1.600000,1.173788
gpt4,torso,coil,10,1.000000,0.942809
gpt4,torso,collaterally,10,1.200000,1.229273
gpt4,torso,colonize,10,1.300000,1.636392
gpt4,torso,color,10,0.500000,0.849837
gpt4,torso,comatose,10,3.800000,2.043961
gpt4,torso,combust,10,2.700000,1.702939
gpt4,torso,commotion,10,2.800000,1.549193
gpt4,torso,compatibility,10,1.600000,1.577621
gpt4,torso,complicated,10,2.100000,1.370320
gpt4,torso,compositionally,10,0.800000,1.135292
gpt4,torso,compromising,10,1.800000,1.619328
gpt4,torso,confusability,10,1.100000,1.523884
gpt4,torso,congruously,10,1.600000,1.577621
gpt4,torso,constitution,10,1.100000,1.449138
gpt4,torso,cope with,10,3.300000,1.567021
gpt4,torso,copyholder,10,0.600000,1.074968
gpt4,torso,corpse,10,4.700000,0.674949
gpt4,torso,crackers,10,1.000000,1.247219
gpt4,torso,critter,10,0.800000,1.316561
gpt4,torso,culmination,10,2.000000,1.247219
gpt4,torso,curative,10,4.300000,0.823273
gpt4,torso,cutlet,10,1.100000,1.197219
gpt4,torso,deactivation,10,1.800000,1.549193
gpt4,torso,debark,10,1.000000,1.054093
gpt4,torso,decadent,10,2.100000,1.449138
gpt4,torso,decentness,10,1.000000,1.247219
gpt4,torso,decorative,10,2.400000,1.776388
gpt4,torso,deferred,10,0.600000,0.699206
gpt4,torso,definitely,10,0.400000,0.699206
gpt4,torso,definitive,10,1.000000,0.666667
gpt4,torso,deformed,10,4.300000,1.059350
gpt4,torso,degreaser,10,1.900000,1.791957
gpt4,torso,demographically,10,1.000000,1.247219
gpt4,torso,deodorant,10,4.000000,1.563472
gpt4,torso,departmentalize,10,0.900000,1.449138
gpt4,torso,depreciatively,10,1.300000,1.494434
gpt4,torso,detacher,10,0.900000,0.875595
gpt4,torso,disentanglement,10,2.200000,1.475730
gpt4,torso,disorient,10,1.400000,1.173788
gpt4,torso,disproof,10,1.000000,1.054093
gpt4,torso,disrespectful,10,1.200000,1.229273
gpt4,torso,dissect,10,2.600000,1.577621
gpt4,torso,doglike,10,1.700000,1.494434
gpt4,torso,dough,10,1.300000,1.418136
gpt4,torso,doze,10,1.600000,1.837873
gpt4,torso,dragged,10,2.400000,1.505545
gpt4,torso,drearily,10,1.200000,1.032796
gpt4,torso,drudge,10,2.500000,1.080123
gpt4,torso,dry cleaner,10,1.500000,1.178511
gpt4,torso,early,10,0.500000,0.707107
gpt4,torso,economy,10,0.900000,0.994429
gpt4,torso,eight,10,0.400000,0.516398
gpt4,torso,electrometer,10,0.400000,0.516398
gpt4,torso,emergency exit,10,2.000000,1.943651
gpt4,torso,emulator,10,0.900000,0.994429
gpt4,torso,engaged,10,2.200000,1.619328
gpt4,torso,entrenchment,10,1.600000,1.173788
gpt4,torso,entrepreneurship,10,1.400000,1.646545
gpt4,torso,epilepsy,10,4.000000,1.154701
gpt4,torso,erogenous,10,4.100000,1.370320
gpt4,torso,evolvement,10,1.800000,1.549193
gpt4,torso,excommunicable,10,1.200000,1.032796
gpt4,torso,expression,10,1.800000,1.619328
gpt4,torso,extendibility,10,1.600000,1.264911
gpt4,torso,extensively,10,1.300000,1.337494
gpt4,torso,extractive,10,1.500000,0.971825
gpt4,torso,extremism,10,0.800000,1.135292
gpt4,torso,eye drops,10,0.500000,0.849837
gpt4,torso,eyewash,10,0.800000,1.229273
gpt4,torso,factory,10,1.300000,1.251666
gpt4,torso,fanged,10,0.600000,0.699206
gpt4,torso,fat cat,10,1.200000,0.788811
gpt4,torso,fiendlike,10,1.400000,0.966092
gpt4,torso,filmgoer,10,1.300000,1.251666
gpt4,torso,find,10,1.300000,1.159502
gpt4,torso,fireboat,10,0.900000,0.737865
gpt4,torso,firecracker,10,1.600000,1.264911
gpt4,torso,flammable,10,1.900000,1.969207
gpt4,torso,flute,10,0.600000,0.516398
gpt4,torso,foodstuff,10,2.000000,1.763834
gpt4,torso,forbiddingly,10,1.100000,1.100505
gpt4,torso,formally,10,1.800000,1.549193
gpt4,torso,foster,10,2.500000,1.354006
gpt4,torso,friday,10,0.400000,0.516398
gpt4,torso,frown,10,0.700000,0.823273
gpt4,torso,fruit salad,10,0.600000,0.699206
gpt4,torso,fumigant,10,2.600000,1.429841
gpt4,torso,funeral home,10,1.600000,1.577621
gpt4,torso,garter belt,10,3.400000,2.065591
gpt4,torso,ghastly,10,2.000000,1.490712
gpt4,torso,google,10,0.700000,0.674949
gpt4,torso,grader,10,1.400000,1.505545
gpt4,torso,grandbaby,10,2.700000,1.888562
gpt4,torso,greenish,10,0.500000,0.707107
gpt4,torso,gulp,10,1.700000,1.494434
gpt4,torso,gushiness,10,2.800000,1.619328
gpt4,torso,hailstorm,10,2.300000,1.888562
gpt4,torso,halfcocked,10,0.900000,1.100505
gpt4,torso,happen,10,2.400000,1.264911
gpt4,torso,harm,10,4.000000,1.054093
gpt4,torso,havoc,10,2.700000,0.948683
gpt4,torso,hemophilia,10,4.900000,0.316228
gpt4,torso,heterosexual,10,2.500000,2.013841
gpt4,torso,highhanded,10,0.600000,0.843274
gpt4,torso,himself,10,4.500000,0.849837
gpt4,torso,hindrance,10,2.900000,1.286684
gpt4,torso,homestead,10,2.300000,1.337494
gpt4,torso,housemaster,10,1.300000,1.159502
gpt4,torso,hysteric,10,3.200000,1.398412
gpt4,torso,icing,10,1.700000,1.251666
gpt4,torso,illness,10,5.000000,0.000000
gpt4,torso,immigrant,10,1.500000,1.178511
gpt4,torso,impolite,10,1.300000,1.494434
gpt4,torso,inaudibility,10,0.600000,0.699206
gpt4,torso,inaugural,10,1.400000,0.966092
gpt4,torso,indirectly,10,0.800000,0.788811
gpt4,torso,inflamer,10,3.400000,1.646545
gpt4,torso,inflaming,10,3.900000,1.100505
gpt4,torso,inflexibly,10,1.200000,1.032796
gpt4,torso,institutional,10,1.500000,1.715938
gpt4,torso,instrumentally,10,1.000000,1.054093
gpt4,torso,intercept,10,1.100000,0.994429
gpt4,torso,intergrowth,10,2.000000,2.309401
gpt4,torso,intern,10,1.500000,1.509231
gpt4,torso,internalization,10,2.300000,1.702939
gpt4,torso,intoxicating,10,2.100000,1.370320
gpt4,torso,keel,10,2.900000,1.663330
gpt4,torso,keycard,10,0.500000,0.527046
gpt4,torso,kind,10,0.700000,1.251666
gpt4,torso,klutziness,10,2.800000,1.135292
gpt4,torso,lag,10,1.200000,1.316561
gpt4,torso,laser,10,0.800000,0.788811
gpt4,torso,leaflet,10,0.700000,0.483046
gpt4,torso,leanness,10,4.700000,0.948683
gpt4,torso,lessening,10,2.400000,1.173788
gpt4,torso,light beam,10,0.700000,0.674949
gpt4,torso,lightless,10,0.700000,0.823273
gpt4,torso,lightswitch,10,0.500000,0.707107
gpt4,torso,lingual,10,0.300000,0.674949
gpt4,torso,lipid,10,3.300000,2.057507
gpt4,torso,liver,10,5.000000,0.000000
gpt4,torso,logrolling,10,1.700000,1.636392
gpt4,torso,looping,10,1.000000,0.666667
gpt4,torso,loosely,10,1.100000,1.286684
gpt4,torso,looseness,10,3.100000,1.370320
gpt4,torso,lustrously,10,0.700000,0.674949
gpt4,torso,makeover,10,4.200000,1.316561
gpt4,torso,manly,10,1.600000,1.505545
gpt4,torso,marbling,10,1.300000,1.494434
gpt4,torso,married,10,2.400000,1.955050
gpt4,torso,may,10,1.000000,1.054093
gpt4,torso,meal,10,2.100000,1.286684
gpt4,torso,megawatt,10,0.900000,1.449138
gpt4,torso,microcomputer,10,0.700000,0.674949
gpt4,torso,midterm,10,0.600000,0.516398
gpt4,torso,mirth,10,2.400000,2.011080
gpt4,torso,misappropriate,10,1.400000,1.429841
gpt4,torso,mischaracterize,10,0.700000,1.059350
gpt4,torso,moneymaker,10,1.600000,1.897367
gpt4,torso,monocle,10,0.400000,0.516398
gpt4,torso,move on,10,2.000000,1.054093
gpt4,torso,mull over,10,0.900000,0.875595
gpt4,torso,multispecies,10,0.700000,0.823273
gpt4,torso,nationalism,10,0.800000,1.398412
gpt4,torso,nearsightedness,10,0.400000,0.699206
gpt4,torso,needs,10,2.000000,1.632993
gpt4,torso,newsmonger,10,1.300000,1.636392
gpt4,torso,noncurrent,10,1.000000,0.816497
gpt4,torso,nonproductively,10,1.200000,1.032796
gpt4,torso,nonresistant,10,2.200000,1.135292
gpt4,torso,nonsocial,10,1.500000,0.849837
gpt4,torso,nosepiece,10,0.800000,0.632456
gpt4,torso,noun,10,0.700000,0.823273
gpt4,torso,old fashioned,10,0.600000,0.966092
gpt4,torso,oscillate,10,1.200000,1.032796
gpt4,torso,ought,10,1.400000,1.173788
gpt4,torso,outpour,10,2.500000,0.971825
gpt4,torso,outrun,10,1.500000,1.178511
gpt4,torso,outtake,10,0.600000,0.699206
gpt4,torso,papyrus,10,0.700000,0.674949
gpt4,torso,partygoer,10,2.600000,0.843274
gpt4,torso,passenger ship,10,1.500000,1.354006
gpt4,torso,patio,10,0.900000,1.100505
gpt4,torso,peewee,10,0.900000,0.737865
gpt4,torso,perceptibly,10,1.700000,1.494434
gpt4,torso,perilously,10,3.100000,0.994429
gpt4,torso,persistent,10,1.400000,1.264911
gpt4,torso,pessimism,10,1.400000,1.577621
gpt4,torso,placenta,10,3.900000,1.523884
gpt4,torso,politician,10,1.800000,1.475730
gpt4,torso,postmodernist,10,1.100000,0.737865
gpt4,torso,precarious,10,1.300000,1.059350
gpt4,torso,precollege,10,0.700000,1.251666
gpt4,torso,predator,10,1.500000,0.707107
gpt4,torso,premarital,10,1.900000,1.969207
gpt4,torso,prime,10,0.800000,0.918937
gpt4,torso,primitive,10,2.100000,1.370320
gpt4,torso,probation officer,10,1.000000,1.247219
gpt4,torso,prohibit,10,1.300000,1.567021
gpt4,torso,prop up,10,3.000000,1.763834
gpt4,torso,protestor,10,2.000000,1.247219
gpt4,torso,prudishness,10,1.900000,1.523884
gpt4,torso,psycho,10,2.100000,1.100505
gpt4,torso,quill,10,0.500000,0.527046
gpt4,torso,rebuild,10,2.600000,1.505545
gpt4,torso,reconnect,10,2.000000,1.054093
gpt4,torso,reeducation,10,1.700000,1.337494
gpt4,torso,regenerate,10,4.000000,1.247219
gpt4,torso,regression,10,1.600000,1.349897
gpt4,torso,reinitiate,10,1.600000,1.349897
gpt4,torso,residual,10,1.600000,1.173788
gpt4,torso,reviving,10,3.000000,0.942809
gpt4,torso,reward,10,3.000000,1.699673
gpt4,torso,rewash,10,1.300000,1.494434
gpt4,torso,rhino,10,2.000000,1.943651
gpt4,torso,ringing,10,0.500000,0.527046
gpt4,torso,ripen,10,2.600000,1.646545
gpt4,torso,roaming,10,1.400000,1.074968
gpt4,torso,rockstar,10,1.700000,1.159502
gpt4,torso,sacredness,10,2.900000,1.449138
gpt4,torso,sadly,10,0.800000,1.316561
gpt4,torso,safflower,10,1.200000,1.032796
gpt4,torso,salting,10,1.400000,1.349897
gpt4,torso,sandblaster,10,1.300000,0.948683
gpt4,torso,scapegoat,10,0.900000,1.100505
gpt4,torso,scrupulously,10,1.200000,1.398412
gpt4,torso,sealer,10,0.800000,0.788811
gpt4,torso,seeder,10,1.000000,0.816497
gpt4,torso,senile,10,3.300000,1.567021
gpt4,torso,september,10,0.400000,0.516398
gpt4,torso,sexploitation,10,1.500000,1.900292
gpt4,torso,sharpener,10,0.600000,0.516398
gpt4,torso,shed,10,1.800000,1.686548
gpt4,torso,shenanigan,10,1.800000,1.032796
gpt4,torso,shirtless,10,5.000000,0.000000
gpt4,torso,shivering,10,4.500000,1.080123
gpt4,torso,shutterbug,10,0.800000,1.032796
gpt4,torso,sieve,10,1.000000,0.942809
gpt4,torso,silly,10,2.200000,1.619328
gpt4,torso,silversmith,10,0.800000,1.032796
gpt4,torso,skirted,10,2.400000,2.118700
gpt4,torso,slouch,10,3.900000,1.728840
gpt4,torso,snipping,10,0.500000,0.707107
gpt4,torso,snuffbox,10,0.500000,0.971825
gpt4,torso,solicitor,10,1.000000,1.247219
gpt4,torso,spank,10,2.100000,1.523884
gpt4,torso,spare parts,10,2.000000,1.885618
gpt4,torso,specialty,10,1.300000,1.337494
gpt4,torso,spindling,10,1.100000,1.449138
gpt4,torso,spinout,10,1.300000,1.059350
gpt4,torso,stereo,10,0.600000,0.843274
gpt4,torso,stew,10,2.600000,1.837873
gpt4,torso,streamlined,10,2.000000,1.763834
gpt4,torso,substituting,10,1.000000,1.247219
gpt4,torso,sundress,10,4.200000,1.619328
gpt4,torso,superiorly,10,0.800000,1.032796
gpt4,torso,suppository,10,4.100000,1.728840
gpt4,torso,surprised,10,2.100000,1.663330
gpt4,torso,sustainable,10,0.900000,1.100505
gpt4,torso,swiftly,10,2.000000,1.333333
gpt4,torso,synchronized,10,2.000000,0.816497
gpt4,torso,syndication,10,0.700000,0.948683
gpt4,torso,tableware,10,0.700000,1.059350
gpt4,torso,take,10,2.000000,0.942809
gpt4,torso,taller,10,3.800000,1.549193
gpt4,torso,tarpaper,10,1.900000,1.663330
gpt4,torso,thickheaded,10,1.300000,1.702939
gpt4,torso,tiara,10,0.300000,0.483046
gpt4,torso,tracker,10,0.800000,0.788811
gpt4,torso,tranquil,10,2.900000,1.595131
gpt4,torso,tunnel vision,10,0.500000,0.849837
gpt4,torso,turmoil,10,2.300000,1.828782
gpt4,torso,typographer,10,0.800000,1.316561
gpt4,torso,unambiguously,10,0.500000,0.849837
gpt4,torso,unconformity,10,1.600000,0.966092
gpt4,torso,uncontrolled,10,2.600000,1.776388
gpt4,torso,undernutrition,10,4.400000,1.577621
gpt4,torso,understandingly,10,1.500000,1.269296
gpt4,torso,unfoundedly,10,0.600000,0.966092
gpt4,torso,unhealthful,10,4.500000,0.971825
gpt4,torso,uninterruptible,10,0.600000,1.074968
gpt4,torso,unknowably,10,0.700000,0.823273
gpt4,torso,unlocked,10,1.200000,1.135292
gpt4,torso,unmanageably,10,3.300000,1.418136
gpt4,torso,unpurified,10,1.000000,1.333333
gpt4,torso,unrushed,10,0.500000,0.707107
gpt4,torso,unskilled,10,1.300000,1.251666
gpt4,torso,unthinking,10,0.700000,1.159502
gpt4,torso,untidy,10,2.100000,1.370320
gpt4,torso,unturned,10,0.500000,0.971825
gpt4,torso,unveiling,10,1.700000,0.823273
gpt4,torso,unvisited,10,0.400000,0.516398
gpt4,torso,valiantly,10,2.300000,1.494434
gpt4,torso,vendingmachine,3,0.666667,1.154701
gpt4,torso,vicious,10,1.900000,1.663330
gpt4,torso,villa,10,0.900000,1.595131
gpt4,torso,volatility,10,2.200000,1.316561
gpt4,torso,warping,10,2.400000,1.505545
gpt4,torso,washed out,10,1.700000,1.418136
gpt4,torso,watch over,10,1.800000,1.549193
gpt4,torso,water meter,10,0.800000,1.032796
gpt4,torso,wayward,10,2.400000,1.897367
gpt4,torso,weathertight,10,1.200000,1.549193
gpt4,torso,webbing,10,0.900000,0.994429
gpt4,torso,whitefish,10,1.600000,1.712698
gpt4,torso,whooping,10,2.400000,1.712698
gpt4,torso,wistful,10,2.000000,0.942809
gpt4,torso,worsen,10,2.200000,1.398412
gpt4,torso,wraithlike,10,0.300000,0.483046
gpt4,torso,writhe,10,4.600000,0.516398
gpt4,torso,yippee,10,1.500000,1.900292
gpt4,torso,zap,10,1.000000,0.816497
