gem15,foot,abbreviate,10,0.000000,0.000000
gem15,foot,abode,10,0.200000,0.421637
gem15,foot,abscessed,10,0.000000,0.000000
gem15,foot,abyss,10,0.000000,0.000000
gem15,foot,accordance,10,0.100000,0.316228
gem15,foot,adjunct,10,0.100000,0.316228
gem15,foot,adjustment,10,0.500000,0.707107
gem15,foot,aerial,10,0.000000,0.000000
gem15,foot,aerially,10,0.900000,0.994429
gem15,foot,affective,10,0.100000,0.316228
gem15,foot,aftersale,10,0.200000,0.421637
gem15,foot,aftershave,10,0.100000,0.316228
gem15,foot,aging,10,0.000000,0.000000
gem15,foot,alertness,10,0.000000,0.000000
gem15,foot,allusively,10,0.000000,0.000000
gem15,foot,aloe vera,10,0.300000,0.483046
gem15,foot,always,10,0.100000,0.316228
gem15,foot,ambitiously,10,0.000000,0.000000
gem15,foot,americanize,10,0.300000,0.483046
gem15,foot,amid,10,0.100000,0.316228
gem15,foot,antler,10,0.000000,0.000000
gem15,foot,apply,10,1.100000,0.994429
gem15,foot,appreciatory,10,0.000000,0.000000
gem15,foot,arrestingly,10,0.000000,0.000000
gem15,foot,assassin,10,0.400000,0.966092
gem15,foot,assignment,10,0.500000,0.707107
gem15,foot,atmosphere,10,0.000000,0.000000
gem15,foot,atomic,10,0.100000,0.316228
gem15,foot,auction off,10,0.300000,0.483046
gem15,foot,avail,10,0.200000,0.421637
gem15,foot,balcony,10,1.000000,0.666667
gem15,foot,baseball bat,10,0.900000,1.286684
gem15,foot,befoul,10,0.400000,0.699206
gem15,foot,befuddlement,10,0.100000,0.316228
gem15,foot,behavioral,10,0.100000,0.316228
gem15,foot,beige,10,0.000000,0.000000
gem15,foot,belatedness,10,0.100000,0.316228
gem15,foot,bend,10,1.700000,0.823273
gem15,foot,billfold,10,0.300000,0.483046
gem15,foot,bimolecular,10,0.000000,0.000000
gem15,foot,biosphere,10,0.000000,0.000000
gem15,foot,blockheaded,10,0.000000,0.000000
gem15,foot,bluecoat,10,0.100000,0.316228
gem15,foot,body building,10,2.200000,0.918937
gem15,foot,bomb,10,0.300000,0.483046
gem15,foot,boo,10,0.000000,0.000000
gem15,foot,boundless,10,0.100000,0.316228
gem15,foot,brainchild,10,0.100000,0.316228
gem15,foot,brains,10,0.000000,0.000000
gem15,foot,bubbler,10,0.100000,0.316228
gem15,foot,budget,10,0.200000,0.421637
gem15,foot,bureaucrat,10,0.100000,0.316228
gem15,foot,busted,10,0.000000,0.000000
gem15,foot,call girl,10,0.800000,0.788811
gem15,foot,camper,10,1.000000,0.816497
gem15,foot,cancer,10,0.000000,0.000000
gem15,foot,casing,10,0.300000,0.483046
gem15,foot,cent,10,0.100000,0.316228
gem15,foot,challenge,10,0.400000,0.516398
gem15,foot,chart,10,0.000000,0.000000
gem15,foot,cheerfulness,10,0.000000,0.000000
gem15,foot,chemistry,10,0.000000,0.000000
gem15,foot,choreograph,10,0.700000,0.823273
gem15,foot,churchman,10,0.200000,0.421637
gem15,foot,civil suit,10,0.200000,0.421637
gem15,foot,cleaner,10,0.600000,0.516398
gem15,foot,cleanup,10,1.100000,0.737865
gem15,foot,clearinghouse,10,0.300000,0.483046
gem15,foot,clergy,10,0.000000,0.000000
gem15,foot,climatologic,10,0.000000,0.000000
gem15,foot,cling to,10,0.600000,0.699206
gem15,foot,clownery,10,1.100000,1.286684
gem15,foot,coil,10,0.400000,0.699206
gem15,foot,collaterally,10,0.100000,0.316228
gem15,foot,colonize,10,0.500000,0.527046
gem15,foot,color,10,0.200000,0.421637
gem15,foot,comatose,10,0.000000,0.000000
gem15,foot,combust,10,0.000000,0.000000
gem15,foot,commotion,10,0.200000,0.421637
gem15,foot,compatibility,10,0.000000,0.000000
gem15,foot,complicated,10,0.100000,0.316228
gem15,foot,compositionally,10,0.000000,0.000000
gem15,foot,compromising,10,0.100000,0.316228
gem15,foot,confusability,10,0.000000,0.000000
gem15,foot,congruously,10,0.000000,0.000000
gem15,foot,constitution,10,0.000000,0.000000
gem15,foot,cope with,10,0.600000,0.699206
gem15,foot,copyholder,10,0.300000,0.483046
gem15,foot,corpse,10,0.000000,0.000000
gem15,foot,crackers,10,0.200000,0.421637
gem15,foot,critter,10,0.200000,0.421637
gem15,foot,culmination,10,0.100000,0.316228
gem15,foot,curative,10,0.200000,0.421637
gem15,foot,cutlet,10,0.300000,0.483046
gem15,foot,deactivation,10,0.100000,0.316228
gem15,foot,debark,10,1.200000,0.632456
gem15,foot,decadent,10,0.100000,0.316228
gem15,foot,decentness,10,0.000000,0.000000
gem15,foot,decorative,10,0.200000,0.421637
gem15,foot,deferred,10,0.000000,0.000000
gem15,foot,definitely,10,0.000000,0.000000
gem15,foot,definitive,10,0.000000,0.000000
gem15,foot,deformed,10,0.200000,0.421637
gem15,foot,degreaser,10,0.500000,0.527046
gem15,foot,demographically,10,0.000000,0.000000
gem15,foot,deodorant,10,0.000000,0.000000
gem15,foot,departmentalize,10,0.100000,0.316228
gem15,foot,depreciatively,10,0.000000,0.000000
gem15,foot,detacher,10,0.500000,0.527046
gem15,foot,disentanglement,10,0.300000,0.483046
gem15,foot,disorient,10,0.300000,0.483046
gem15,foot,disproof,10,0.000000,0.000000
gem15,foot,disrespectful,10,0.200000,0.421637
gem15,foot,dissect,10,0.600000,0.699206
gem15,foot,doglike,10,0.100000,0.316228
gem15,foot,dough,10,0.400000,0.699206
gem15,foot,doze,10,0.000000,0.000000
gem15,foot,dragged,10,2.100000,1.100505
gem15,foot,drearily,10,0.100000,0.316228
gem15,foot,drudge,10,1.400000,0.966092
gem15,foot,dry cleaner,10,0.300000,0.483046
gem15,foot,early,10,0.100000,0.316228
gem15,foot,economy,10,0.100000,0.316228
gem15,foot,eight,10,0.000000,0.000000
gem15,foot,electrometer,10,1.100000,1.100505
gem15,foot,emergency exit,10,1.100000,0.567646
gem15,foot,emulator,10,0.400000,0.516398
gem15,foot,engaged,10,0.600000,0.699206
gem15,foot,entrenchment,10,0.200000,0.421637
gem15,foot,entrepreneurship,10,0.300000,0.483046
gem15,foot,epilepsy,10,0.000000,0.000000
gem15,foot,erogenous,10,0.300000,0.483046
gem15,foot,evolvement,10,0.000000,0.000000
gem15,foot,excommunicable,10,0.000000,0.000000
gem15,foot,expression,10,0.000000,0.000000
gem15,foot,extendibility,10,0.100000,0.316228
gem15,foot,extensively,10,0.300000,0.483046
gem15,foot,extractive,10,0.900000,0.737865
gem15,foot,extremism,10,0.200000,0.421637
gem15,foot,eye drops,10,0.000000,0.000000
gem15,foot,eyewash,10,0.400000,0.516398
gem15,foot,factory,10,0.500000,0.527046
gem15,foot,fanged,10,0.000000,0.000000
gem15,foot,fat cat,10,0.000000,0.000000
gem15,foot,fiendlike,10,0.000000,0.000000
gem15,foot,filmgoer,10,0.400000,0.516398
gem15,foot,find,10,1.100000,1.197219
gem15,foot,fireboat,10,0.300000,0.483046
gem15,foot,firecracker,10,0.400000,0.699206
gem15,foot,flammable,10,0.100000,0.316228
gem15,foot,flute,10,0.000000,0.000000
gem15,foot,foodstuff,10,0.300000,0.483046
gem15,foot,forbiddingly,10,0.000000,0.000000
gem15,foot,formally,10,0.000000,0.000000
gem15,foot,foster,10,0.200000,0.421637
gem15,foot,friday,10,0.000000,0.000000
gem15,foot,frown,10,0.000000,0.000000
gem15,foot,fruit salad,10,0.300000,0.483046
gem15,foot,fumigant,10,0.000000,0.000000
gem15,foot,funeral home,10,0.200000,0.421637
gem15,foot,garter belt,10,0.200000,0.421637
gem15,foot,ghastly,10,0.100000,0.316228
gem15,foot,google,10,0.000000,0.000000
gem15,foot,grader,10,0.400000,0.516398
gem15,foot,grandbaby,10,0.100000,0.316228
gem15,foot,greenish,10,0.000000,0.000000
gem15,foot,gulp,10,0.100000,0.316228
gem15,foot,gushiness,10,0.000000,0.000000
gem15,foot,hailstorm,10,0.100000,0.316228
gem15,foot,halfcocked,10,0.300000,0.483046
gem15,foot,happen,10,0.000000,0.000000
gem15,foot,harm,10,0.100000,0.316228
gem15,foot,havoc,10,0.300000,0.674949
gem15,foot,hemophilia,10,0.100000,0.316228
gem15,foot,heterosexual,10,0.000000,0.000000
gem15,foot,highhanded,10,0.100000,0.316228
gem15,foot,himself,10,0.000000,0.000000
gem15,foot,hindrance,10,0.100000,0.316228
gem15,foot,homestead,10,0.900000,0.875595
gem15,foot,housemaster,10,0.200000,0.421637
gem15,foot,hysteric,10,0.500000,0.527046
gem15,foot,icing,10,0.100000,0.316228
gem15,foot,illness,10,0.200000,0.421637
gem15,foot,immigrant,10,0.300000,0.674949
gem15,foot,impolite,10,0.000000,0.000000
gem15,foot,inaudibility,10,0.000000,0.000000
gem15,foot,inaugural,10,0.000000,0.000000
gem15,foot,indirectly,10,0.000000,0.000000
gem15,foot,inflamer,10,0.100000,0.316228
gem15,foot,inflaming,10,0.100000,0.316228
gem15,foot,inflexibly,10,0.000000,0.000000
gem15,foot,institutional,10,0.100000,0.316228
gem15,foot,instrumentally,10,0.000000,0.000000
gem15,foot,intercept,10,0.700000,0.674949
gem15,foot,intergrowth,10,0.500000,0.527046
gem15,foot,intern,10,0.600000,0.699206
gem15,foot,internalization,10,0.100000,0.316228
gem15,foot,intoxicating,10,0.100000,0.316228
gem15,foot,keel,10,0.600000,0.966092
gem15,foot,keycard,10,0.200000,0.632456
gem15,foot,kind,10,0.100000,0.316228
gem15,foot,klutziness,10,1.400000,0.843274
gem15,foot,lag,10,0.300000,0.674949
gem15,foot,laser,10,0.100000,0.316228
gem15,foot,leaflet,10,0.300000,0.674949
gem15,foot,leanness,10,0.100000,0.316228
gem15,foot,lessening,10,0.100000,0.316228
gem15,foot,light beam,10,0.100000,0.316228
gem15,foot,lightless,10,0.000000,0.000000
gem15,foot,lightswitch,10,0.500000,0.707107
gem15,foot,lingual,10,0.000000,0.000000
gem15,foot,lipid,10,0.000000,0.000000
gem15,foot,liver,10,0.000000,0.000000
gem15,foot,logrolling,10,2.300000,1.251666
gem15,foot,looping,10,0.400000,0.516398
gem15,foot,loosely,10,0.000000,0.000000
gem15,foot,looseness,10,0.500000,0.527046
gem15,foot,lustrously,10,0.000000,0.000000
gem15,foot,makeover,10,0.300000,0.483046
gem15,foot,manly,10,0.100000,0.316228
gem15,foot,marbling,10,0.100000,0.316228
gem15,foot,married,10,0.000000,0.000000
gem15,foot,may,10,0.000000,0.000000
gem15,foot,meal,10,0.400000,0.516398
gem15,foot,megawatt,10,0.100000,0.316228
gem15,foot,microcomputer,10,1.100000,1.100505
gem15,foot,midterm,10,0.100000,0.316228
gem15,foot,mirth,10,0.000000,0.000000
gem15,foot,misappropriate,10,0.100000,0.316228
gem15,foot,mischaracterize,10,0.100000,0.316228
gem15,foot,moneymaker,10,0.300000,0.483046
gem15,foot,monocle,10,0.000000,0.000000
gem15,foot,move on,10,1.600000,0.843274
gem15,foot,mull over,10,0.000000,0.000000
gem15,foot,multispecies,10,0.000000,0.000000
gem15,foot,nationalism,10,0.100000,0.316228
gem15,foot,nearsightedness,10,0.100000,0.316228
gem15,foot,needs,10,0.100000,0.316228
gem15,foot,newsmonger,10,0.000000,0.000000
gem15,foot,noncurrent,10,0.100000,0.316228
gem15,foot,nonproductively,10,0.100000,0.316228
gem15,foot,nonresistant,10,0.200000,0.421637
gem15,foot,nonsocial,10,0.100000,0.316228
gem15,foot,nosepiece,10,0.100000,0.316228
gem15,foot,noun,10,0.000000,0.000000
gem15,foot,old fashioned,10,0.100000,0.316228
gem15,foot,oscillate,10,0.200000,0.421637
gem15,foot,ought,10,0.000000,0.000000
gem15,foot,outpour,10,0.100000,0.316228
gem15,foot,outrun,10,2.700000,1.251666
gem15,foot,outtake,10,0.200000,0.421637
gem15,foot,papyrus,10,0.200000,0.421637
gem15,foot,partygoer,10,1.100000,0.737865
gem15,foot,passenger ship,10,0.700000,0.674949
gem15,foot,patio,10,0.600000,0.699206
gem15,foot,peewee,10,0.100000,0.316228
gem15,foot,perceptibly,10,0.000000,0.000000
gem15,foot,perilously,10,0.700000,1.059350
gem15,foot,persistent,10,0.000000,0.000000
gem15,foot,pessimism,10,0.000000,0.000000
gem15,foot,placenta,10,0.000000,0.000000
gem15,foot,politician,10,0.100000,0.316228
gem15,foot,postmodernist,10,0.000000,0.000000
gem15,foot,precarious,10,0.100000,0.316228
gem15,foot,precollege,10,0.100000,0.316228
gem15,foot,predator,10,0.900000,0.737865
gem15,foot,premarital,10,0.000000,0.000000
gem15,foot,prime,10,0.100000,0.316228
gem15,foot,primitive,10,0.200000,0.421637
gem15,foot,probation officer,10,0.500000,0.527046
gem15,foot,prohibit,10,0.000000,0.000000
gem15,foot,prop up,10,1.300000,0.483046
gem15,foot,protestor,10,0.800000,0.632456
gem15,foot,prudishness,10,0.100000,0.316228
gem15,foot,psycho,10,0.100000,0.316228
gem15,foot,quill,10,0.200000,0.632456
gem15,foot,rebuild,10,1.300000,0.823273
gem15,foot,reconnect,10,0.500000,0.527046
gem15,foot,reeducation,10,0.200000,0.421637
gem15,foot,regenerate,10,0.200000,0.421637
gem15,foot,regression,10,0.000000,0.000000
gem15,foot,reinitiate,10,0.200000,0.421637
gem15,foot,residual,10,0.000000,0.000000
gem15,foot,reviving,10,0.300000,0.483046
gem15,foot,reward,10,0.000000,0.000000
gem15,foot,rewash,10,0.900000,0.994429
gem15,foot,rhino,10,0.000000,0.000000
gem15,foot,ringing,10,0.000000,0.000000
gem15,foot,ripen,10,0.000000,0.000000
gem15,foot,roaming,10,1.800000,1.135292
gem15,foot,rockstar,10,1.100000,0.994429
gem15,foot,sacredness,10,0.000000,0.000000
gem15,foot,sadly,10,0.200000,0.632456
gem15,foot,safflower,10,0.000000,0.000000
gem15,foot,salting,10,0.300000,0.483046
gem15,foot,sandblaster,10,1.000000,0.942809
gem15,foot,scapegoat,10,0.200000,0.421637
gem15,foot,scrupulously,10,0.000000,0.000000
gem15,foot,sealer,10,0.700000,0.674949
gem15,foot,seeder,10,0.900000,0.875595
gem15,foot,senile,10,0.100000,0.316228
gem15,foot,september,10,0.000000,0.000000
gem15,foot,sexploitation,10,0.100000,0.316228
gem15,foot,sharpener,10,0.600000,0.699206
gem15,foot,shed,10,0.500000,0.527046
gem15,foot,shenanigan,10,0.700000,0.823273
gem15,foot,shirtless,10,0.100000,0.316228
gem15,foot,shivering,10,0.300000,0.483046
gem15,foot,shutterbug,10,0.300000,0.674949
gem15,foot,sieve,10,0.800000,0.918937
gem15,foot,silly,10,0.100000,0.316228
gem15,foot,silversmith,10,0.300000,0.483046
gem15,foot,skirted,10,0.300000,0.483046
gem15,foot,slouch,10,0.400000,0.699206
gem15,foot,snipping,10,0.400000,0.699206
gem15,foot,snuffbox,10,0.200000,0.421637
gem15,foot,solicitor,10,0.500000,0.527046
gem15,foot,spank,10,0.300000,0.483046
gem15,foot,spare parts,10,0.500000,0.527046
gem15,foot,specialty,10,0.200000,0.421637
gem15,foot,spindling,10,0.500000,0.849837
gem15,foot,spinout,10,2.100000,1.197219
gem15,foot,stereo,10,0.300000,0.483046
gem15,foot,stew,10,0.000000,0.000000
gem15,foot,streamlined,10,0.100000,0.316228
gem15,foot,substituting,10,0.200000,0.421637
gem15,foot,sundress,10,0.400000,0.516398
gem15,foot,superiorly,10,0.000000,0.000000
gem15,foot,suppository,10,0.000000,0.000000
gem15,foot,surprised,10,0.000000,0.000000
gem15,foot,sustainable,10,0.100000,0.316228
gem15,foot,swiftly,10,1.500000,1.080123
gem15,foot,synchronized,10,0.300000,0.674949
gem15,foot,syndication,10,0.100000,0.316228
gem15,foot,tableware,10,0.600000,0.699206
gem15,foot,take,10,1.100000,0.567646
gem15,foot,taller,10,0.200000,0.421637
gem15,foot,tarpaper,10,0.800000,0.918937
gem15,foot,thickheaded,10,0.000000,0.000000
gem15,foot,tiara,10,0.000000,0.000000
gem15,foot,tracker,10,1.200000,1.229273
gem15,foot,tranquil,10,0.100000,0.316228
gem15,foot,tunnel vision,10,0.100000,0.316228
gem15,foot,turmoil,10,0.000000,0.000000
gem15,foot,typographer,10,0.300000,0.483046
gem15,foot,unambiguously,10,0.100000,0.316228
gem15,foot,unconformity,10,0.100000,0.316228
gem15,foot,uncontrolled,10,0.000000,0.000000
gem15,foot,undernutrition,10,0.100000,0.316228
gem15,foot,understandingly,10,0.100000,0.316228
gem15,foot,unfoundedly,10,0.000000,0.000000
gem15,foot,unhealthful,10,0.100000,0.316228
gem15,foot,uninterruptible,10,0.100000,0.316228
gem15,foot,unknowably,10,0.000000,0.000000
gem15,foot,unlocked,10,0.400000,0.516398
gem15,foot,unmanageably,10,0.900000,1.100505
gem15,foot,unpurified,10,0.000000,0.000000
gem15,foot,unrushed,10,0.100000,0.316228
gem15,foot,unskilled,10,0.100000,0.316228
gem15,foot,unthinking,10,0.200000,0.421637
gem15,foot,untidy,10,0.200000,0.421637
gem15,foot,unturned,10,0.200000,0.421637
gem15,foot,unveiling,10,0.200000,0.421637
gem15,foot,unvisited,10,0.000000,0.000000
gem15,foot,valiantly,10,0.700000,0.823273
gem15,foot,vendingmachine,8,1.000000,0.925820
gem15,foot,vicious,10,0.100000,0.316228
gem15,foot,villa,10,0.200000,0.421637
gem15,foot,volatility,10,0.100000,0.316228
gem15,foot,warping,10,0.900000,0.875595
gem15,foot,washed out,10,0.100000,0.316228
gem15,foot,watch over,10,0.500000,0.527046
gem15,foot,water meter,10,0.700000,0.823273
gem15,foot,wayward,10,0.000000,0.000000
gem15,foot,weathertight,10,0.100000,0.316228
gem15,foot,webbing,10,0.800000,0.632456
gem15,foot,whitefish,10,0.100000,0.316228
gem15,foot,whooping,10,0.000000,0.000000
gem15,foot,wistful,10,0.100000,0.316228
gem15,foot,worsen,10,0.100000,0.316228
gem15,foot,wraithlike,10,0.100000,0.316228
gem15,foot,writhe,10,1.600000,1.074968
gem15,foot,yippee,10,0.000000,0.000000
gem15,foot,zap,10,0.000000,0.000000
gem15,hand,abbreviate,10,1.200000,1.229273
gem15,hand,abode,10,0.300000,0.483046
gem15,hand,abscessed,10,0.000000,0.000000
gem15,hand,abyss,10,0.000000,0.000000
gem15,hand,accordance,10,0.000000,0.000000
gem15,hand,adjunct,10,0.500000,0.707107
gem15,hand,adjustment,10,1.500000,0.849837
gem15,hand,aerial,10,0.100000,0.316228
gem15,hand,aerially,10,0.200000,0.421637
gem15,hand,affective,10,0.200000,0.421637
gem15,hand,aftersale,10,0.600000,0.516398
gem15,hand,aftershave,10,0.800000,0.918937
gem15,hand,aging,10,0.000000,0.000000
gem15,hand,alertness,10,0.000000,0.000000
gem15,hand,allusively,10,0.000000,0.000000
gem15,hand,aloe vera,10,0.800000,0.421637
gem15,hand,always,10,0.000000,0.000000
gem15,hand,ambitiously,10,0.000000,0.000000
gem15,hand,americanize,10,0.400000,0.516398
gem15,hand,amid,10,0.100000,0.316228
gem15,hand,antler,10,0.100000,0.316228
gem15,hand,apply,10,2.500000,0.707107
gem15,hand,appreciatory,10,0.000000,0.000000
gem15,hand,arrestingly,10,0.000000,0.000000
gem15,hand,assassin,10,0.700000,0.674949
gem15,hand,assignment,10,1.200000,1.032796
gem15,hand,atmosphere,10,0.100000,0.316228
gem15,hand,atomic,10,0.200000,0.421637
gem15,hand,auction off,10,1.400000,0.966092
gem15,hand,avail,10,0.300000,0.483046
gem15,hand,balcony,10,0.400000,0.516398
gem15,hand,baseball bat,10,2.900000,0.994429
gem15,hand,befoul,10,0.800000,0.421637
gem15,hand,befuddlement,10,0.100000,0.316228
gem15,hand,behavioral,10,0.300000,0.483046
gem15,hand,beige,10,0.000000,0.000000
gem15,hand,belatedness,10,0.200000,0.421637
gem15,hand,bend,10,1.600000,0.843274
gem15,hand,billfold,10,1.900000,0.994429
gem15,hand,bimolecular,10,0.000000,0.000000
gem15,hand,biosphere,10,0.000000,0.000000
gem15,hand,blockheaded,10,0.000000,0.000000
gem15,hand,bluecoat,10,0.200000,0.421637
gem15,hand,body building,10,3.300000,1.159502
gem15,hand,bomb,10,0.500000,0.707107
gem15,hand,boo,10,0.300000,0.483046
gem15,hand,boundless,10,0.000000,0.000000
gem15,hand,brainchild,10,0.200000,0.421637
gem15,hand,brains,10,0.000000,0.000000
gem15,hand,bubbler,10,0.800000,0.918937
gem15,hand,budget,10,0.800000,0.788811
gem15,hand,bureaucrat,10,0.300000,0.483046
gem15,hand,busted,10,0.200000,0.421637
gem15,hand,call girl,10,0.700000,0.483046
gem15,hand,camper,10,0.600000,0.699206
gem15,hand,cancer,10,0.100000,0.316228
gem15,hand,casing,10,1.000000,0.816497
gem15,hand,cent,10,0.400000,0.699206
gem15,hand,challenge,10,0.600000,0.699206
gem15,hand,chart,10,1.300000,0.823273
gem15,hand,cheerfulness,10,0.000000,0.000000
gem15,hand,chemistry,10,0.500000,0.527046
gem15,hand,choreograph,10,2.600000,1.173788
gem15,hand,churchman,10,0.200000,0.421637
gem15,hand,civil suit,10,0.300000,0.483046
gem15,hand,cleaner,10,1.600000,0.699206
gem15,hand,cleanup,10,2.200000,0.918937
gem15,hand,clearinghouse,10,0.600000,0.843274
gem15,hand,clergy,10,0.200000,0.421637
gem15,hand,climatologic,10,0.000000,0.000000
gem15,hand,cling to,10,1.600000,0.966092
gem15,hand,clownery,10,1.400000,1.173788
gem15,hand,coil,10,1.600000,0.699206
gem15,hand,collaterally,10,0.300000,0.483046
gem15,hand,colonize,10,0.400000,0.516398
gem15,hand,color,10,0.200000,0.421637
gem15,hand,comatose,10,0.000000,0.000000
gem15,hand,combust,10,0.100000,0.316228
gem15,hand,commotion,10,0.100000,0.316228
gem15,hand,compatibility,10,0.200000,0.421637
gem15,hand,complicated,10,0.600000,0.843274
gem15,hand,compositionally,10,0.200000,0.421637
gem15,hand,compromising,10,0.400000,0.699206
gem15,hand,confusability,10,0.200000,0.421637
gem15,hand,congruously,10,0.000000,0.000000
gem15,hand,constitution,10,0.200000,0.421637
gem15,hand,cope with,10,0.800000,0.788811
gem15,hand,copyholder,10,2.200000,1.475730
gem15,hand,corpse,10,0.000000,0.000000
gem15,hand,crackers,10,0.900000,0.875595
gem15,hand,critter,10,0.500000,0.527046
gem15,hand,culmination,10,0.200000,0.421637
gem15,hand,curative,10,0.400000,0.699206
gem15,hand,cutlet,10,0.900000,0.316228
gem15,hand,deactivation,10,0.700000,0.674949
gem15,hand,debark,10,0.800000,0.788811
gem15,hand,decadent,10,0.200000,0.421637
gem15,hand,decentness,10,0.000000,0.000000
gem15,hand,decorative,10,1.200000,0.918937
gem15,hand,deferred,10,0.200000,0.421637
gem15,hand,definitely,10,0.000000,0.000000
gem15,hand,definitive,10,0.000000,0.000000
gem15,hand,deformed,10,0.700000,0.674949
gem15,hand,degreaser,10,1.500000,0.707107
gem15,hand,demographically,10,0.000000,0.000000
gem15,hand,deodorant,10,1.400000,0.516398
gem15,hand,departmentalize,10,0.300000,0.483046
gem15,hand,depreciatively,10,0.200000,0.421637
gem15,hand,detacher,10,2.000000,0.816497
gem15,hand,disentanglement,10,1.200000,1.135292
gem15,hand,disorient,10,0.200000,0.421637
gem15,hand,disproof,10,0.400000,0.516398
gem15,hand,disrespectful,10,0.200000,0.421637
gem15,hand,dissect,10,2.400000,1.173788
gem15,hand,doglike,10,0.000000,0.000000
gem15,hand,dough,10,2.100000,0.875595
gem15,hand,doze,10,0.000000,0.000000
gem15,hand,dragged,10,1.300000,0.823273
gem15,hand,drearily,10,0.100000,0.316228
gem15,hand,drudge,10,1.100000,0.875595
gem15,hand,dry cleaner,10,1.600000,1.074968
gem15,hand,early,10,0.100000,0.316228
gem15,hand,economy,10,0.500000,0.527046
gem15,hand,eight,10,0.000000,0.000000
gem15,hand,electrometer,10,2.300000,0.948683
gem15,hand,emergency exit,10,1.000000,0.000000
gem15,hand,emulator,10,1.600000,0.966092
gem15,hand,engaged,10,0.900000,0.737865
gem15,hand,entrenchment,10,0.300000,0.483046
gem15,hand,entrepreneurship,10,0.700000,0.823273
gem15,hand,epilepsy,10,0.000000,0.000000
gem15,hand,erogenous,10,0.300000,0.483046
gem15,hand,evolvement,10,0.000000,0.000000
gem15,hand,excommunicable,10,0.000000,0.000000
gem15,hand,expression,10,0.400000,0.699206
gem15,hand,extendibility,10,0.600000,0.699206
gem15,hand,extensively,10,0.400000,0.516398
gem15,hand,extractive,10,1.900000,1.197219
gem15,hand,extremism,10,0.200000,0.421637
gem15,hand,eye drops,10,1.100000,0.737865
gem15,hand,eyewash,10,0.700000,0.674949
gem15,hand,factory,10,0.800000,0.632456
gem15,hand,fanged,10,0.500000,0.527046
gem15,hand,fat cat,10,0.100000,0.316228
gem15,hand,fiendlike,10,0.000000,0.000000
gem15,hand,filmgoer,10,0.300000,0.483046
gem15,hand,find,10,1.400000,0.966092
gem15,hand,fireboat,10,0.500000,0.527046
gem15,hand,firecracker,10,0.600000,0.516398
gem15,hand,flammable,10,0.000000,0.000000
gem15,hand,flute,10,2.200000,1.135292
gem15,hand,foodstuff,10,0.900000,0.875595
gem15,hand,forbiddingly,10,0.200000,0.421637
gem15,hand,formally,10,0.200000,0.421637
gem15,hand,foster,10,0.800000,0.788811
gem15,hand,friday,10,0.000000,0.000000
gem15,hand,frown,10,0.100000,0.316228
gem15,hand,fruit salad,10,0.700000,0.823273
gem15,hand,fumigant,10,0.200000,0.421637
gem15,hand,funeral home,10,0.300000,0.483046
gem15,hand,garter belt,10,0.600000,0.516398
gem15,hand,ghastly,10,0.100000,0.316228
gem15,hand,google,10,1.000000,0.816497
gem15,hand,grader,10,1.500000,1.269296
gem15,hand,grandbaby,10,0.300000,0.483046
gem15,hand,greenish,10,0.100000,0.316228
gem15,hand,gulp,10,0.100000,0.316228
gem15,hand,gushiness,10,0.200000,0.421637
gem15,hand,hailstorm,10,0.100000,0.316228
gem15,hand,halfcocked,10,0.600000,0.516398
gem15,hand,happen,10,0.000000,0.000000
gem15,hand,harm,10,0.300000,0.483046
gem15,hand,havoc,10,0.400000,0.699206
gem15,hand,hemophilia,10,0.100000,0.316228
gem15,hand,heterosexual,10,0.000000,0.000000
gem15,hand,highhanded,10,0.100000,0.316228
gem15,hand,himself,10,0.000000,0.000000
gem15,hand,hindrance,10,0.100000,0.316228
gem15,hand,homestead,10,1.100000,0.875595
gem15,hand,housemaster,10,0.300000,0.483046
gem15,hand,hysteric,10,0.700000,0.674949
gem15,hand,icing,10,1.400000,0.516398
gem15,hand,illness,10,0.000000,0.000000
gem15,hand,immigrant,10,0.300000,0.483046
gem15,hand,impolite,10,0.200000,0.421637
gem15,hand,inaudibility,10,0.000000,0.000000
gem15,hand,inaugural,10,0.200000,0.421637
gem15,hand,indirectly,10,0.200000,0.421637
gem15,hand,inflamer,10,0.200000,0.421637
gem15,hand,inflaming,10,0.100000,0.316228
gem15,hand,inflexibly,10,0.200000,0.421637
gem15,hand,institutional,10,0.400000,0.516398
gem15,hand,instrumentally,10,0.600000,0.966092
gem15,hand,intercept,10,1.100000,0.994429
gem15,hand,intergrowth,10,0.800000,0.918937
gem15,hand,intern,10,0.900000,0.737865
gem15,hand,internalization,10,0.200000,0.421637
gem15,hand,intoxicating,10,0.200000,0.421637
gem15,hand,keel,10,0.900000,0.875595
gem15,hand,keycard,10,1.900000,0.875595
gem15,hand,kind,10,0.100000,0.316228
gem15,hand,klutziness,10,1.100000,1.100505
gem15,hand,lag,10,0.300000,0.483046
gem15,hand,laser,10,0.400000,0.516398
gem15,hand,leaflet,10,1.800000,0.788811
gem15,hand,leanness,10,0.000000,0.000000
gem15,hand,lessening,10,0.200000,0.421637
gem15,hand,light beam,10,0.400000,0.516398
gem15,hand,lightless,10,0.000000,0.000000
gem15,hand,lightswitch,10,2.500000,0.707107
gem15,hand,lingual,10,0.100000,0.316228
gem15,hand,lipid,10,0.000000,0.000000
gem15,hand,liver,10,0.000000,0.000000
gem15,hand,logrolling,10,2.400000,0.843274
gem15,hand,looping,10,0.700000,0.674949
gem15,hand,loosely,10,0.200000,0.421637
gem15,hand,looseness,10,0.600000,0.699206
gem15,hand,lustrously,10,0.200000,0.421637
gem15,hand,makeover,10,1.600000,0.966092
gem15,hand,manly,10,0.000000,0.000000
gem15,hand,marbling,10,0.700000,0.483046
gem15,hand,married,10,0.000000,0.000000
gem15,hand,may,10,0.000000,0.000000
gem15,hand,meal,10,1.000000,0.471405
gem15,hand,megawatt,10,0.100000,0.316228
gem15,hand,microcomputer,10,2.500000,0.971825
gem15,hand,midterm,10,0.500000,0.527046
gem15,hand,mirth,10,0.300000,0.483046
gem15,hand,misappropriate,10,0.900000,0.875595
gem15,hand,mischaracterize,10,0.200000,0.421637
gem15,hand,moneymaker,10,1.000000,0.666667
gem15,hand,monocle,10,0.600000,0.966092
gem15,hand,move on,10,1.000000,0.816497
gem15,hand,mull over,10,0.200000,0.421637
gem15,hand,multispecies,10,0.000000,0.000000
gem15,hand,nationalism,10,0.000000,0.000000
gem15,hand,nearsightedness,10,0.000000,0.000000
gem15,hand,needs,10,0.200000,0.421637
gem15,hand,newsmonger,10,0.200000,0.421637
gem15,hand,noncurrent,10,0.300000,0.483046
gem15,hand,nonproductively,10,0.400000,0.843274
gem15,hand,nonresistant,10,0.100000,0.316228
gem15,hand,nonsocial,10,0.100000,0.316228
gem15,hand,nosepiece,10,0.900000,0.875595
gem15,hand,noun,10,0.200000,0.421637
gem15,hand,old fashioned,10,0.000000,0.000000
gem15,hand,oscillate,10,0.800000,0.788811
gem15,hand,ought,10,0.100000,0.316228
gem15,hand,outpour,10,0.400000,0.516398
gem15,hand,outrun,10,2.000000,1.054093
gem15,hand,outtake,10,1.000000,0.666667
gem15,hand,papyrus,10,0.900000,0.875595
gem15,hand,partygoer,10,0.800000,0.421637
gem15,hand,passenger ship,10,0.600000,0.516398
gem15,hand,patio,10,0.900000,0.316228
gem15,hand,peewee,10,0.000000,0.000000
gem15,hand,perceptibly,10,0.000000,0.000000
gem15,hand,perilously,10,0.200000,0.421637
gem15,hand,persistent,10,0.300000,0.674949
gem15,hand,pessimism,10,0.200000,0.421637
gem15,hand,placenta,10,0.000000,0.000000
gem15,hand,politician,10,0.300000,0.483046
gem15,hand,postmodernist,10,0.000000,0.000000
gem15,hand,precarious,10,0.200000,0.421637
gem15,hand,precollege,10,0.000000,0.000000
gem15,hand,predator,10,0.800000,0.788811
gem15,hand,premarital,10,0.000000,0.000000
gem15,hand,prime,10,0.400000,0.516398
gem15,hand,primitive,10,0.200000,0.421637
gem15,hand,probation officer,10,0.800000,0.632456
gem15,hand,prohibit,10,0.000000,0.000000
gem15,hand,prop up,10,2.400000,0.516398
gem15,hand,protestor,10,1.000000,0.942809
gem15,hand,prudishness,10,0.200000,0.421637
gem15,hand,psycho,10,0.100000,0.316228
gem15,hand,quill,10,1.900000,1.370320
gem15,hand,rebuild,10,2.100000,0.567646
gem15,hand,reconnect,10,1.000000,0.816497
gem15,hand,reeducation,10,0.300000,0.483046
gem15,hand,regenerate,10,0.300000,0.483046
gem15,hand,regression,10,0.000000,0.000000
gem15,hand,reinitiate,10,0.500000,0.527046
gem15,hand,residual,10,0.000000,0.000000
gem15,hand,reviving,10,0.400000,0.516398
gem15,hand,reward,10,0.300000,0.483046
gem15,hand,rewash,10,1.900000,0.737865
gem15,hand,rhino,10,0.000000,0.000000
gem15,hand,ringing,10,0.000000,0.000000
gem15,hand,ripen,10,0.100000,0.316228
gem15,hand,roaming,10,0.600000,0.516398
gem15,hand,rockstar,10,1.100000,0.875595
gem15,hand,sacredness,10,0.000000,0.000000
gem15,hand,sadly,10,0.200000,0.632456
gem15,hand,safflower,10,0.200000,0.421637
gem15,hand,salting,10,1.800000,1.316561
gem15,hand,sandblaster,10,2.800000,1.316561
gem15,hand,scapegoat,10,0.200000,0.421637
gem15,hand,scrupulously,10,0.100000,0.316228
gem15,hand,sealer,10,2.200000,0.918937
gem15,hand,seeder,10,1.900000,0.567646
gem15,hand,senile,10,0.000000,0.000000
gem15,hand,september,10,0.000000,0.000000
gem15,hand,sexploitation,10,0.200000,0.421637
gem15,hand,sharpener,10,2.700000,1.159502
gem15,hand,shed,10,1.100000,0.567646
gem15,hand,shenanigan,10,1.000000,0.942809
gem15,hand,shirtless,10,0.100000,0.316228
gem15,hand,shivering,10,0.200000,0.421637
gem15,hand,shutterbug,10,2.000000,0.816497
gem15,hand,sieve,10,1.600000,0.699206
gem15,hand,silly,10,0.100000,0.316228
gem15,hand,silversmith,10,2.800000,1.398412
gem15,hand,skirted,10,0.400000,0.516398
gem15,hand,slouch,10,0.300000,0.483046
gem15,hand,snipping,10,2.300000,0.823273
gem15,hand,snuffbox,10,1.600000,0.516398
gem15,hand,solicitor,10,0.800000,0.788811
gem15,hand,spank,10,1.100000,0.567646
gem15,hand,spare parts,10,1.600000,0.699206
gem15,hand,specialty,10,0.400000,0.516398
gem15,hand,spindling,10,0.900000,0.875595
gem15,hand,spinout,10,1.200000,0.632456
gem15,hand,stereo,10,1.100000,0.875595
gem15,hand,stew,10,0.700000,0.483046
gem15,hand,streamlined,10,0.600000,0.699206
gem15,hand,substituting,10,1.500000,1.269296
gem15,hand,sundress,10,0.700000,0.483046
gem15,hand,superiorly,10,0.000000,0.000000
gem15,hand,suppository,10,0.500000,0.707107
gem15,hand,surprised,10,0.000000,0.000000
gem15,hand,sustainable,10,0.200000,0.421637
gem15,hand,swiftly,10,0.800000,1.032796
gem15,hand,synchronized,10,0.400000,0.699206
gem15,hand,syndication,10,0.600000,0.699206
gem15,hand,tableware,10,1.300000,0.674949
gem15,hand,take,10,2.200000,0.788811
gem15,hand,taller,10,0.100000,0.316228
gem15,hand,tarpaper,10,1.500000,0.707107
gem15,hand,thickheaded,10,0.200000,0.421637
gem15,hand,tiara,10,0.400000,0.516398
gem15,hand,tracker,10,1.600000,1.264911
gem15,hand,tranquil,10,0.100000,0.316228
gem15,hand,tunnel vision,10,0.200000,0.632456
gem15,hand,turmoil,10,0.000000,0.000000
gem15,hand,typographer,10,2.500000,1.178511
gem15,hand,unambiguously,10,0.000000,0.000000
gem15,hand,unconformity,10,0.100000,0.316228
gem15,hand,uncontrolled,10,0.000000,0.000000
gem15,hand,undernutrition,10,0.200000,0.421637
gem15,hand,understandingly,10,0.200000,0.421637
gem15,hand,unfoundedly,10,0.000000,0.000000
gem15,hand,unhealthful,10,0.100000,0.316228
gem15,hand,uninterruptible,10,0.000000,0.000000
gem15,hand,unknowably,10,0.000000,0.000000
gem15,hand,unlocked,10,1.600000,0.843274
gem15,hand,unmanageably,10,0.500000,0.849837
gem15,hand,unpurified,10,0.000000,0.000000
gem15,hand,unrushed,10,0.000000,0.000000
gem15,hand,unskilled,10,0.300000,0.483046
gem15,hand,unthinking,10,0.100000,0.316228
gem15,hand,untidy,10,0.800000,0.788811
gem15,hand,unturned,10,0.200000,0.421637
gem15,hand,unveiling,10,0.900000,0.875595
gem15,hand,unvisited,10,0.000000,0.000000
gem15,hand,valiantly,10,0.200000,0.421637
gem15,hand,vendingmachine,8,1.750000,0.707107
gem15,hand,vicious,10,0.200000,0.421637
gem15,hand,villa,10,0.200000,0.421637
gem15,hand,volatility,10,0.100000,0.316228
gem15,hand,warping,10,0.600000,0.843274
gem15,hand,washed out,10,0.000000,0.000000
gem15,hand,watch over,10,0.600000,0.699206
gem15,hand,water meter,10,1.500000,0.849837
gem15,hand,wayward,10,0.000000,0.000000
gem15,hand,weathertight,10,0.100000,0.316228
gem15,hand,webbing,10,2.000000,0.942809
gem15,hand,whitefish,10,0.100000,0.316228
gem15,hand,whooping,10,0.000000,0.000000
gem15,hand,wistful,10,0.100000,0.316228
gem15,hand,worsen,10,0.000000,0.000000
gem15,hand,wraithlike,10,0.000000,0.000000
gem15,hand,writhe,10,1.100000,1.100505
gem15,hand,yippee,10,0.000000,0.000000
gem15,hand,zap,10,0.600000,0.516398
gem15,head,abbreviate,10,2.000000,1.414214
gem15,head,abode,10,0.500000,0.527046
gem15,head,abscessed,10,0.300000,0.483046
gem15,head,abyss,10,1.100000,0.875595
gem15,head,accordance,10,1.200000,1.398412
gem15,head,adjunct,10,0.800000,0.918937
gem15,head,adjustment,10,1.200000,1.032796
gem15,head,aerial,10,0.900000,0.737865
gem15,head,aerially,10,0.400000,0.516398
gem15,head,affective,10,2.200000,1.619328
gem15,head,aftersale,10,0.900000,0.875595
gem15,head,aftershave,10,0.000000,0.000000
gem15,head,aging,10,1.300000,1.828782
gem15,head,alertness,10,3.000000,1.563472
gem15,head,allusively,10,1.100000,1.370320
gem15,head,aloe vera,10,0.100000,0.316228
gem15,head,always,10,0.400000,0.966092
gem15,head,ambitiously,10,1.800000,1.316561
gem15,head,americanize,10,0.600000,0.966092
gem15,head,amid,10,0.300000,0.674949
gem15,head,antler,10,0.100000,0.316228
gem15,head,apply,10,0.700000,0.674949
gem15,head,appreciatory,10,1.100000,1.370320
gem15,head,arrestingly,10,1.800000,1.316561
gem15,head,assassin,10,0.800000,0.918937
gem15,head,assignment,10,0.500000,0.707107
gem15,head,atmosphere,10,1.200000,1.398412
gem15,head,atomic,10,0.200000,0.421637
gem15,head,auction off,10,0.400000,0.516398
gem15,head,avail,10,0.700000,0.674949
gem15,head,balcony,10,0.600000,0.516398
gem15,head,baseball bat,10,0.000000,0.000000
gem15,head,befoul,10,0.200000,0.421637
gem15,head,befuddlement,10,3.000000,1.943651
gem15,head,behavioral,10,2.200000,1.988858
gem15,head,beige,10,0.100000,0.316228
gem15,head,belatedness,10,1.000000,1.247219
gem15,head,bend,10,0.600000,0.699206
gem15,head,billfold,10,0.100000,0.316228
gem15,head,bimolecular,10,1.300000,1.494434
gem15,head,biosphere,10,0.900000,1.197219
gem15,head,blockheaded,10,2.300000,1.567021
gem15,head,bluecoat,10,0.400000,0.516398
gem15,head,body building,10,0.500000,0.527046
gem15,head,bomb,10,0.200000,0.421637
gem15,head,boo,10,0.600000,0.966092
gem15,head,boundless,10,1.500000,1.779513
gem15,head,brainchild,10,2.000000,1.763834
gem15,head,brains,10,3.700000,1.159502
gem15,head,bubbler,10,0.000000,0.000000
gem15,head,budget,10,1.100000,1.449138
gem15,head,bureaucrat,10,1.700000,1.494434
gem15,head,busted,10,0.300000,0.483046
gem15,head,call girl,10,1.100000,0.737865
gem15,head,camper,10,0.200000,0.421637
gem15,head,cancer,10,0.100000,0.316228
gem15,head,casing,10,0.200000,0.421637
gem15,head,cent,10,0.100000,0.316228
gem15,head,challenge,10,1.200000,1.135292
gem15,head,chart,10,0.800000,0.788811
gem15,head,cheerfulness,10,1.300000,1.059350
gem15,head,chemistry,10,1.200000,1.316561
gem15,head,choreograph,10,1.100000,0.994429
gem15,head,churchman,10,0.600000,0.966092
gem15,head,civil suit,10,0.600000,0.966092
gem15,head,cleaner,10,0.200000,0.421637
gem15,head,cleanup,10,0.300000,0.483046
gem15,head,clearinghouse,10,0.700000,0.674949
gem15,head,clergy,10,1.400000,1.577621
gem15,head,climatologic,10,0.700000,1.251666
gem15,head,cling to,10,0.400000,0.516398
gem15,head,clownery,10,0.600000,0.699206
gem15,head,coil,10,0.000000,0.000000
gem15,head,collaterally,10,0.900000,1.100505
gem15,head,colonize,10,1.200000,1.229273
gem15,head,color,10,0.800000,0.918937
gem15,head,comatose,10,1.000000,1.885618
gem15,head,combust,10,0.200000,0.421637
gem15,head,commotion,10,0.700000,0.823273
gem15,head,compatibility,10,1.700000,1.494434
gem15,head,complicated,10,1.700000,1.636392
gem15,head,compositionally,10,0.800000,1.032796
gem15,head,compromising,10,0.700000,0.948683
gem15,head,confusability,10,3.300000,0.823273
gem15,head,congruously,10,1.600000,1.264911
gem15,head,constitution,10,1.900000,1.728840
gem15,head,cope with,10,1.400000,0.966092
gem15,head,copyholder,10,1.100000,1.100505
gem15,head,corpse,10,0.000000,0.000000
gem15,head,crackers,10,0.100000,0.316228
gem15,head,critter,10,0.300000,0.483046
gem15,head,culmination,10,0.800000,1.032796
gem15,head,curative,10,0.600000,0.699206
gem15,head,cutlet,10,0.000000,0.000000
gem15,head,deactivation,10,0.300000,0.483046
gem15,head,debark,10,0.000000,0.000000
gem15,head,decadent,10,0.600000,0.699206
gem15,head,decentness,10,0.500000,0.971825
gem15,head,decorative,10,0.800000,0.918937
gem15,head,deferred,10,1.800000,1.549193
gem15,head,definitely,10,1.100000,1.449138
gem15,head,definitive,10,1.200000,1.398412
gem15,head,deformed,10,1.000000,1.054093
gem15,head,degreaser,10,0.100000,0.316228
gem15,head,demographically,10,1.300000,1.494434
gem15,head,deodorant,10,0.200000,0.421637
gem15,head,departmentalize,10,1.900000,1.852926
gem15,head,depreciatively,10,2.300000,1.702939
gem15,head,detacher,10,0.700000,0.674949
gem15,head,disentanglement,10,0.800000,0.788811
gem15,head,disorient,10,2.600000,1.837873
gem15,head,disproof,10,1.000000,1.154701
gem15,head,disrespectful,10,0.700000,0.948683
gem15,head,dissect,10,0.600000,0.699206
gem15,head,doglike,10,0.300000,0.483046
gem15,head,dough,10,0.000000,0.000000
gem15,head,doze,10,1.000000,1.414214
gem15,head,dragged,10,0.200000,0.421637
gem15,head,drearily,10,1.000000,1.054093
gem15,head,drudge,10,0.200000,0.421637
gem15,head,dry cleaner,10,0.200000,0.421637
gem15,head,early,10,1.200000,1.549193
gem15,head,economy,10,1.200000,1.316561
gem15,head,eight,10,0.100000,0.316228
gem15,head,electrometer,10,0.800000,1.032796
gem15,head,emergency exit,10,0.800000,0.788811
gem15,head,emulator,10,1.400000,0.966092
gem15,head,engaged,10,0.600000,0.699206
gem15,head,entrenchment,10,0.800000,1.032796
gem15,head,entrepreneurship,10,0.800000,1.135292
gem15,head,epilepsy,10,2.000000,1.414214
gem15,head,erogenous,10,0.400000,0.699206
gem15,head,evolvement,10,1.200000,1.316561
gem15,head,excommunicable,10,0.900000,1.100505
gem15,head,expression,10,3.200000,1.032796
gem15,head,extendibility,10,0.500000,0.849837
gem15,head,extensively,10,0.600000,0.699206
gem15,head,extractive,10,0.300000,0.483046
gem15,head,extremism,10,0.600000,0.966092
gem15,head,eye drops,10,1.200000,1.549193
gem15,head,eyewash,10,0.500000,0.527046
gem15,head,factory,10,0.200000,0.421637
gem15,head,fanged,10,1.000000,1.247219
gem15,head,fat cat,10,0.000000,0.000000
gem15,head,fiendlike,10,1.000000,0.816497
gem15,head,filmgoer,10,1.000000,0.666667
gem15,head,find,10,0.800000,0.918937
gem15,head,fireboat,10,0.300000,0.483046
gem15,head,firecracker,10,0.000000,0.000000
gem15,head,flammable,10,0.400000,0.516398
gem15,head,flute,10,0.100000,0.316228
gem15,head,foodstuff,10,0.100000,0.316228
gem15,head,forbiddingly,10,2.800000,1.475730
gem15,head,formally,10,0.600000,0.699206
gem15,head,foster,10,0.700000,0.823273
gem15,head,friday,10,0.000000,0.000000
gem15,head,frown,10,3.400000,1.074968
gem15,head,fruit salad,10,0.100000,0.316228
gem15,head,fumigant,10,0.200000,0.421637
gem15,head,funeral home,10,0.900000,1.286684
gem15,head,garter belt,10,0.100000,0.316228
gem15,head,ghastly,10,1.500000,1.715938
gem15,head,google,10,1.000000,1.054093
gem15,head,grader,10,0.400000,0.699206
gem15,head,grandbaby,10,0.200000,0.421637
gem15,head,greenish,10,0.500000,0.527046
gem15,head,gulp,10,0.000000,0.000000
gem15,head,gushiness,10,0.600000,0.966092
gem15,head,hailstorm,10,0.100000,0.316228
gem15,head,halfcocked,10,0.500000,0.707107
gem15,head,happen,10,0.100000,0.316228
gem15,head,harm,10,0.300000,0.483046
gem15,head,havoc,10,0.500000,0.707107
gem15,head,hemophilia,10,0.300000,0.674949
gem15,head,heterosexual,10,0.100000,0.316228
gem15,head,highhanded,10,2.500000,1.779513
gem15,head,himself,10,0.000000,0.000000
gem15,head,hindrance,10,0.400000,0.699206
gem15,head,homestead,10,0.300000,0.483046
gem15,head,housemaster,10,0.600000,0.966092
gem15,head,hysteric,10,2.400000,1.264911
gem15,head,icing,10,0.200000,0.421637
gem15,head,illness,10,1.200000,0.918937
gem15,head,immigrant,10,0.700000,0.948683
gem15,head,impolite,10,2.300000,1.636392
gem15,head,inaudibility,10,2.100000,1.663330
gem15,head,inaugural,10,1.100000,1.370320
gem15,head,indirectly,10,1.700000,1.494434
gem15,head,inflamer,10,0.400000,0.699206
gem15,head,inflaming,10,0.500000,0.707107
gem15,head,inflexibly,10,1.800000,1.549193
gem15,head,institutional,10,1.000000,1.154701
gem15,head,instrumentally,10,0.600000,0.699206
gem15,head,intercept,10,0.400000,0.699206
gem15,head,intergrowth,10,0.300000,0.483046
gem15,head,intern,10,1.000000,1.054093
gem15,head,internalization,10,2.300000,2.002776
gem15,head,intoxicating,10,0.900000,0.875595
gem15,head,keel,10,0.000000,0.000000
gem15,head,keycard,10,0.000000,0.000000
gem15,head,kind,10,1.100000,1.286684
gem15,head,klutziness,10,0.400000,0.699206
gem15,head,lag,10,0.200000,0.421637
gem15,head,laser,10,0.100000,0.316228
gem15,head,leaflet,10,0.000000,0.000000
gem15,head,leanness,10,0.700000,1.337494
gem15,head,lessening,10,0.500000,0.527046
gem15,head,light beam,10,0.300000,0.483046
gem15,head,lightless,10,0.400000,0.516398
gem15,head,lightswitch,10,0.300000,0.483046
gem15,head,lingual,10,2.000000,2.160247
gem15,head,lipid,10,0.500000,1.269296
gem15,head,liver,10,0.100000,0.316228
gem15,head,logrolling,10,0.100000,0.316228
gem15,head,looping,10,0.600000,0.699206
gem15,head,loosely,10,0.200000,0.421637
gem15,head,looseness,10,0.300000,0.483046
gem15,head,lustrously,10,0.100000,0.316228
gem15,head,makeover,10,0.400000,0.516398
gem15,head,manly,10,1.000000,1.247219
gem15,head,marbling,10,0.100000,0.316228
gem15,head,married,10,0.200000,0.421637
gem15,head,may,10,0.600000,0.843274
gem15,head,meal,10,0.200000,0.421637
gem15,head,megawatt,10,0.100000,0.316228
gem15,head,microcomputer,10,0.700000,1.059350
gem15,head,midterm,10,1.900000,1.791957
gem15,head,mirth,10,2.100000,1.911951
gem15,head,misappropriate,10,0.700000,0.823273
gem15,head,mischaracterize,10,2.000000,1.943651
gem15,head,moneymaker,10,0.800000,1.032796
gem15,head,monocle,10,1.800000,1.813529
gem15,head,move on,10,0.800000,0.632456
gem15,head,mull over,10,3.400000,0.843274
gem15,head,multispecies,10,0.800000,1.032796
gem15,head,nationalism,10,1.900000,1.852926
gem15,head,nearsightedness,10,4.100000,0.737865
gem15,head,needs,10,0.900000,1.100505
gem15,head,newsmonger,10,1.700000,1.494434
gem15,head,noncurrent,10,0.700000,0.823273
gem15,head,nonproductively,10,0.700000,0.823273
gem15,head,nonresistant,10,0.400000,0.966092
gem15,head,nonsocial,10,1.000000,1.054093
gem15,head,nosepiece,10,0.700000,0.483046
gem15,head,noun,10,2.400000,2.011080
gem15,head,old fashioned,10,1.100000,1.286684
gem15,head,oscillate,10,0.700000,0.948683
gem15,head,ought,10,1.000000,1.333333
gem15,head,outpour,10,0.300000,0.483046
gem15,head,outrun,10,0.900000,0.875595
gem15,head,outtake,10,0.700000,0.823273
gem15,head,papyrus,10,0.300000,0.483046
gem15,head,partygoer,10,1.200000,0.788811
gem15,head,passenger ship,10,0.500000,0.527046
gem15,head,patio,10,0.100000,0.316228
gem15,head,peewee,10,0.100000,0.316228
gem15,head,perceptibly,10,1.600000,1.074968
gem15,head,perilously,10,0.900000,0.737865
gem15,head,persistent,10,1.800000,1.549193
gem15,head,pessimism,10,3.200000,1.032796
gem15,head,placenta,10,0.000000,0.000000
gem15,head,politician,10,2.100000,1.449138
gem15,head,postmodernist,10,1.200000,1.398412
gem15,head,precarious,10,2.100000,1.286684
gem15,head,precollege,10,1.100000,1.370320
gem15,head,predator,10,0.900000,0.875595
gem15,head,premarital,10,1.300000,1.567021
gem15,head,prime,10,0.400000,0.516398
gem15,head,primitive,10,0.700000,1.059350
gem15,head,probation officer,10,1.500000,1.433721
gem15,head,prohibit,10,0.700000,0.823273
gem15,head,prop up,10,0.600000,0.516398
gem15,head,protestor,10,1.600000,0.966092
gem15,head,prudishness,10,1.300000,1.059350
gem15,head,psycho,10,2.200000,1.619328
gem15,head,quill,10,0.100000,0.316228
gem15,head,rebuild,10,0.700000,0.674949
gem15,head,reconnect,10,0.900000,0.737865
gem15,head,reeducation,10,0.700000,0.948683
gem15,head,regenerate,10,0.400000,0.516398
gem15,head,regression,10,1.400000,1.264911
gem15,head,reinitiate,10,0.600000,0.966092
gem15,head,residual,10,0.700000,0.823273
gem15,head,reviving,10,0.800000,0.632456
gem15,head,reward,10,0.700000,0.823273
gem15,head,rewash,10,0.000000,0.000000
gem15,head,rhino,10,0.200000,0.421637
gem15,head,ringing,10,1.800000,1.813529
gem15,head,ripen,10,0.000000,0.000000
gem15,head,roaming,10,0.500000,0.527046
gem15,head,rockstar,10,0.600000,0.699206
gem15,head,sacredness,10,1.800000,1.619328
gem15,head,sadly,10,2.300000,1.828782
gem15,head,safflower,10,0.000000,0.000000
gem15,head,salting,10,0.000000,0.000000
gem15,head,sandblaster,10,0.300000,0.483046
gem15,head,scapegoat,10,0.600000,0.966092
gem15,head,scrupulously,10,0.700000,0.948683
gem15,head,sealer,10,0.300000,0.483046
gem15,head,seeder,10,0.000000,0.000000
gem15,head,senile,10,2.800000,1.873796
gem15,head,september,10,0.300000,0.483046
gem15,head,sexploitation,10,1.200000,1.619328
gem15,head,sharpener,10,0.300000,0.483046
gem15,head,shed,10,0.200000,0.421637
gem15,head,shenanigan,10,0.500000,0.527046
gem15,head,shirtless,10,0.000000,0.000000
gem15,head,shivering,10,1.000000,1.699673
gem15,head,shutterbug,10,0.900000,1.100505
gem15,head,sieve,10,0.200000,0.421637
gem15,head,silly,10,1.300000,0.948683
gem15,head,silversmith,10,0.100000,0.316228
gem15,head,skirted,10,0.100000,0.316228
gem15,head,slouch,10,0.200000,0.421637
gem15,head,snipping,10,0.100000,0.316228
gem15,head,snuffbox,10,0.600000,0.516398
gem15,head,solicitor,10,1.400000,1.349897
gem15,head,spank,10,0.000000,0.000000
gem15,head,spare parts,10,0.200000,0.421637
gem15,head,specialty,10,0.600000,0.699206
gem15,head,spindling,10,0.400000,0.516398
gem15,head,spinout,10,1.000000,0.942809
gem15,head,stereo,10,0.500000,0.527046
gem15,head,stew,10,0.000000,0.000000
gem15,head,streamlined,10,0.300000,0.483046
gem15,head,substituting,10,0.400000,0.516398
gem15,head,sundress,10,0.100000,0.316228
gem15,head,superiorly,10,1.100000,1.370320
gem15,head,suppository,10,0.000000,0.000000
gem15,head,surprised,10,2.400000,1.505545
gem15,head,sustainable,10,1.400000,1.577621
gem15,head,swiftly,10,0.500000,0.527046
gem15,head,synchronized,10,1.100000,1.370320
gem15,head,syndication,10,0.400000,0.699206
gem15,head,tableware,10,0.000000,0.000000
gem15,head,take,10,0.900000,0.316228
gem15,head,taller,10,0.400000,1.264911
gem15,head,tarpaper,10,0.000000,0.000000
gem15,head,thickheaded,10,3.600000,0.843274
gem15,head,tiara,10,0.400000,0.516398
gem15,head,tracker,10,0.400000,0.516398
gem15,head,tranquil,10,1.600000,1.577621
gem15,head,tunnel vision,10,4.000000,0.666667
gem15,head,turmoil,10,1.100000,1.449138
gem15,head,typographer,10,1.000000,1.154701
gem15,head,unambiguously,10,2.000000,1.943651
gem15,head,unconformity,10,0.900000,0.994429
gem15,head,uncontrolled,10,0.300000,0.483046
gem15,head,undernutrition,10,0.200000,0.421637
gem15,head,understandingly,10,2.300000,1.636392
gem15,head,unfoundedly,10,0.600000,1.264911
gem15,head,unhealthful,10,0.500000,0.849837
gem15,head,uninterruptible,10,1.000000,1.490712
gem15,head,unknowably,10,1.800000,1.686548
gem15,head,unlocked,10,0.100000,0.316228
gem15,head,unmanageably,10,0.300000,0.483046
gem15,head,unpurified,10,0.100000,0.316228
gem15,head,unrushed,10,0.500000,0.849837
gem15,head,unskilled,10,0.200000,0.421637
gem15,head,unthinking,10,1.800000,1.751190
gem15,head,untidy,10,0.300000,0.483046
gem15,head,unturned,10,0.400000,0.516398
gem15,head,unveiling,10,1.200000,1.135292
gem15,head,unvisited,10,0.300000,0.483046
gem15,head,valiantly,10,0.600000,0.699206
gem15,head,vendingmachine,8,0.250000,0.462910
gem15,head,vicious,10,1.900000,1.449138
gem15,head,villa,10,0.400000,0.699206
gem15,head,volatility,10,1.000000,1.054093
gem15,head,warping,10,0.200000,0.421637
gem15,head,washed out,10,0.600000,0.843274
gem15,head,watch over,10,1.800000,1.398412
gem15,head,water meter,10,0.300000,0.483046
gem15,head,wayward,10,0.900000,0.875595
gem15,head,weathertight,10,0.200000,0.421637
gem15,head,webbing,10,0.300000,0.483046
gem15,head,whitefish,10,0.000000,0.000000
gem15,head,whooping,10,0.100000,0.316228
gem15,head,wistful,10,1.900000,1.663330
gem15,head,worsen,10,0.600000,0.966092
gem15,head,wraithlike,10,1.700000,1.636392
gem15,head,writhe,10,0.700000,0.823273
gem15,head,yippee,10,0.500000,1.269296
gem15,head,zap,10,0.200000,0.421637
gem15,mouth,abbreviate,10,0.200000,0.421637
gem15,mouth,abode,10,0.000000,0.000000
gem15,mouth,abscessed,10,0.500000,1.269296
gem15,mouth,abyss,10,0.000000,0.000000
gem15,mouth,accordance,10,0.000000,0.000000
gem15,mouth,adjunct,10,0.000000,0.000000
gem15,mouth,adjustment,10,0.100000,0.316228
gem15,mouth,aerial,10,0.000000,0.000000
gem15,mouth,aerially,10,0.100000,0.316228
gem15,mouth,affective,10,0.700000,1.251666
gem15,mouth,aftersale,10,0.000000,0.000000
gem15,mouth,aftershave,10,0.400000,0.516398
gem15,mouth,aging,10,0.000000,0.000000
gem15,mouth,alertness,10,0.000000,0.000000
gem15,mouth,allusively,10,0.000000,0.000000
gem15,mouth,aloe vera,10,0.000000,0.000000
gem15,mouth,always,10,0.000000,0.000000
gem15,mouth,ambitiously,10,0.000000,0.000000
gem15,mouth,americanize,10,0.500000,0.971825
gem15,mouth,amid,10,0.000000,0.000000
gem15,mouth,antler,10,0.000000,0.000000
gem15,mouth,apply,10,0.000000,0.000000
gem15,mouth,appreciatory,10,0.000000,0.000000
gem15,mouth,arrestingly,10,0.000000,0.000000
gem15,mouth,assassin,10,0.100000,0.316228
gem15,mouth,assignment,10,0.300000,0.483046
gem15,mouth,atmosphere,10,0.100000,0.316228
gem15,mouth,atomic,10,0.100000,0.316228
gem15,mouth,auction off,10,0.600000,1.577621
gem15,mouth,avail,10,0.300000,0.483046
gem15,mouth,balcony,10,0.100000,0.316228
gem15,mouth,baseball bat,10,0.000000,0.000000
gem15,mouth,befoul,10,0.100000,0.316228
gem15,mouth,befuddlement,10,0.000000,0.000000
gem15,mouth,behavioral,10,0.000000,0.000000
gem15,mouth,beige,10,0.000000,0.000000
gem15,mouth,belatedness,10,0.000000,0.000000
gem15,mouth,bend,10,0.100000,0.316228
gem15,mouth,billfold,10,0.000000,0.000000
gem15,mouth,bimolecular,10,0.000000,0.000000
gem15,mouth,biosphere,10,0.000000,0.000000
gem15,mouth,blockheaded,10,0.000000,0.000000
gem15,mouth,bluecoat,10,0.200000,0.421637
gem15,mouth,body building,10,0.300000,0.483046
gem15,mouth,bomb,10,0.200000,0.421637
gem15,mouth,boo,10,3.000000,1.632993
gem15,mouth,boundless,10,0.000000,0.000000
gem15,mouth,brainchild,10,0.200000,0.421637
gem15,mouth,brains,10,0.000000,0.000000
gem15,mouth,bubbler,10,0.800000,0.918937
gem15,mouth,budget,10,0.000000,0.000000
gem15,mouth,bureaucrat,10,0.300000,0.483046
gem15,mouth,busted,10,0.000000,0.000000
gem15,mouth,call girl,10,1.100000,1.370320
gem15,mouth,camper,10,0.100000,0.316228
gem15,mouth,cancer,10,0.000000,0.000000
gem15,mouth,casing,10,0.200000,0.421637
gem15,mouth,cent,10,0.000000,0.000000
gem15,mouth,challenge,10,0.100000,0.316228
gem15,mouth,chart,10,0.000000,0.000000
gem15,mouth,cheerfulness,10,0.100000,0.316228
gem15,mouth,chemistry,10,0.200000,0.421637
gem15,mouth,choreograph,10,0.400000,0.699206
gem15,mouth,churchman,10,0.400000,0.966092
gem15,mouth,civil suit,10,0.500000,0.971825
gem15,mouth,cleaner,10,0.200000,0.421637
gem15,mouth,cleanup,10,0.300000,0.483046
gem15,mouth,clearinghouse,10,0.300000,0.483046
gem15,mouth,clergy,10,0.400000,0.516398
gem15,mouth,climatologic,10,0.000000,0.000000
gem15,mouth,cling to,10,0.000000,0.000000
gem15,mouth,clownery,10,1.200000,1.229273
gem15,mouth,coil,10,0.000000,0.000000
gem15,mouth,collaterally,10,0.000000,0.000000
gem15,mouth,colonize,10,0.000000,0.000000
gem15,mouth,color,10,0.000000,0.000000
gem15,mouth,comatose,10,0.000000,0.000000
gem15,mouth,combust,10,0.000000,0.000000
gem15,mouth,commotion,10,0.200000,0.421637
gem15,mouth,compatibility,10,0.200000,0.421637
gem15,mouth,complicated,10,0.000000,0.000000
gem15,mouth,compositionally,10,0.000000,0.000000
gem15,mouth,compromising,10,0.700000,1.159502
gem15,mouth,confusability,10,0.200000,0.421637
gem15,mouth,congruously,10,0.000000,0.000000
gem15,mouth,constitution,10,0.200000,0.421637
gem15,mouth,cope with,10,0.300000,0.674949
gem15,mouth,copyholder,10,0.500000,1.269296
gem15,mouth,corpse,10,0.000000,0.000000
gem15,mouth,crackers,10,0.700000,1.059350
gem15,mouth,critter,10,0.000000,0.000000
gem15,mouth,culmination,10,0.000000,0.000000
gem15,mouth,curative,10,0.300000,0.674949
gem15,mouth,cutlet,10,0.000000,0.000000
gem15,mouth,deactivation,10,0.000000,0.000000
gem15,mouth,debark,10,0.200000,0.421637
gem15,mouth,decadent,10,0.500000,0.971825
gem15,mouth,decentness,10,0.000000,0.000000
gem15,mouth,decorative,10,0.100000,0.316228
gem15,mouth,deferred,10,0.200000,0.421637
gem15,mouth,definitely,10,0.000000,0.000000
gem15,mouth,definitive,10,0.100000,0.316228
gem15,mouth,deformed,10,0.000000,0.000000
gem15,mouth,degreaser,10,0.200000,0.421637
gem15,mouth,demographically,10,0.000000,0.000000
gem15,mouth,deodorant,10,0.300000,0.483046
gem15,mouth,departmentalize,10,0.000000,0.000000
gem15,mouth,depreciatively,10,0.800000,1.135292
gem15,mouth,detacher,10,0.200000,0.421637
gem15,mouth,disentanglement,10,0.100000,0.316228
gem15,mouth,disorient,10,0.200000,0.421637
gem15,mouth,disproof,10,0.000000,0.000000
gem15,mouth,disrespectful,10,0.500000,0.971825
gem15,mouth,dissect,10,0.400000,0.699206
gem15,mouth,doglike,10,0.000000,0.000000
gem15,mouth,dough,10,0.400000,0.699206
gem15,mouth,doze,10,0.000000,0.000000
gem15,mouth,dragged,10,0.200000,0.421637
gem15,mouth,drearily,10,0.100000,0.316228
gem15,mouth,drudge,10,0.200000,0.421637
gem15,mouth,dry cleaner,10,0.100000,0.316228
gem15,mouth,early,10,0.100000,0.316228
gem15,mouth,economy,10,0.000000,0.000000
gem15,mouth,eight,10,0.000000,0.000000
gem15,mouth,electrometer,10,0.000000,0.000000
gem15,mouth,emergency exit,10,0.000000,0.000000
gem15,mouth,emulator,10,0.200000,0.421637
gem15,mouth,engaged,10,0.700000,1.159502
gem15,mouth,entrenchment,10,0.000000,0.000000
gem15,mouth,entrepreneurship,10,0.000000,0.000000
gem15,mouth,epilepsy,10,0.000000,0.000000
gem15,mouth,erogenous,10,1.700000,1.636392
gem15,mouth,evolvement,10,0.000000,0.000000
gem15,mouth,excommunicable,10,0.200000,0.632456
gem15,mouth,expression,10,1.700000,1.702939
gem15,mouth,extendibility,10,0.000000,0.000000
gem15,mouth,extensively,10,0.200000,0.421637
gem15,mouth,extractive,10,0.300000,0.483046
gem15,mouth,extremism,10,0.400000,0.966092
gem15,mouth,eye drops,10,0.600000,1.264911
gem15,mouth,eyewash,10,1.600000,1.505545
gem15,mouth,factory,10,0.000000,0.000000
gem15,mouth,fanged,10,0.700000,1.567021
gem15,mouth,fat cat,10,0.000000,0.000000
gem15,mouth,fiendlike,10,0.000000,0.000000
gem15,mouth,filmgoer,10,0.100000,0.316228
gem15,mouth,find,10,0.000000,0.000000
gem15,mouth,fireboat,10,0.000000,0.000000
gem15,mouth,firecracker,10,0.000000,0.000000
gem15,mouth,flammable,10,0.000000,0.000000
gem15,mouth,flute,10,1.900000,1.852926
gem15,mouth,foodstuff,10,0.800000,1.229273
gem15,mouth,forbiddingly,10,0.200000,0.421637
gem15,mouth,formally,10,0.200000,0.421637
gem15,mouth,foster,10,0.000000,0.000000
gem15,mouth,friday,10,0.000000,0.000000
gem15,mouth,frown,10,0.500000,1.269296
gem15,mouth,fruit salad,10,1.000000,1.632993
gem15,mouth,fumigant,10,0.100000,0.316228
gem15,mouth,funeral home,10,0.300000,0.483046
gem15,mouth,garter belt,10,0.000000,0.000000
gem15,mouth,ghastly,10,0.000000,0.000000
gem15,mouth,google,10,0.200000,0.421637
gem15,mouth,grader,10,0.100000,0.316228
gem15,mouth,grandbaby,10,0.100000,0.316228
gem15,mouth,greenish,10,0.000000,0.000000
gem15,mouth,gulp,10,4.200000,0.632456
gem15,mouth,gushiness,10,2.700000,1.946507
gem15,mouth,hailstorm,10,0.000000,0.000000
gem15,mouth,halfcocked,10,0.200000,0.421637
gem15,mouth,happen,10,0.000000,0.000000
gem15,mouth,harm,10,0.000000,0.000000
gem15,mouth,havoc,10,0.000000,0.000000
gem15,mouth,hemophilia,10,0.000000,0.000000
gem15,mouth,heterosexual,10,0.000000,0.000000
gem15,mouth,highhanded,10,0.000000,0.000000
gem15,mouth,himself,10,0.000000,0.000000
gem15,mouth,hindrance,10,0.000000,0.000000
gem15,mouth,homestead,10,0.000000,0.000000
gem15,mouth,housemaster,10,0.500000,0.971825
gem15,mouth,hysteric,10,2.000000,1.414214
gem15,mouth,icing,10,0.400000,0.516398
gem15,mouth,illness,10,0.100000,0.316228
gem15,mouth,immigrant,10,0.100000,0.316228
gem15,mouth,impolite,10,1.000000,1.247219
gem15,mouth,inaudibility,10,0.000000,0.000000
gem15,mouth,inaugural,10,0.200000,0.421637
gem15,mouth,indirectly,10,0.200000,0.421637
gem15,mouth,inflamer,10,0.100000,0.316228
gem15,mouth,inflaming,10,0.300000,0.948683
gem15,mouth,inflexibly,10,0.200000,0.421637
gem15,mouth,institutional,10,0.000000,0.000000
gem15,mouth,instrumentally,10,0.000000,0.000000
gem15,mouth,intercept,10,0.000000,0.000000
gem15,mouth,intergrowth,10,0.200000,0.421637
gem15,mouth,intern,10,0.000000,0.000000
gem15,mouth,internalization,10,0.000000,0.000000
gem15,mouth,intoxicating,10,1.400000,1.505545
gem15,mouth,keel,10,0.000000,0.000000
gem15,mouth,keycard,10,0.000000,0.000000
gem15,mouth,kind,10,0.000000,0.000000
gem15,mouth,klutziness,10,0.200000,0.421637
gem15,mouth,lag,10,0.100000,0.316228
gem15,mouth,laser,10,0.000000,0.000000
gem15,mouth,leaflet,10,0.000000,0.000000
gem15,mouth,leanness,10,0.000000,0.000000
gem15,mouth,lessening,10,0.000000,0.000000
gem15,mouth,light beam,10,0.000000,0.000000
gem15,mouth,lightless,10,0.000000,0.000000
gem15,mouth,lightswitch,10,0.000000,0.000000
gem15,mouth,lingual,10,2.300000,2.451757
gem15,mouth,lipid,10,0.000000,0.000000
gem15,mouth,liver,10,0.000000,0.000000
gem15,mouth,logrolling,10,0.100000,0.316228
gem15,mouth,looping,10,0.200000,0.421637
gem15,mouth,loosely,10,0.000000,0.000000
gem15,mouth,looseness,10,0.200000,0.421637
gem15,mouth,lustrously,10,0.000000,0.000000
gem15,mouth,makeover,10,0.400000,0.516398
gem15,mouth,manly,10,0.000000,0.000000
gem15,mouth,marbling,10,0.000000,0.000000
gem15,mouth,married,10,0.000000,0.000000
gem15,mouth,may,10,0.000000,0.000000
gem15,mouth,meal,10,1.300000,1.494434
gem15,mouth,megawatt,10,0.000000,0.000000
gem15,mouth,microcomputer,10,0.000000,0.000000
gem15,mouth,midterm,10,0.100000,0.316228
gem15,mouth,mirth,10,1.700000,1.567021
gem15,mouth,misappropriate,10,0.100000,0.316228
gem15,mouth,mischaracterize,10,0.400000,1.264911
gem15,mouth,moneymaker,10,0.000000,0.000000
gem15,mouth,monocle,10,0.000000,0.000000
gem15,mouth,move on,10,0.500000,0.527046
gem15,mouth,mull over,10,0.400000,0.699206
gem15,mouth,multispecies,10,0.000000,0.000000
gem15,mouth,nationalism,10,0.000000,0.000000
gem15,mouth,nearsightedness,10,0.000000,0.000000
gem15,mouth,needs,10,0.000000,0.000000
gem15,mouth,newsmonger,10,0.400000,0.516398
gem15,mouth,noncurrent,10,0.000000,0.000000
gem15,mouth,nonproductively,10,0.000000,0.000000
gem15,mouth,nonresistant,10,0.100000,0.316228
gem15,mouth,nonsocial,10,0.100000,0.316228
gem15,mouth,nosepiece,10,0.800000,1.475730
gem15,mouth,noun,10,0.000000,0.000000
gem15,mouth,old fashioned,10,0.000000,0.000000
gem15,mouth,oscillate,10,0.000000,0.000000
gem15,mouth,ought,10,0.300000,0.948683
gem15,mouth,outpour,10,2.300000,1.702939
gem15,mouth,outrun,10,0.100000,0.316228
gem15,mouth,outtake,10,0.500000,1.269296
gem15,mouth,papyrus,10,0.000000,0.000000
gem15,mouth,partygoer,10,0.700000,0.674949
gem15,mouth,passenger ship,10,0.000000,0.000000
gem15,mouth,patio,10,0.000000,0.000000
gem15,mouth,peewee,10,0.000000,0.000000
gem15,mouth,perceptibly,10,0.000000,0.000000
gem15,mouth,perilously,10,0.100000,0.316228
gem15,mouth,persistent,10,0.200000,0.421637
gem15,mouth,pessimism,10,0.300000,0.483046
gem15,mouth,placenta,10,0.500000,1.269296
gem15,mouth,politician,10,0.400000,0.516398
gem15,mouth,postmodernist,10,0.300000,0.674949
gem15,mouth,precarious,10,0.200000,0.421637
gem15,mouth,precollege,10,0.000000,0.000000
gem15,mouth,predator,10,0.000000,0.000000
gem15,mouth,premarital,10,0.000000,0.000000
gem15,mouth,prime,10,0.000000,0.000000
gem15,mouth,primitive,10,0.200000,0.421637
gem15,mouth,probation officer,10,0.400000,1.264911
gem15,mouth,prohibit,10,0.000000,0.000000
gem15,mouth,prop up,10,0.300000,0.483046
gem15,mouth,protestor,10,0.400000,0.699206
gem15,mouth,prudishness,10,0.400000,0.966092
gem15,mouth,psycho,10,0.400000,0.966092
gem15,mouth,quill,10,0.700000,1.251666
gem15,mouth,rebuild,10,0.200000,0.421637
gem15,mouth,reconnect,10,0.600000,0.516398
gem15,mouth,reeducation,10,0.500000,0.971825
gem15,mouth,regenerate,10,0.200000,0.421637
gem15,mouth,regression,10,0.000000,0.000000
gem15,mouth,reinitiate,10,0.500000,0.971825
gem15,mouth,residual,10,0.000000,0.000000
gem15,mouth,reviving,10,0.600000,0.966092
gem15,mouth,reward,10,0.000000,0.000000
gem15,mouth,rewash,10,0.000000,0.000000
gem15,mouth,rhino,10,0.000000,0.000000
gem15,mouth,ringing,10,0.400000,1.264911
gem15,mouth,ripen,10,0.000000,0.000000
gem15,mouth,roaming,10,0.000000,0.000000
gem15,mouth,rockstar,10,0.900000,1.197219
gem15,mouth,sacredness,10,0.100000,0.316228
gem15,mouth,sadly,10,0.400000,1.264911
gem15,mouth,safflower,10,0.000000,0.000000
gem15,mouth,salting,10,1.000000,1.632993
gem15,mouth,sandblaster,10,0.200000,0.421637
gem15,mouth,scapegoat,10,0.200000,0.421637
gem15,mouth,scrupulously,10,0.100000,0.316228
gem15,mouth,sealer,10,0.200000,0.421637
gem15,mouth,seeder,10,0.200000,0.421637
gem15,mouth,senile,10,0.000000,0.000000
gem15,mouth,september,10,0.000000,0.000000
gem15,mouth,sexploitation,10,0.100000,0.316228
gem15,mouth,sharpener,10,0.300000,0.483046
gem15,mouth,shed,10,0.100000,0.316228
gem15,mouth,shenanigan,10,0.400000,0.699206
gem15,mouth,shirtless,10,0.000000,0.000000
gem15,mouth,shivering,10,0.200000,0.421637
gem15,mouth,shutterbug,10,0.000000,0.000000
gem15,mouth,sieve,10,0.200000,0.421637
gem15,mouth,silly,10,0.300000,0.674949
gem15,mouth,silversmith,10,0.000000,0.000000
gem15,mouth,skirted,10,0.000000,0.000000
gem15,mouth,slouch,10,0.100000,0.316228
gem15,mouth,snipping,10,0.000000,0.000000
gem15,mouth,snuffbox,10,0.300000,0.483046
gem15,mouth,solicitor,10,0.500000,1.269296
gem15,mouth,spank,10,0.000000,0.000000
gem15,mouth,spare parts,10,0.200000,0.421637
gem15,mouth,specialty,10,0.300000,0.674949
gem15,mouth,spindling,10,0.000000,0.000000
gem15,mouth,spinout,10,0.100000,0.316228
gem15,mouth,stereo,10,0.000000,0.000000
gem15,mouth,stew,10,0.300000,0.483046
gem15,mouth,streamlined,10,0.000000,0.000000
gem15,mouth,substituting,10,0.000000,0.000000
gem15,mouth,sundress,10,0.000000,0.000000
gem15,mouth,superiorly,10,0.000000,0.000000
gem15,mouth,suppository,10,1.000000,1.699673
gem15,mouth,surprised,10,0.000000,0.000000
gem15,mouth,sustainable,10,0.100000,0.316228
gem15,mouth,swiftly,10,0.200000,0.421637
gem15,mouth,synchronized,10,0.200000,0.421637
gem15,mouth,syndication,10,0.000000,0.000000
gem15,mouth,tableware,10,0.000000,0.000000
gem15,mouth,take,10,0.500000,0.527046
gem15,mouth,taller,10,0.000000,0.000000
gem15,mouth,tarpaper,10,0.000000,0.000000
gem15,mouth,thickheaded,10,0.100000,0.316228
gem15,mouth,tiara,10,0.000000,0.000000
gem15,mouth,tracker,10,0.000000,0.000000
gem15,mouth,tranquil,10,0.100000,0.316228
gem15,mouth,tunnel vision,10,0.000000,0.000000
gem15,mouth,turmoil,10,0.000000,0.000000
gem15,mouth,typographer,10,0.500000,1.269296
gem15,mouth,unambiguously,10,0.000000,0.000000
gem15,mouth,unconformity,10,0.200000,0.632456
gem15,mouth,uncontrolled,10,0.000000,0.000000
gem15,mouth,undernutrition,10,0.100000,0.316228
gem15,mouth,understandingly,10,1.200000,1.988858
gem15,mouth,unfoundedly,10,0.000000,0.000000
gem15,mouth,unhealthful,10,0.100000,0.316228
gem15,mouth,uninterruptible,10,0.000000,0.000000
gem15,mouth,unknowably,10,0.000000,0.000000
gem15,mouth,unlocked,10,0.100000,0.316228
gem15,mouth,unmanageably,10,0.100000,0.316228
gem15,mouth,unpurified,10,0.000000,0.000000
gem15,mouth,unrushed,10,0.000000,0.000000
gem15,mouth,unskilled,10,0.000000,0.000000
gem15,mouth,unthinking,10,0.300000,0.948683
gem15,mouth,untidy,10,0.000000,0.000000
gem15,mouth,unturned,10,0.000000,0.000000
gem15,mouth,unveiling,10,0.100000,0.316228
gem15,mouth,unvisited,10,0.000000,0.000000
gem15,mouth,valiantly,10,0.100000,0.316228
gem15,mouth,vendingmachine,8,0.000000,0.000000
gem15,mouth,vicious,10,0.300000,0.483046
gem15,mouth,villa,10,0.000000,0.000000
gem15,mouth,volatility,10,0.200000,0.632456
gem15,mouth,warping,10,0.100000,0.316228
gem15,mouth,washed out,10,0.000000,0.000000
gem15,mouth,watch over,10,0.500000,0.527046
gem15,mouth,water meter,10,0.000000,0.000000
gem15,mouth,wayward,10,0.000000,0.000000
gem15,mouth,weathertight,10,0.000000,0.000000
gem15,mouth,webbing,10,0.300000,0.483046
gem15,mouth,whitefish,10,0.000000,0.000000
gem15,mouth,whooping,10,2.700000,2.002776
gem15,mouth,wistful,10,0.200000,0.421637
gem15,mouth,worsen,10,0.000000,0.000000
gem15,mouth,wraithlike,10,0.000000,0.000000
gem15,mouth,writhe,10,0.700000,1.059350
gem15,mouth,yippee,10,0.500000,1.269296
gem15,mouth,zap,10,0.100000,0.316228
gem15,torso,abbreviate,10,0.200000,0.421637
gem15,torso,abode,10,0.700000,0.674949
gem15,torso,abscessed,10,0.900000,0.737865
gem15,torso,abyss,10,0.100000,0.316228
gem15,torso,accordance,10,0.100000,0.316228
gem15,torso,adjunct,10,0.400000,0.516398
gem15,torso,adjustment,10,1.000000,0.816497
gem15,torso,aerial,10,0.200000,0.421637
gem15,torso,aerially,10,0.200000,0.421637
gem15,torso,affective,10,0.300000,0.483046
gem15,torso,aftersale,10,0.400000,0.516398
gem15,torso,aftershave,10,0.400000,0.516398
gem15,torso,aging,10,0.300000,0.483046
gem15,torso,alertness,10,0.100000,0.316228
gem15,torso,allusively,10,0.000000,0.000000
gem15,torso,aloe vera,10,0.200000,0.421637
gem15,torso,always,10,0.000000,0.000000
gem15,torso,ambitiously,10,0.100000,0.316228
gem15,torso,americanize,10,0.200000,0.421637
gem15,torso,amid,10,0.100000,0.316228
gem15,torso,antler,10,0.000000,0.000000
gem15,torso,apply,10,0.600000,0.516398
gem15,torso,appreciatory,10,0.000000,0.000000
gem15,torso,arrestingly,10,0.100000,0.316228
gem15,torso,assassin,10,0.400000,0.516398
gem15,torso,assignment,10,0.200000,0.421637
gem15,torso,atmosphere,10,0.500000,0.707107
gem15,torso,atomic,10,0.300000,0.483046
gem15,torso,auction off,10,0.400000,0.516398
gem15,torso,avail,10,0.300000,0.483046
gem15,torso,balcony,10,0.700000,0.483046
gem15,torso,baseball bat,10,0.700000,0.674949
gem15,torso,befoul,10,0.500000,0.527046
gem15,torso,befuddlement,10,0.400000,0.516398
gem15,torso,behavioral,10,0.600000,0.516398
gem15,torso,beige,10,0.000000,0.000000
gem15,torso,belatedness,10,0.400000,0.516398
gem15,torso,bend,10,1.400000,0.843274
gem15,torso,billfold,10,0.300000,0.483046
gem15,torso,bimolecular,10,0.100000,0.316228
gem15,torso,biosphere,10,0.300000,0.483046
gem15,torso,blockheaded,10,0.200000,0.632456
gem15,torso,bluecoat,10,0.200000,0.421637
gem15,torso,body building,10,3.700000,0.823273
gem15,torso,bomb,10,0.600000,0.516398
gem15,torso,boo,10,0.200000,0.421637
gem15,torso,boundless,10,0.100000,0.316228
gem15,torso,brainchild,10,0.500000,0.527046
gem15,torso,brains,10,0.100000,0.316228
gem15,torso,bubbler,10,0.200000,0.421637
gem15,torso,budget,10,0.300000,0.674949
gem15,torso,bureaucrat,10,0.300000,0.483046
gem15,torso,busted,10,0.200000,0.421637
gem15,torso,call girl,10,0.400000,0.516398
gem15,torso,camper,10,0.900000,0.737865
gem15,torso,cancer,10,0.600000,0.966092
gem15,torso,casing,10,0.600000,0.516398
gem15,torso,cent,10,0.000000,0.000000
gem15,torso,challenge,10,0.500000,0.707107
gem15,torso,chart,10,0.200000,0.421637
gem15,torso,cheerfulness,10,0.300000,0.483046
gem15,torso,chemistry,10,0.200000,0.421637
gem15,torso,choreograph,10,0.600000,0.516398
gem15,torso,churchman,10,0.100000,0.316228
gem15,torso,civil suit,10,0.200000,0.421637
gem15,torso,cleaner,10,0.700000,0.483046
gem15,torso,cleanup,10,1.100000,0.737865
gem15,torso,clearinghouse,10,0.500000,0.527046
gem15,torso,clergy,10,0.200000,0.421637
gem15,torso,climatologic,10,0.100000,0.316228
gem15,torso,cling to,10,0.900000,0.875595
gem15,torso,clownery,10,0.700000,0.674949
gem15,torso,coil,10,0.700000,0.483046
gem15,torso,collaterally,10,0.500000,0.527046
gem15,torso,colonize,10,0.400000,0.516398
gem15,torso,color,10,0.300000,0.483046
gem15,torso,comatose,10,0.100000,0.316228
gem15,torso,combust,10,0.200000,0.421637
gem15,torso,commotion,10,0.700000,0.483046
gem15,torso,compatibility,10,0.200000,0.421637
gem15,torso,complicated,10,0.500000,0.527046
gem15,torso,compositionally,10,0.000000,0.000000
gem15,torso,compromising,10,0.200000,0.421637
gem15,torso,confusability,10,0.100000,0.316228
gem15,torso,congruously,10,0.100000,0.316228
gem15,torso,constitution,10,0.300000,0.483046
gem15,torso,cope with,10,1.500000,0.707107
gem15,torso,copyholder,10,0.300000,0.483046
gem15,torso,corpse,10,0.200000,0.421637
gem15,torso,crackers,10,0.200000,0.421637
gem15,torso,critter,10,0.100000,0.316228
gem15,torso,culmination,10,0.500000,0.527046
gem15,torso,curative,10,0.400000,0.516398
gem15,torso,cutlet,10,0.600000,0.699206
gem15,torso,deactivation,10,0.300000,0.483046
gem15,torso,debark,10,0.400000,0.516398
gem15,torso,decadent,10,0.600000,0.516398
gem15,torso,decentness,10,0.100000,0.316228
gem15,torso,decorative,10,0.400000,0.516398
gem15,torso,deferred,10,0.100000,0.316228
gem15,torso,definitely,10,0.100000,0.316228
gem15,torso,definitive,10,0.200000,0.421637
gem15,torso,deformed,10,0.800000,0.632456
gem15,torso,degreaser,10,0.700000,0.483046
gem15,torso,demographically,10,0.100000,0.316228
gem15,torso,deodorant,10,0.300000,0.483046
gem15,torso,departmentalize,10,0.500000,0.849837
gem15,torso,depreciatively,10,0.200000,0.421637
gem15,torso,detacher,10,0.500000,0.527046
gem15,torso,disentanglement,10,0.700000,0.674949
gem15,torso,disorient,10,0.300000,0.483046
gem15,torso,disproof,10,0.400000,0.516398
gem15,torso,disrespectful,10,0.100000,0.316228
gem15,torso,dissect,10,0.600000,0.843274
gem15,torso,doglike,10,0.100000,0.316228
gem15,torso,dough,10,0.900000,0.737865
gem15,torso,doze,10,0.100000,0.316228
gem15,torso,dragged,10,1.300000,0.823273
gem15,torso,drearily,10,0.400000,0.516398
gem15,torso,drudge,10,1.100000,0.567646
gem15,torso,dry cleaner,10,0.300000,0.483046
gem15,torso,early,10,0.000000,0.000000
gem15,torso,economy,10,0.600000,0.699206
gem15,torso,eight,10,0.000000,0.000000
gem15,torso,electrometer,10,0.400000,0.516398
gem15,torso,emergency exit,10,0.700000,0.483046
gem15,torso,emulator,10,0.500000,0.527046
gem15,torso,engaged,10,0.400000,0.699206
gem15,torso,entrenchment,10,0.700000,0.674949
gem15,torso,entrepreneurship,10,0.600000,0.699206
gem15,torso,epilepsy,10,0.600000,0.516398
gem15,torso,erogenous,10,0.300000,0.483046
gem15,torso,evolvement,10,0.200000,0.421637
gem15,torso,excommunicable,10,0.200000,0.421637
gem15,torso,expression,10,0.400000,0.516398
gem15,torso,extendibility,10,0.300000,0.483046
gem15,torso,extensively,10,0.200000,0.421637
gem15,torso,extractive,10,0.700000,0.823273
gem15,torso,extremism,10,0.200000,0.421637
gem15,torso,eye drops,10,0.000000,0.000000
gem15,torso,eyewash,10,0.200000,0.421637
gem15,torso,factory,10,0.600000,0.699206
gem15,torso,fanged,10,0.300000,0.483046
gem15,torso,fat cat,10,0.300000,0.483046
gem15,torso,fiendlike,10,0.200000,0.421637
gem15,torso,filmgoer,10,0.300000,0.483046
gem15,torso,find,10,0.500000,0.527046
gem15,torso,fireboat,10,0.500000,0.707107
gem15,torso,firecracker,10,0.300000,0.483046
gem15,torso,flammable,10,0.100000,0.316228
gem15,torso,flute,10,0.100000,0.316228
gem15,torso,foodstuff,10,0.300000,0.483046
gem15,torso,forbiddingly,10,0.200000,0.421637
gem15,torso,formally,10,0.400000,0.516398
gem15,torso,foster,10,0.500000,0.527046
gem15,torso,friday,10,0.000000,0.000000
gem15,torso,frown,10,0.100000,0.316228
gem15,torso,fruit salad,10,0.400000,0.516398
gem15,torso,fumigant,10,0.200000,0.421637
gem15,torso,funeral home,10,0.400000,0.516398
gem15,torso,garter belt,10,0.100000,0.316228
gem15,torso,ghastly,10,0.200000,0.421637
gem15,torso,google,10,0.100000,0.316228
gem15,torso,grader,10,0.400000,0.516398
gem15,torso,grandbaby,10,0.300000,0.483046
gem15,torso,greenish,10,0.100000,0.316228
gem15,torso,gulp,10,0.400000,0.516398
gem15,torso,gushiness,10,0.700000,0.948683
gem15,torso,hailstorm,10,0.100000,0.316228
gem15,torso,halfcocked,10,0.200000,0.421637
gem15,torso,happen,10,0.100000,0.316228
gem15,torso,harm,10,0.300000,0.483046
gem15,torso,havoc,10,0.500000,0.527046
gem15,torso,hemophilia,10,0.500000,0.971825
gem15,torso,heterosexual,10,0.000000,0.000000
gem15,torso,highhanded,10,0.200000,0.421637
gem15,torso,himself,10,0.100000,0.316228
gem15,torso,hindrance,10,0.400000,0.516398
gem15,torso,homestead,10,0.700000,0.483046
gem15,torso,housemaster,10,0.200000,0.421637
gem15,torso,hysteric,10,1.600000,1.074968
gem15,torso,icing,10,0.300000,0.483046
gem15,torso,illness,10,0.800000,0.421637
gem15,torso,immigrant,10,0.400000,0.516398
gem15,torso,impolite,10,0.200000,0.421637
gem15,torso,inaudibility,10,0.000000,0.000000
gem15,torso,inaugural,10,0.300000,0.483046
gem15,torso,indirectly,10,0.200000,0.421637
gem15,torso,inflamer,10,0.400000,0.516398
gem15,torso,inflaming,10,0.900000,0.737865
gem15,torso,inflexibly,10,0.300000,0.483046
gem15,torso,institutional,10,0.600000,0.516398
gem15,torso,instrumentally,10,0.000000,0.000000
gem15,torso,intercept,10,0.300000,0.483046
gem15,torso,intergrowth,10,0.900000,0.994429
gem15,torso,intern,10,0.500000,0.527046
gem15,torso,internalization,10,1.200000,1.619328
gem15,torso,intoxicating,10,0.700000,0.674949
gem15,torso,keel,10,0.500000,0.707107
gem15,torso,keycard,10,0.300000,0.483046
gem15,torso,kind,10,0.100000,0.316228
gem15,torso,klutziness,10,0.800000,0.632456
gem15,torso,lag,10,0.300000,0.483046
gem15,torso,laser,10,0.000000,0.000000
gem15,torso,leaflet,10,0.400000,0.516398
gem15,torso,leanness,10,0.600000,0.699206
gem15,torso,lessening,10,0.400000,0.516398
gem15,torso,light beam,10,0.100000,0.316228
gem15,torso,lightless,10,0.100000,0.316228
gem15,torso,lightswitch,10,0.300000,0.483046
gem15,torso,lingual,10,0.300000,0.674949
gem15,torso,lipid,10,0.100000,0.316228
gem15,torso,liver,10,1.200000,1.475730
gem15,torso,logrolling,10,0.800000,0.918937
gem15,torso,looping,10,0.400000,0.516398
gem15,torso,loosely,10,0.000000,0.000000
gem15,torso,looseness,10,0.400000,0.516398
gem15,torso,lustrously,10,0.100000,0.316228
gem15,torso,makeover,10,0.900000,0.316228
gem15,torso,manly,10,0.100000,0.316228
gem15,torso,marbling,10,0.300000,0.483046
gem15,torso,married,10,0.100000,0.316228
gem15,torso,may,10,0.100000,0.316228
gem15,torso,meal,10,0.800000,0.632456
gem15,torso,megawatt,10,0.000000,0.000000
gem15,torso,microcomputer,10,0.400000,0.516398
gem15,torso,midterm,10,0.400000,0.516398
gem15,torso,mirth,10,0.200000,0.421637
gem15,torso,misappropriate,10,0.500000,0.527046
gem15,torso,mischaracterize,10,0.200000,0.421637
gem15,torso,moneymaker,10,0.300000,0.483046
gem15,torso,monocle,10,0.600000,1.577621
gem15,torso,move on,10,0.700000,0.483046
gem15,torso,mull over,10,0.300000,0.483046
gem15,torso,multispecies,10,0.200000,0.421637
gem15,torso,nationalism,10,0.100000,0.316228
gem15,torso,nearsightedness,10,0.200000,0.421637
gem15,torso,needs,10,0.500000,0.527046
gem15,torso,newsmonger,10,0.200000,0.421637
gem15,torso,noncurrent,10,0.400000,0.516398
gem15,torso,nonproductively,10,0.500000,0.527046
gem15,torso,nonresistant,10,0.400000,0.516398
gem15,torso,nonsocial,10,0.400000,0.516398
gem15,torso,nosepiece,10,0.100000,0.316228
gem15,torso,noun,10,0.200000,0.421637
gem15,torso,old fashioned,10,0.100000,0.316228
gem15,torso,oscillate,10,0.500000,0.707107
gem15,torso,ought,10,0.100000,0.316228
gem15,torso,outpour,10,0.700000,0.948683
gem15,torso,outrun,10,1.000000,0.666667
gem15,torso,outtake,10,0.300000,0.483046
gem15,torso,papyrus,10,0.300000,0.483046
gem15,torso,partygoer,10,0.900000,0.567646
gem15,torso,passenger ship,10,0.600000,0.516398
gem15,torso,patio,10,0.700000,0.483046
gem15,torso,peewee,10,0.000000,0.000000
gem15,torso,perceptibly,10,0.100000,0.316228
gem15,torso,perilously,10,0.400000,0.516398
gem15,torso,persistent,10,0.200000,0.421637
gem15,torso,pessimism,10,0.300000,0.674949
gem15,torso,placenta,10,0.600000,0.699206
gem15,torso,politician,10,0.300000,0.483046
gem15,torso,postmodernist,10,0.200000,0.421637
gem15,torso,precarious,10,0.300000,0.483046
gem15,torso,precollege,10,0.100000,0.316228
gem15,torso,predator,10,0.500000,0.527046
gem15,torso,premarital,10,0.000000,0.000000
gem15,torso,prime,10,0.200000,0.421637
gem15,torso,primitive,10,0.400000,0.516398
gem15,torso,probation officer,10,0.400000,0.516398
gem15,torso,prohibit,10,0.100000,0.316228
gem15,torso,prop up,10,1.600000,0.516398
gem15,torso,protestor,10,0.600000,0.516398
gem15,torso,prudishness,10,0.300000,0.483046
gem15,torso,psycho,10,0.500000,0.527046
gem15,torso,quill,10,0.300000,0.948683
gem15,torso,rebuild,10,1.400000,1.173788
gem15,torso,reconnect,10,0.700000,0.483046
gem15,torso,reeducation,10,0.200000,0.421637
gem15,torso,regenerate,10,0.400000,0.516398
gem15,torso,regression,10,0.100000,0.316228
gem15,torso,reinitiate,10,0.200000,0.421637
gem15,torso,residual,10,0.200000,0.421637
gem15,torso,reviving,10,0.700000,0.674949
gem15,torso,reward,10,0.200000,0.421637
gem15,torso,rewash,10,0.400000,0.516398
gem15,torso,rhino,10,0.100000,0.316228
gem15,torso,ringing,10,0.000000,0.000000
gem15,torso,ripen,10,0.300000,0.483046
gem15,torso,roaming,10,0.600000,0.516398
gem15,torso,rockstar,10,0.700000,0.483046
gem15,torso,sacredness,10,0.500000,0.527046
gem15,torso,sadly,10,0.300000,0.948683
gem15,torso,safflower,10,0.000000,0.000000
gem15,torso,salting,10,0.100000,0.316228
gem15,torso,sandblaster,10,0.800000,0.918937
gem15,torso,scapegoat,10,0.200000,0.421637
gem15,torso,scrupulously,10,0.000000,0.000000
gem15,torso,sealer,10,0.700000,0.823273
gem15,torso,seeder,10,0.700000,0.674949
gem15,torso,senile,10,0.500000,0.707107
gem15,torso,september,10,0.000000,0.000000
gem15,torso,sexploitation,10,0.100000,0.316228
gem15,torso,sharpener,10,0.500000,0.707107
gem15,torso,shed,10,0.900000,0.567646
gem15,torso,shenanigan,10,0.700000,0.483046
gem15,torso,shirtless,10,1.400000,1.173788
gem15,torso,shivering,10,0.700000,0.674949
gem15,torso,shutterbug,10,0.200000,0.421637
gem15,torso,sieve,10,0.300000,0.483046
gem15,torso,silly,10,0.400000,0.516398
gem15,torso,silversmith,10,0.100000,0.316228
gem15,torso,skirted,10,0.300000,0.483046
gem15,torso,slouch,10,1.800000,1.032796
gem15,torso,snipping,10,0.400000,0.516398
gem15,torso,snuffbox,10,0.400000,0.516398
gem15,torso,solicitor,10,0.400000,0.516398
gem15,torso,spank,10,0.800000,0.632456
gem15,torso,spare parts,10,0.800000,0.421637
gem15,torso,specialty,10,0.200000,0.421637
gem15,torso,spindling,10,0.200000,0.421637
gem15,torso,spinout,10,0.900000,0.737865
gem15,torso,stereo,10,0.400000,0.516398
gem15,torso,stew,10,0.800000,0.918937
gem15,torso,streamlined,10,0.500000,0.527046
gem15,torso,substituting,10,0.100000,0.316228
gem15,torso,sundress,10,0.500000,0.527046
gem15,torso,superiorly,10,0.100000,0.316228
gem15,torso,suppository,10,0.400000,0.516398
gem15,torso,surprised,10,0.100000,0.316228
gem15,torso,sustainable,10,0.400000,0.516398
gem15,torso,swiftly,10,0.400000,0.516398
gem15,torso,synchronized,10,0.300000,0.483046
gem15,torso,syndication,10,0.000000,0.000000
gem15,torso,tableware,10,0.400000,0.516398
gem15,torso,take,10,0.800000,0.421637
gem15,torso,taller,10,0.500000,0.527046
gem15,torso,tarpaper,10,0.500000,0.527046
gem15,torso,thickheaded,10,0.200000,0.421637
gem15,torso,tiara,10,0.100000,0.316228
gem15,torso,tracker,10,0.300000,0.483046
gem15,torso,tranquil,10,0.500000,0.527046
gem15,torso,tunnel vision,10,0.100000,0.316228
gem15,torso,turmoil,10,0.600000,0.699206
gem15,torso,typographer,10,0.300000,0.483046
gem15,torso,unambiguously,10,0.100000,0.316228
gem15,torso,unconformity,10,0.400000,0.516398
gem15,torso,uncontrolled,10,0.300000,0.483046
gem15,torso,undernutrition,10,0.600000,0.966092
gem15,torso,understandingly,10,0.300000,0.483046
gem15,torso,unfoundedly,10,0.000000,0.000000
gem15,torso,unhealthful,10,0.800000,0.918937
gem15,torso,uninterruptible,10,0.100000,0.316228
gem15,torso,unknowably,10,0.100000,0.316228
gem15,torso,unlocked,10,0.500000,0.527046
gem15,torso,unmanageably,10,1.000000,0.666667
gem15,torso,unpurified,10,0.000000,0.000000
gem15,torso,unrushed,10,0.100000,0.316228
gem15,torso,unskilled,10,0.100000,0.316228
gem15,torso,unthinking,10,0.300000,0.674949
gem15,torso,untidy,10,0.700000,0.674949
gem15,torso,unturned,10,0.200000,0.421637
gem15,torso,unveiling,10,0.400000,0.516398
gem15,torso,unvisited,10,0.000000,0.000000
gem15,torso,valiantly,10,0.500000,0.527046
gem15,torso,vendingmachine,8,0.750000,0.462910
gem15,torso,vicious,10,0.200000,0.421637
gem15,torso,villa,10,0.500000,0.527046
gem15,torso,volatility,10,0.400000,0.516398
gem15,torso,warping,10,1.100000,0.567646
gem15,torso,washed out,10,0.100000,0.316228
gem15,torso,watch over,10,0.700000,0.483046
gem15,torso,water meter,10,0.400000,0.516398
gem15,torso,wayward,10,0.200000,0.421637
gem15,torso,weathertight,10,0.100000,0.316228
gem15,torso,webbing,10,0.500000,0.707107
gem15,torso,whitefish,10,0.000000,0.000000
gem15,torso,whooping,10,0.000000,0.000000
gem15,torso,wistful,10,0.400000,0.516398
gem15,torso,worsen,10,0.100000,0.316228
gem15,torso,wraithlike,10,0.100000,0.316228
gem15,torso,writhe,10,2.100000,0.994429
gem15,torso,yippee,10,0.000000,0.000000
gem15,torso,zap,10,0.100000,0.316228
