source,word,foot_leg,hand_arm,head,mouth,torso
gpt35,ABBREVIATE,0,1,0.2,0.2,1
gpt35,ABODE,0.2,0.2,1,0.8,1.4
gpt35,ABSCESSED,0,0,0,0,1
gpt35,ABYSS,1,0,0.2,0,0.2
gpt35,ACCORDANCE,0,0,0.2,0,1
gpt35,ADJUNCT,0,0.2,0.2,0,0
gpt35,ADJUSTMENT,0.2,1.2,0.4,0.2,0.6
gpt35,AERIAL,0,0.2,1.2,0.2,0.2
gpt35,AERIALLY,0,0,1.2,0.2,0.2
gpt35,AFFECTIVE,0.2,0.2,2,0.8,0.2
gpt35,AFTERSALE,0,0.4,0.4,0.8,1.4
gpt35,AFTERSHAVE,0,1,1.6,0.6,0.8
gpt35,AGING,0,0,0.2,1,1
gpt35,ALERTNESS,0.2,0.2,0.4,0.2,0.6
gpt35,ALLUSIVELY,0,0,0,0,1
gpt35,ALOE VERA,0.2,0.4,0.4,1.4,1.2
gpt35,ALWAYS,0,0.4,1.6,0.6,0.4
gpt35,AMBITIOUSLY,0,0.6,1.6,0.8,0.4
gpt35,AMERICANIZE,0.4,1.8,1,0.2,0.8
gpt35,AMID,0.2,1,0.4,0.2,0.6
gpt35,ANTLER,1.6,1.4,1,0,1
gpt35,APPLY,0,2.8,0,0,0
gpt35,APPRECIATORY,0,0.8,1.6,0.8,0.4
gpt35,ARRESTINGLY,0,0,0,0,0
gpt35,ASSASSIN,0,0.4,1.2,0.2,0.2
gpt35,ASSIGNMENT,0.2,0.2,1,0.8,1.2
gpt35,ATMOSPHERE,0,0,0.2,0,1
gpt35,ATOMIC,0.6,1,0.8,0.4,0.2
gpt35,AUCTION OFF,0,2.2,0.4,1,0.6
gpt35,AVAIL,0,1,0,0,0
gpt35,BALCONY,0,2,0,0,0
gpt35,BASEBALL BAT,2,2.6,1,0,2
gpt35,BEFOUL,0,0.4,1.2,0.8,0.2
gpt35,BEFUDDLEMENT,0.2,0,0.4,0.2,0.6
gpt35,BEHAVIORAL,0,1.4,0.4,0,0
gpt35,BEIGE,0,1,0,0,0
gpt35,BELATEDNESS,0,0.4,1.4,0.4,0.4
gpt35,BEND,2.6,3.6,0,0,0.6
gpt35,BILLFOLD,1.8,2.6,0,0,0
gpt35,BIMOLECULAR,0.2,1,0.4,0.2,0.4
gpt35,BIOSPHERE,0,1,0.4,0,1
gpt35,BLOCKHEADED,0,0,1.2,0,1
gpt35,BLUECOAT,0,0.2,1.2,0.2,0.2
gpt35,BODY BUILDING,3,2,2.4,0,3.8
gpt35,BOMB,0,0.4,2.2,0.2,0.2
gpt35,BOO,0,0.8,1.4,0.8,0.4
gpt35,BOUNDLESS,0.2,0,0.4,0.2,0.6
gpt35,BRAINCHILD,0.2,0.2,2,0.8,0.2
gpt35,BRAINS,1,0.4,1.4,0.4,0.4
gpt35,BUBBLER,0,1,0.2,2.2,0.6
gpt35,BUDGET,0,1.6,0.4,0,1
gpt35,BUREAUCRAT,0,0.2,0.2,0,2
gpt35,BUSTED,0.2,1.2,2,0.8,0.2
gpt35,CALL GIRL,0,1.2,0.4,2.2,0.8
gpt35,CAMPER,0,1.2,1.6,0.6,0.6
gpt35,CANCER,0,0.6,1.6,0.4,0.6
gpt35,CASING,0,1.2,0,0,0
gpt35,CENT,0,0.4,1.4,0.4,0.4
gpt35,CHALLENGE,0,0,0.2,0,1
gpt35,CHART,0.2,1,0.4,0.2,0.6
gpt35,CHEERFULNESS,0,1,1.8,0.8,0.6
gpt35,CHEMISTRY,0.2,1,0.4,0.4,0.4
gpt35,CHOREOGRAPH,0.2,1,0.4,0.2,0.4
gpt35,CHURCHMAN,0.2,0.2,1,0.8,1.2
gpt35,CIVIL SUIT,0.2,0.2,0.4,0.2,0.6
gpt35,CLEANER,0,0.6,0.4,0.4,1.4
gpt35,CLEANUP,0.2,2.4,0.2,0,0
gpt35,CLEARINGHOUSE,0.2,0,0.6,0.4,0.6
gpt35,CLERGY,0.2,0.2,1,0.8,1.2
gpt35,CLIMATOLOGIC,0,0,0.4,0,0
gpt35,CLING TO,0.4,2.4,1,0,1
gpt35,CLOWNERY,0,1,0,0,0
gpt35,COIL,0.6,2.6,1,0,1
gpt35,COLLATERALLY,0,0.2,1.2,0.2,0.2
gpt35,COLONIZE,0,2.2,0.6,1,1
gpt35,COLOR,0,2,0,0,0
gpt35,COMATOSE,0,0,2,0,0
gpt35,COMBUST,1.4,2.2,0,0,0
gpt35,COMMOTION,0,0.6,1.4,1.2,0.2
gpt35,COMPATIBILITY,0.2,0.2,2,0.8,0.2
gpt35,COMPLICATED,0.2,1,0.4,0.2,0.6
gpt35,COMPOSITIONALLY,0,0.2,0.2,0,0
gpt35,COMPROMISING,0,0,0,0,1
gpt35,CONFUSABILITY,0.2,0.2,2.2,0.8,0.4
gpt35,CONGRUOUSLY,0.2,0,0.6,0.2,0.4
gpt35,CONSTITUTION,0.2,1,0.4,0.2,0.6
gpt35,COPE WITH,0.2,0.2,1,0.8,1.6
gpt35,COPYHOLDER,0.2,3,0,0,0.2
gpt35,CORPSE,0.2,0.2,2,0.8,0.2
gpt35,CRACKERS,0.2,1.2,0.2,1.8,0.8
gpt35,CRITTER,0,0.6,1,0,0
gpt35,CULMINATION,0.2,0,0.4,0.2,0.6
gpt35,CURATIVE,0,1,0.2,0,1
gpt35,CUTLET,0.2,1.4,0.6,1.8,1
gpt35,DEACTIVATION,0,0,0,0,0
gpt35,DEBARK,1,2,0,0,0.2
gpt35,DECADENT,0,1.2,1.6,0.4,0.2
gpt35,DECENTNESS,0.2,0,0.4,0.2,0.6
gpt35,DECORATIVE,0,1.6,0,0,0
gpt35,DEFERRED,0.2,0.2,2,0.8,0.2
gpt35,DEFINITELY,0,0.2,0.8,0,0
gpt35,DEFINITIVE,0.2,0.2,2,0.8,0.2
gpt35,DEFORMED,0.2,0.2,2,0.8,0.2
gpt35,DEGREASER,1.8,2.6,0,0,0
gpt35,DEMOGRAPHICALLY,0.2,0.2,1,0.8,1.2
gpt35,DEODORANT,1.4,2.6,0,0,1.4
gpt35,DEPARTMENTALIZE,0,0,0,0,1
gpt35,DEPRECIATIVELY,0,0.2,1.2,0.2,0.2
gpt35,DETACHER,0,0.2,0,0,0
gpt35,DISENTANGLEMENT,0.2,1.2,0.6,0.2,0.6
gpt35,DISORIENT,0,0.8,1.8,0.4,0.6
gpt35,DISPROOF,0.2,0.2,2,0.8,0.4
gpt35,DISRESPECTFUL,0,0,0.2,0,1
gpt35,DISSECT,0,1.6,2,0,1
gpt35,DOGLIKE,0.2,0.2,1,0.8,1.2
gpt35,DOUGH,0.2,2.4,0.6,0.8,0.8
gpt35,DOZE,0.2,0.4,1.6,0.4,0.6
gpt35,DRAGGED,1.2,2.2,1,0,0.2
gpt35,DREARILY,0,0,0.6,0,0
gpt35,DRUDGE,0,0.4,1.2,0.2,0.4
gpt35,DRY CLEANER,0,0.6,0.4,0.4,0.4
gpt35,EARLY,0,0.4,1.6,0.8,0.4
gpt35,ECONOMY,0,0,0,0,0
gpt35,EIGHT,0,1,0.2,0,0
gpt35,ELECTROMETER,2.8,1.6,0,0,1
gpt35,EMERGENCY EXIT,1.4,0.4,0.2,1,1
gpt35,EMULATOR,0,0.4,0.6,0.6,0.4
gpt35,ENGAGED,0.4,0.2,1.6,0.6,1.4
gpt35,ENTRENCHMENT,0,1,0.4,0,0
gpt35,ENTREPRENEURSHIP,0,1,0.2,0,1
gpt35,EPILEPSY,0.2,0.2,1.4,0.8,0.2
gpt35,EROGENOUS,0,1,0.2,2.4,0
gpt35,EVOLVEMENT,0,0,0.4,0,0
gpt35,EXCOMMUNICABLE,0,0,0.6,0,0
gpt35,EXPRESSION,0,0.8,1.8,1,0.6
gpt35,EXTENDIBILITY,0,0.4,1.4,0.4,0.4
gpt35,EXTENSIVELY,0,0.2,0.6,0,0
gpt35,EXTRACTIVE,0,0.6,0,0,0
gpt35,EXTREMISM,0.2,0.2,2,0.8,0.2
gpt35,EYE DROPS,1.4,1.4,2,0,0
gpt35,EYEWASH,1.4,1.4,2,0,0
gpt35,FACTORY,0,2,0,0,1
gpt35,FANGED,0,1,0,1.6,0.2
gpt35,FAT CAT,0.2,1,1.6,0.6,0.4
gpt35,FIENDLIKE,0.2,0.2,2,0.8,0.2
gpt35,FILMGOER,0,1.2,0.6,0,1
gpt35,FIND,0.2,0.8,2.6,0.6,0.4
gpt35,FIREBOAT,1,1.2,1,0,0
gpt35,FIRECRACKER,0,1,2.6,0.8,0.4
gpt35,FLAMMABLE,1,0,0.6,0,2.2
gpt35,FLUTE,0,1.4,0.2,2.2,0.4
gpt35,FOODSTUFF,0,1.4,0.6,1.8,0.8
gpt35,FORBIDDINGLY,0.2,0.2,2,0.8,0.2
gpt35,FORMALLY,0.2,0.2,1,0.8,1.2
gpt35,FOSTER,0,0,0,0,0
gpt35,FRIDAY,0,1,0.2,0,0
gpt35,FROWN,0,0.6,1.6,1,0.6
gpt35,FRUIT SALAD,0.2,2,0.8,2.2,1
gpt35,FUMIGANT,0,1.4,0.2,0.2,1
gpt35,FUNERAL HOME,0.2,0,0.4,0.2,0.6
gpt35,GARTER BELT,0.6,1.6,1,0,0
gpt35,GHASTLY,0.2,0,0.4,0.2,0.6
gpt35,GOOGLE,0.2,1,1.4,0.2,0.6
gpt35,GRADER,0,2.2,0.2,0,1
gpt35,GRANDBABY,0,0.2,0.4,0.2,0.6
gpt35,GREENISH,1,0.2,1,0,1
gpt35,GULP,0.6,1.4,0.6,2.6,0.8
gpt35,GUSHINESS,0,1,0,1,0
gpt35,HAILSTORM,0,0.4,1.4,0.4,0.4
gpt35,HALFCOCKED,0.2,0,0.4,0.2,0.6
gpt35,HAPPEN,0.2,1,0.4,0.2,0.6
gpt35,HARM,0,0,0.2,0,1
gpt35,HAVOC,0.2,0.2,2,0.8,0.4
gpt35,HEMOPHILIA,0,0,0,1,0
gpt35,HETEROSEXUAL,0,0,0.4,1,1
gpt35,HIGHHANDED,0.2,0.2,2,0.8,0.4
gpt35,HIMSELF,0,0,0.2,0,1.2
gpt35,HINDRANCE,0,0,0.4,0,0
gpt35,HOMESTEAD,0,0.6,1.6,0.6,0.4
gpt35,HOUSEMASTER,0,1.2,0.4,0,1
gpt35,HYSTERIC,0,0.8,1.6,0.8,0.4
gpt35,ICING,0,1.6,0.6,1.8,0.8
gpt35,ILLNESS,0,0.8,1.6,0.4,0.8
gpt35,IMMIGRANT,0.2,1,0.4,0.2,0.6
gpt35,IMPOLITE,0,0.8,1.6,0.6,0.4
gpt35,INAUDIBILITY,0.2,0.2,2,0.8,0.2
gpt35,INAUGURAL,0.2,1,0.4,0.2,0.6
gpt35,INDIRECTLY,0.2,0.4,0.8,0,0
gpt35,INFLAMER,1,0,0.6,0.8,1
gpt35,INFLAMING,0,0.6,1.4,0.8,0.4
gpt35,INFLEXIBLY,0.2,0,0.4,0.2,0.6
gpt35,INSTITUTIONAL,1,1,0,0,1
gpt35,INSTRUMENTALLY,0.2,0.2,1,0.8,1.4
gpt35,INTERCEPT,0.2,0.4,1,0.8,1.2
gpt35,INTERGROWTH,1.4,1.6,0,0,1
gpt35,INTERN,0.2,0.2,1,0.8,1.2
gpt35,INTERNALIZATION,0,0,0,0,0
gpt35,INTOXICATING,0,1.2,1.4,0.4,0.6
gpt35,KEEL,0.6,1.4,1,0,0
gpt35,KEYCARD,1.8,2.4,0,0,0
gpt35,KIND,0,1.2,1.8,0.8,0.6
gpt35,KLUTZINESS,0.4,0.2,0.4,0.2,0.8
gpt35,LAG,0.2,1.2,0.6,0,0
gpt35,LASER,0,2.8,1.6,1,0
gpt35,LEAFLET,0,0.4,0.4,0.4,0.4
gpt35,LEANNESS,0.2,0,0.4,0.2,0.6
gpt35,LESSENING,0,0.2,1.2,0.2,0.2
gpt35,LIGHT BEAM,2.8,1.6,0,0,1
gpt35,LIGHTLESS,1,0,1,0,1
gpt35,LIGHTSWITCH,1.8,1.6,1,0,1
gpt35,LINGUAL,0,1,1.2,0.4,0.2
gpt35,LIPID,0,0,0.4,0.8,0.6
gpt35,LIVER,0.2,0.2,0.6,0.8,0.8
gpt35,LOGROLLING,1,1.6,1,0,0
gpt35,LOOPING,0.6,2.4,1,0,1
gpt35,LOOSELY,0.4,0.4,0.2,0,0
gpt35,LOOSENESS,0.2,0.2,1,0.8,0.4
gpt35,LUSTROUSLY,0,0,0.6,0,0
gpt35,MAKEOVER,0.2,1,0.4,0.2,0.6
gpt35,MANLY,1.2,1.8,1.4,0.4,1.2
gpt35,MARBLING,0,0,1,0,0
gpt35,MARRIED,0.2,0.2,1,0.8,1.2
gpt35,MAY,0,1,0,0,0
gpt35,MEAL,0.2,1.8,0.4,2,1
gpt35,MEGAWATT,1,2.6,0,0,0
gpt35,MICROCOMPUTER,2.8,1.6,0.4,0,1
gpt35,MIDTERM,0,0.4,1.4,0.4,0.4
gpt35,MIRTH,0.2,0.2,2,0.8,0.4
gpt35,MISAPPROPRIATE,0.2,1,0.4,0.2,0.6
gpt35,MISCHARACTERIZE,0,0.6,1.6,1,0.4
gpt35,MONEYMAKER,0,1.4,0.2,0,1
gpt35,MONOCLE,0,2.4,0,0,0
gpt35,MOVE ON,0,0.8,1.8,0.6,0.4
gpt35,MULL OVER,0,0,0,0,0
gpt35,MULTISPECIES,0,1,0.4,0,0
gpt35,NATIONALISM,0,0,0.2,0,1
gpt35,NEARSIGHTEDNESS,0,1.2,2,0,1
gpt35,NEEDS,0.2,0.2,2,0.8,0.2
gpt35,NEWSMONGER,0,1.2,0,0,1
gpt35,NONCURRENT,0,0.4,1.4,0.4,0.4
gpt35,NONPRODUCTIVELY,0,0,0,0,1
gpt35,NONRESISTANT,0,0,0.4,0,1
gpt35,NONSOCIAL,0,0,0.2,0,1
gpt35,NOSEPIECE,0.6,1.6,1.2,2,0
gpt35,NOUN,0,0,0.2,0,1
gpt35,OLD FASHIONED,0.2,0.2,1,0.8,1.2
gpt35,OSCILLATE,0,2.6,0.6,0,1
gpt35,OUGHT,0,1,0,0,0
gpt35,OUTPOUR,0,1,0,1,0
gpt35,OUTRUN,1,1.6,1,0,0
gpt35,OUTTAKE,0.2,1,0.4,0.2,0.6
gpt35,PAPYRUS,0,2.6,0,0.2,0
gpt35,PARTYGOER,0,1.4,0.6,2,0.6
gpt35,PASSENGER SHIP,0,0.6,0.6,0.6,0.4
gpt35,PATIO,1.8,1.6,1,0,1
gpt35,PEEWEE,0,2.4,0,0,0
gpt35,PERCEPTIBLY,0,0,0.6,0,0
gpt35,PERILOUSLY,0.2,0,0.4,0.2,0.6
gpt35,PERSISTENT,0.4,0.2,2.2,0.6,0.2
gpt35,PESSIMISM,0,0,0.2,0,1
gpt35,PLACENTA,0,0.6,0,2,0.2
gpt35,POLITICIAN,0,0.2,0.2,0.2,2
gpt35,POSTMODERNIST,1,1,0,0,1
gpt35,PRECARIOUS,0,0.4,1.2,0.2,0.4
gpt35,PRECOLLEGE,0,0.4,1.6,0.6,0.4
gpt35,PREDATOR,0.2,0.2,2,0.8,0.2
gpt35,PREMARITAL,0.2,0.2,1,0.8,1.2
gpt35,PRIME,0,0.4,1.8,0.6,0.6
gpt35,PRIMITIVE,0.2,0.2,2,0.8,0.2
gpt35,PROBATION OFFICER,0,0.2,0.2,0,2
gpt35,PROHIBIT,0,0.8,1.4,1,0.4
gpt35,PROP UP,0,1.8,0,0,0
gpt35,PROTESTOR,0,2,0.4,1,0.6
gpt35,PRUDISHNESS,0.2,0.2,2,0.8,0.2
gpt35,PSYCHO,0,0,0.2,0,1
gpt35,QUILL,0,2.4,0,0.2,0
gpt35,REBUILD,0,1.2,1.6,0.6,0.6
gpt35,RECONNECT,0,1,0,0,1
gpt35,REEDUCATION,0.2,1,0.4,0.2,0.6
gpt35,REGENERATE,0,1.2,0.6,0,1.2
gpt35,REGRESSION,0,1.2,0.4,0,1
gpt35,REINITIATE,0.2,1,0.4,0.2,0.6
gpt35,RESIDUAL,0,0.2,1.4,0.4,0.4
gpt35,REVIVING,0,1,1.6,0.8,0.4
gpt35,REWARD,0.2,0.2,2,0.8,0.2
gpt35,REWASH,0.4,2.4,1,0,1
gpt35,RHINO,1.8,1.4,1,0,1
gpt35,RINGING,1,0.4,0.6,1,0
gpt35,RIPEN,0,1,0,0,0
gpt35,ROAMING,0,0,1,0,0
gpt35,ROCKSTAR,0.2,2.2,0.6,1.4,0.8
gpt35,SACREDNESS,0.2,0,0.4,0.2,0.6
gpt35,SADLY,0,0.4,1.4,0.6,0.4
gpt35,SAFFLOWER,1,1.2,0.8,0,1
gpt35,SALTING,0,1.6,0.2,1.2,0
gpt35,SANDBLASTER,1,1.8,1,0,0
gpt35,SCAPEGOAT,0,0,0.2,1.2,1
gpt35,SCRUPULOUSLY,0,0.4,1.4,0.8,0.2
gpt35,SEALER,1.8,2.6,0,0,0
gpt35,SEEDER,0,2.6,0,0,0
gpt35,SENILE,0,0,1,0,1
gpt35,SEPTEMBER,1,1,0,0,1
gpt35,SEXPLOITATION,0,0,0,1,1
gpt35,SHARPENER,1.8,2.6,0,0,1
gpt35,SHED,0.6,2.4,1,0,2
gpt35,SHENANIGAN,0,1,0.2,0,0
gpt35,SHIRTLESS,1.8,1.6,0,0,1
gpt35,SHIVERING,0.2,0,0.4,0.2,1.6
gpt35,SHUTTERBUG,0,2,1,0,0
gpt35,SIEVE,0,2.4,0,0,0
gpt35,SILLY,0,1,1.6,1,0.6
gpt35,SILVERSMITH,1.8,2.6,0,0,1
gpt35,SKIRTED,0,0.4,1.4,0.4,0.4
gpt35,SLOUCH,2,0,1,0,1.6
gpt35,SNIPPING,0.2,1.2,0.4,0.2,0.6
gpt35,SNUFFBOX,0,1,0.2,0.2,0
gpt35,SOLICITOR,0,2,0.4,1.2,0.4
gpt35,SPANK,1,2.4,1,0.8,2
gpt35,SPARE PARTS,0,2.6,0,0,0
gpt35,SPECIALTY,0.2,2.4,0.2,0,0
gpt35,SPINDLING,0.4,2.6,1,0,1
gpt35,SPINOUT,1,1.6,1,0,0
gpt35,STEREO,2.8,1.6,0,0,1
gpt35,STEW,0.2,1.4,0.4,1.8,0.8
gpt35,STREAMLINED,0,0.4,1.6,0.6,0.4
gpt35,SUBSTITUTING,0.2,0.2,1.2,0.8,1.2
gpt35,SUNDRESS,0.6,1.6,1,0,0.6
gpt35,SUPERIORLY,0,0.4,1.6,0.6,0.4
gpt35,SUPPOSITORY,0.4,2.6,0,0.6,0
gpt35,SURPRISED,0,1,1.6,0.8,0.4
gpt35,SUSTAINABLE,0,0.2,0.2,0,1.2
gpt35,SWIFTLY,0,0.4,1.6,0.6,0.4
gpt35,SYNCHRONIZED,0,1.2,0.2,0.2,1
gpt35,SYNDICATION,0,0.4,1.4,0.4,0.4
gpt35,TABLEWARE,0,2.6,0,0,0
gpt35,TAKE,0.2,1.6,1.4,0.2,0.6
gpt35,TALLER,1.8,2.2,1,0,1
gpt35,TARPAPER,0.8,1.2,0,0,1
gpt35,THICKHEADED,0.2,0,0.4,0.2,0.6
gpt35,TIARA,0.6,2.4,0,0,0
gpt35,TRACKER,0.2,1.2,0.4,0.2,0.6
gpt35,TRANQUIL,0.2,0.2,2,0.8,0.2
gpt35,TUNNEL VISION,0,0.4,2.6,0.6,0.8
gpt35,TURMOIL,0,0,0.2,0,1
gpt35,TYPOGRAPHER,0,2.6,0.2,0,1
gpt35,UNAMBIGUOUSLY,0,0,0,0,1
gpt35,UNCONFORMITY,0.2,0.2,2,0.8,0.2
gpt35,UNCONTROLLED,0.2,0.2,2,0.8,0.2
gpt35,UNDERNUTRITION,0,0.4,1.2,0.6,0.4
gpt35,UNDERSTANDINGLY,0.2,0,0.4,0.2,0.6
gpt35,UNFOUNDEDLY,0,0,1,0.2,0.2
gpt35,UNHEALTHFUL,0,1,0.2,0,1
gpt35,UNINTERRUPTIBLE,0,0,0,0,1
gpt35,UNKNOWABLY,0,0,0.6,0,0
gpt35,UNLOCKED,0,1.4,0,0,0
gpt35,UNMANAGEABLY,0,0.2,0.4,0,0
gpt35,UNPURIFIED,0.4,0.2,1,0.6,0.4
gpt35,UNRUSHED,0.2,0.2,1,0.8,1.2
gpt35,UNSKILLED,0.2,0,0.2,0,1
gpt35,UNTHINKING,0.2,0.2,2,0.8,0.2
gpt35,UNTIDY,0.2,0.4,0.4,0.4,1.4
gpt35,UNTURNED,0,1,1,0,2
gpt35,UNVEILING,0.2,1,0.4,0.2,0.6
gpt35,UNVISITED,0,0,0.4,0,0
gpt35,VALIANTLY,0,1,0.2,0,0
gpt35,VENDINGMACHINE,0,2.2,1,0,0
gpt35,VICIOUS,0,0,0.2,0,1
gpt35,VILLA,0,2,0,0,0
gpt35,VOLATILITY,0,0,0.4,0,0
gpt35,WARPING,0.4,2.6,1,0,1
gpt35,WASHED OUT,0,0.4,0.4,0.4,1.4
gpt35,WATCH OVER,0.6,0.4,2.6,0,2
gpt35,WATER METER,1,1.6,1,0,0
gpt35,WAYWARD,0.2,0,0.4,0.2,0.6
gpt35,WEATHERTIGHT,0.2,1,0.4,0.2,0.6
gpt35,WEBBING,0.6,2.4,1,0,1
gpt35,WHITEFISH,0.2,1,0.2,1.6,0.6
gpt35,WHOOPING,0,1,1.4,1.2,0.6
gpt35,WISTFUL,0,0,0.6,0,0
gpt35,WORSEN,0.2,0.2,2,0.8,0.2
gpt35,WRAITHLIKE,0,0,0.8,0,1
gpt35,WRITHE,1,1.6,0.6,0,1
gpt35,YIPPEE,0,0.8,1.4,0.6,0.4
gpt35,ZAP,0,3.2,0,0,0
gpt4,ABBREVIATE,0.2,1.2,0.2,0.2,0
gpt4,ABODE,0,0.4,0.4,0.4,0.4
gpt4,ABSCESSED,1.2,2.2,3.8,3,1
gpt4,ABYSS,0,0,0,0,0
gpt4,ACCORDANCE,0.2,1.2,0.2,0.2,0
gpt4,ADJUNCT,0.2,0.4,0,0.2,0.4
gpt4,ADJUSTMENT,1.2,3.6,0.6,0.2,1.2
gpt4,AERIAL,1.4,0.8,0.2,0,0
gpt4,AERIALLY,1.4,0.8,0.2,0,0
gpt4,AFFECTIVE,0,0.6,0.6,0.6,0.6
gpt4,AFTERSALE,0,1,0,0,0
gpt4,AFTERSHAVE,0,4.8,2.8,1.8,0.6
gpt4,AGING,2,3,3,2,2
gpt4,ALERTNESS,1.4,0.8,4,0.4,1.4
gpt4,ALLUSIVELY,0.2,0.2,0.8,1.2,0
gpt4,ALOE VERA,2.2,3.6,0.2,1.4,0
gpt4,ALWAYS,0,0,0,0,0
gpt4,AMBITIOUSLY,0.8,3.6,1.8,1.2,2.4
gpt4,AMERICANIZE,0.2,0.4,0.6,0.4,0.4
gpt4,AMID,0,0.2,0.2,0,0.2
gpt4,ANTLER,0.4,0.6,0.4,0.2,0
gpt4,APPLY,0,5,0,0.2,0.2
gpt4,APPRECIATORY,0.2,2.6,1.6,2.4,1.8
gpt4,ARRESTINGLY,0,0,0,0,0
gpt4,ASSASSIN,3.2,4,2.8,0,1.6
gpt4,ASSIGNMENT,0,1.4,1.4,0.4,0.4
gpt4,ATMOSPHERE,0.2,0.2,0.2,0.2,0
gpt4,ATOMIC,0,0.2,1,0,0
gpt4,AUCTION OFF,0,3.8,2.8,3.2,1.6
gpt4,AVAIL,0,1,0,0,0
gpt4,BALCONY,0,0,0,0,0
gpt4,BASEBALL BAT,1.8,4,0.4,0.2,0
gpt4,BEFOUL,0.4,3.6,1.6,2.8,1.6
gpt4,BEFUDDLEMENT,1.2,0.6,2.2,1.2,1.4
gpt4,BEHAVIORAL,0.4,0.6,0,0.2,0.6
gpt4,BEIGE,0,0,0,0,0
gpt4,BELATEDNESS,0,0,0,0,0
gpt4,BEND,2,4.6,0,0,5
gpt4,BILLFOLD,0.6,4,0.4,0.2,0
gpt4,BIMOLECULAR,0,0.2,1,0,0
gpt4,BIOSPHERE,0,0.2,0,0.2,0.2
gpt4,BLOCKHEADED,0.2,0.2,1.2,0.2,0
gpt4,BLUECOAT,0,2,0,0,0
gpt4,BODY BUILDING,4,4,2.8,0.2,3
gpt4,BOMB,2.2,3.6,0.2,0,0
gpt4,BOO,0,0.8,3,4,1.2
gpt4,BOUNDLESS,0,0.2,0.2,0,0.2
gpt4,BRAINCHILD,0,0.4,1.2,0.4,0.4
gpt4,BRAINS,0,1,5,0,0
gpt4,BUBBLER,0,3.4,0.8,3.8,0.8
gpt4,BUDGET,0.2,0.6,0,0.2,0.2
gpt4,BUREAUCRAT,0.2,1.2,0.2,0.2,0
gpt4,BUSTED,0.2,1.2,1.2,0.4,0.4
gpt4,CALL GIRL,0.4,2.8,1.8,3.8,1.6
gpt4,CAMPER,3.6,3.4,0.8,0,1.6
gpt4,CANCER,0.4,1.4,1.2,3,3.8
gpt4,CASING,0,2.2,0,0,0
gpt4,CENT,0,3,0,0,0
gpt4,CHALLENGE,1.4,2.6,1.4,0.2,0.4
gpt4,CHART,0,2.2,0.4,0,0
gpt4,CHEERFULNESS,0.2,3,2,2.8,2
gpt4,CHEMISTRY,0,0.2,1,0,0.2
gpt4,CHOREOGRAPH,4,4,3,0.4,3
gpt4,CHURCHMAN,0,0.6,0.6,0.6,0.4
gpt4,CIVIL SUIT,0,0.4,0.4,0,0.2
gpt4,CLEANER,1.2,3.8,0,0.2,0
gpt4,CLEANUP,2,5,1,0.4,1.2
gpt4,CLEARINGHOUSE,0,0.4,0.4,0,0.2
gpt4,CLERGY,0,0.6,0.6,0.6,0.4
gpt4,CLIMATOLOGIC,0,0.2,0,0.2,0.2
gpt4,CLING TO,1.8,4,0.6,0.2,3
gpt4,CLOWNERY,1.6,2.8,3,2,1.4
gpt4,COIL,0.6,4,0.6,0.2,0
gpt4,COLLATERALLY,0,0,0,0,0
gpt4,COLONIZE,0.4,0.6,0,0.2,0.4
gpt4,COLOR,0,0,0,0,0
gpt4,COMATOSE,0.2,0.2,0.2,0.2,0
gpt4,COMBUST,0.2,0.2,0.2,0.2,0
gpt4,COMMOTION,0.6,2.4,1.8,0.6,2.4
gpt4,COMPATIBILITY,0,0.4,0.4,0.4,0.4
gpt4,COMPLICATED,0.2,0.2,1.4,0.4,0.4
gpt4,COMPOSITIONALLY,0.4,0.6,0,0.2,0.6
gpt4,COMPROMISING,0.2,1.2,0.2,0.2,0
gpt4,CONFUSABILITY,0,0.6,0.6,0.6,0.6
gpt4,CONGRUOUSLY,0.2,0.2,0.4,0.2,0.4
gpt4,CONSTITUTION,0,0.2,1,0.2,0.2
gpt4,COPE WITH,0.2,1.8,1.8,0.8,0.6
gpt4,COPYHOLDER,0,4,0,0,0
gpt4,CORPSE,0,1,1,0,1
gpt4,CRACKERS,0,4.8,0.8,4,0.6
gpt4,CRITTER,0,0,0,0,0
gpt4,CULMINATION,0.2,0.2,0.4,0.2,0.4
gpt4,CURATIVE,0.2,0.2,0.2,0.2,1
gpt4,CUTLET,0,4.8,0.6,4,1
gpt4,DEACTIVATION,0,1,0,0,0
gpt4,DEBARK,1,3,1,0,0
gpt4,DECADENT,0.2,2.2,1.2,2,1.2
gpt4,DECENTNESS,0,0.2,0.2,0,0.2
gpt4,DECORATIVE,0,1,0,0,0
gpt4,DEFERRED,0,0.4,0.4,0.4,0.4
gpt4,DEFINITELY,0.4,0.6,0,0.6,0.4
gpt4,DEFINITIVE,0,0.4,0.4,0.4,0.4
gpt4,DEFORMED,0.4,1.4,1.4,1,1
gpt4,DEGREASER,0.6,4,0.6,0.2,0
gpt4,DEMOGRAPHICALLY,0,0.4,0.4,0.4,0.4
gpt4,DEODORANT,0.2,4,1.6,0.2,2
gpt4,DEPARTMENTALIZE,0.2,2.2,1,0.2,0.8
gpt4,DEPRECIATIVELY,0,0,1,1,1
gpt4,DETACHER,0,3.6,0,0,0
gpt4,DISENTANGLEMENT,1.2,3.2,0.6,0.2,1
gpt4,DISORIENT,0.4,0.8,4.8,0,0.4
gpt4,DISPROOF,0,0.4,0.4,0.4,0.4
gpt4,DISRESPECTFUL,1,2.4,1.4,2,1
gpt4,DISSECT,0.6,4,0.6,0.2,0
gpt4,DOGLIKE,2,2,3,2.6,2
gpt4,DOUGH,0,4.8,0.8,3.8,0.8
gpt4,DOZE,0.2,0,4.8,0.2,1
gpt4,DRAGGED,2,5,0,0,0
gpt4,DREARILY,0.4,0.6,0,0.2,0.4
gpt4,DRUDGE,3.8,4,2.6,0.2,1.6
gpt4,DRY CLEANER,0,4,0,0.2,0
gpt4,EARLY,0,0,0,0,0
gpt4,ECONOMY,0,0,0,0,0
gpt4,EIGHT,0.2,1.2,0.2,0.2,0
gpt4,ELECTROMETER,0.4,4,0.6,0.2,0
gpt4,EMERGENCY EXIT,3,2.8,0,0.2,1
gpt4,EMULATOR,0,1,0,0,0
gpt4,ENGAGED,0,0.4,0.4,0.4,0.4
gpt4,ENTRENCHMENT,0.4,0.6,0,0.2,0.4
gpt4,ENTREPRENEURSHIP,0.2,1.2,0.2,0.2,0
gpt4,EPILEPSY,2,3,3,1.6,1
gpt4,EROGENOUS,3,4.2,4,3.2,2.2
gpt4,EVOLVEMENT,0.4,0.4,0,0.4,0.4
gpt4,EXCOMMUNICABLE,0.2,0.4,0,0.2,0.4
gpt4,EXPRESSION,0,3.8,3,2,1.6
gpt4,EXTENDIBILITY,2,2,0,0,0
gpt4,EXTENSIVELY,0.4,0.6,0,0.2,0.4
gpt4,EXTRACTIVE,0,1,0,0,0
gpt4,EXTREMISM,0,0.4,0.4,0.4,0.4
gpt4,EYE DROPS,0.4,4,5,0.2,0
gpt4,EYEWASH,0.2,4,5,0.2,0
gpt4,FACTORY,0,0.2,0,0.2,0.2
gpt4,FANGED,0,0.4,2,4,0.2
gpt4,FAT CAT,0,0,0,0,0
gpt4,FIENDLIKE,0.2,1.2,1.2,0.8,1
gpt4,FILMGOER,0,0.2,0,0.2,0.2
gpt4,FIND,1.2,3.6,2.8,0.2,0.6
gpt4,FIREBOAT,0,1,0,0,0
gpt4,FIRECRACKER,3.2,3.8,0.4,0,0
gpt4,FLAMMABLE,0.4,0.6,0,0.2,0.4
gpt4,FLUTE,0,5,0.8,4,0.2
gpt4,FOODSTUFF,0,4.6,0.8,4,0.6
gpt4,FORBIDDINGLY,0,0.4,0.4,0.4,0.4
gpt4,FORMALLY,0,0.4,0.4,0.4,0.4
gpt4,FOSTER,0,0,0,1,0
gpt4,FRIDAY,0.2,0.2,0.2,0.2,0
gpt4,FROWN,0,0.6,3,2.6,0.6
gpt4,FRUIT SALAD,0,4.8,0.8,3.8,0.8
gpt4,FUMIGANT,0.2,1.2,0.2,2,0
gpt4,FUNERAL HOME,0.2,0.4,0.4,0,0.2
gpt4,GARTER BELT,1,4,0,0,1
gpt4,GHASTLY,0.2,0.2,0.4,0.4,0.4
gpt4,GOOGLE,0,2.6,0.6,0,0.2
gpt4,GRADER,0,1,0,0.2,0.2
gpt4,GRANDBABY,1.2,1.2,1.6,1.4,1.2
gpt4,GREENISH,0.2,0.2,0.2,0.2,0
gpt4,GULP,0,1.6,1,4,2
gpt4,GUSHINESS,0.2,1.2,0.2,2,0
gpt4,HAILSTORM,0.8,0.8,0.4,0.2,0
gpt4,HALFCOCKED,0.2,0.4,0.6,1,0.4
gpt4,HAPPEN,0.4,0.4,0.6,0.4,0.4
gpt4,HARM,2.4,3.8,2.4,0.2,0.6
gpt4,HAVOC,1.4,2.4,2.4,1.4,1
gpt4,HEMOPHILIA,0,0,0,0,1
gpt4,HETEROSEXUAL,0.2,0.2,0.2,0.2,1
gpt4,HIGHHANDED,0,1.2,0.2,0,0.2
gpt4,HIMSELF,1,2,2,2,1
gpt4,HINDRANCE,0.4,0.6,0,0.2,0.4
gpt4,HOMESTEAD,1,1,0,0,0
gpt4,HOUSEMASTER,0.2,0.6,0,0.2,0.4
gpt4,HYSTERIC,0.6,2.4,2,3.8,3.4
gpt4,ICING,0,4.6,0.6,4,0.6
gpt4,ILLNESS,0.6,1.4,1.6,3.4,3.6
gpt4,IMMIGRANT,0.4,0.4,0.6,0.6,0.4
gpt4,IMPOLITE,0.6,3.6,1.8,3.2,1.4
gpt4,INAUDIBILITY,0,1,0,1,0
gpt4,INAUGURAL,0.2,0.4,0.6,0.4,0.4
gpt4,INDIRECTLY,0.6,0.6,0.2,0.4,0.6
gpt4,INFLAMER,0.4,0.4,0,0.6,0.4
gpt4,INFLAMING,0.2,2,1.6,2,2.6
gpt4,INFLEXIBLY,0.2,0.2,0.4,0.2,0.4
gpt4,INSTITUTIONAL,0.2,0.2,0.4,0.2,0
gpt4,INSTRUMENTALLY,0,2,0.2,0.2,0.2
gpt4,INTERCEPT,3,2.8,1,0.4,0.8
gpt4,INTERGROWTH,0.2,0.4,0.4,0.2,0
gpt4,INTERN,0.2,0.8,0.8,0.6,0.6
gpt4,INTERNALIZATION,0,0,0,0,1
gpt4,INTOXICATING,0.2,1.6,1.4,3.6,2.8
gpt4,KEEL,0.6,0.6,0.4,0.2,0
gpt4,KEYCARD,0.4,4,0.6,0.2,0
gpt4,KIND,0.4,3.4,1.6,1.4,1.8
gpt4,KLUTZINESS,3.4,3,2,0.6,1.6
gpt4,LAG,0.8,0.4,0,0,0.2
gpt4,LASER,0.2,1,0,0.2,0.2
gpt4,LEAFLET,0,3.6,0.2,0.2,0
gpt4,LEANNESS,1.2,0.4,0.2,0,2.4
gpt4,LESSENING,0.4,0.6,0,0,0
gpt4,LIGHT BEAM,0.2,0.2,1.6,0.2,0
gpt4,LIGHTLESS,0.2,0.2,0.2,0.2,0
gpt4,LIGHTSWITCH,0.4,4,0.6,0.2,0
gpt4,LINGUAL,0,0.4,1.6,4,0.2
gpt4,LIPID,0,0.2,1,0,0
gpt4,LIVER,0,0,0,0,3
gpt4,LOGROLLING,2,3,0,0,1
gpt4,LOOPING,3.4,4,1.4,0.2,1
gpt4,LOOSELY,0.4,1.8,0,0.4,0.4
gpt4,LOOSENESS,1.2,1.8,0.8,0.8,0.6
gpt4,LUSTROUSLY,0.4,0.4,0,0.2,0.4
gpt4,MAKEOVER,1,3.4,2.8,2,1.4
gpt4,MANLY,0.8,1.8,0.8,0.2,1.6
gpt4,MARBLING,0,1,0,0,0
gpt4,MARRIED,0,0.4,0.4,0.4,0.4
gpt4,MAY,0,0,0,1,0
gpt4,MEAL,0,4.8,1,4,1.2
gpt4,MEGAWATT,0,0,0,0,0
gpt4,MICROCOMPUTER,0.4,4,1.6,0.2,0
gpt4,MIDTERM,0,2.4,1.6,0,0
gpt4,MIRTH,0,1,3.2,4,1.4
gpt4,MISAPPROPRIATE,0.4,0.4,0.6,0.4,0.4
gpt4,MISCHARACTERIZE,0,2.4,1.6,3.4,0.6
gpt4,MONEYMAKER,0.2,1.2,0.2,0.2,0
gpt4,MONOCLE,0,3,4,0,0
gpt4,MOVE ON,4,3.6,2.2,0,1.6
gpt4,MULL OVER,0,0,4,2,0
gpt4,MULTISPECIES,0,0.2,0,0.2,0.2
gpt4,NATIONALISM,0.2,0.2,0.2,0.2,0
gpt4,NEARSIGHTEDNESS,0.2,0.2,5,0.2,0
gpt4,NEEDS,0,0.6,0.6,0.6,0.6
gpt4,NEWSMONGER,0.2,1.2,0.2,1.2,0
gpt4,NONCURRENT,0,0,0,0,0
gpt4,NONPRODUCTIVELY,0.2,0.2,0.2,0.2,0
gpt4,NONRESISTANT,0.4,0.4,0,0.2,0.4
gpt4,NONSOCIAL,0.2,0.2,0.2,0.2,0
gpt4,NOSEPIECE,0.2,3,5,0.2,0
gpt4,NOUN,0.2,0.2,0.2,0.2,0
gpt4,OLD FASHIONED,0,0.4,0.4,0.4,0.4
gpt4,OSCILLATE,1.4,2.8,0.2,0.2,1.8
gpt4,OUGHT,0,0,0,1,0
gpt4,OUTPOUR,0.2,2,0.2,2,0
gpt4,OUTRUN,2,1,0,0,0
gpt4,OUTTAKE,0.2,0.4,0.6,0.6,0.4
gpt4,PAPYRUS,0,2,0,1,0
gpt4,PARTYGOER,1.6,4,2,3.2,3.6
gpt4,PASSENGER SHIP,0,0,0,0,0
gpt4,PATIO,0.2,0.2,0.2,0.2,0
gpt4,PEEWEE,0,0,0,0,0
gpt4,PERCEPTIBLY,0.6,0.8,0.2,0.4,0.6
gpt4,PERILOUSLY,0.4,0.4,0.6,0.2,0.4
gpt4,PERSISTENT,0,0.4,0.4,0.4,0.4
gpt4,PESSIMISM,0.2,0.2,0.2,0.2,0
gpt4,PLACENTA,0,0,0,0,1
gpt4,POLITICIAN,0.2,1.2,0.2,1.2,0
gpt4,POSTMODERNIST,0.2,0.4,0.6,0.2,0
gpt4,PRECARIOUS,1.6,0.4,1.2,0,1
gpt4,PRECOLLEGE,0,0,0,0,0
gpt4,PREDATOR,1.2,2.2,2.2,0.8,1
gpt4,PREMARITAL,0,0.4,0.4,0.4,0.4
gpt4,PRIME,0,0,0,0,0
gpt4,PRIMITIVE,0,0.4,0.4,0.4,0.4
gpt4,PROBATION OFFICER,0.2,1.2,0.2,0.2,0
gpt4,PROHIBIT,0,3.2,1.6,1.4,1.4
gpt4,PROP UP,0,5,0,0,3
gpt4,PROTESTOR,0.8,4,2,3.4,3.6
gpt4,PRUDISHNESS,0,0.4,0.4,0.4,0.4
gpt4,PSYCHO,1,1,1,1,1
gpt4,QUILL,0,4,0,0,0
gpt4,REBUILD,3.4,4,0,0,1.6
gpt4,RECONNECT,0.6,3,0.8,0.2,0.6
gpt4,REEDUCATION,0.2,0.4,1.4,0.4,0.4
gpt4,REGENERATE,1.4,1.6,1,0.2,1.4
gpt4,REGRESSION,0.4,0.4,0,0.2,0.4
gpt4,REINITIATE,0.2,0.8,0.6,0.2,0.6
gpt4,RESIDUAL,0,0,0,0,0
gpt4,REVIVING,0.6,3.6,1.8,2.2,3.2
gpt4,REWARD,0,0.4,0.4,0.4,0.4
gpt4,REWASH,3.6,4,0.4,0.2,1
gpt4,RHINO,0.2,0.2,0.2,0.2,0
gpt4,RINGING,0.2,4,2,0.6,0.2
gpt4,RIPEN,0,0,0,0,0
gpt4,ROAMING,2,1,1,0,0
gpt4,ROCKSTAR,1.4,4,2,3.4,3.6
gpt4,SACREDNESS,0,0.2,0.2,0.2,0.2
gpt4,SADLY,0,2.2,2,1.8,2.2
gpt4,SAFFLOWER,0,0.2,0,1.2,0
gpt4,SALTING,0.2,3.2,1.2,4,0
gpt4,SANDBLASTER,0,4,0,0,0
gpt4,SCAPEGOAT,0.2,0.2,0.2,0.2,0
gpt4,SCRUPULOUSLY,0.2,3.4,1.4,1,1.2
gpt4,SEALER,0.6,4,0.4,0.2,0
gpt4,SEEDER,0,4,0,0,0
gpt4,SENILE,0.4,0.4,0.8,0.4,0
gpt4,SEPTEMBER,0.2,0.2,0.2,0.2,0
gpt4,SEXPLOITATION,0.2,0.2,0.2,0.2,1
gpt4,SHARPENER,0.4,4,0.4,0.2,0
gpt4,SHED,1,1.8,0.4,0.2,0
gpt4,SHENANIGAN,0.6,1.8,0.4,0.2,0.2
gpt4,SHIRTLESS,0.2,0.2,1.2,0.2,3
gpt4,SHIVERING,3.4,2.8,3.2,0.4,3
gpt4,SHUTTERBUG,0,4,0,1,0
gpt4,SIEVE,0,5,0,0,0
gpt4,SILLY,0.8,3.6,2,2.6,2.2
gpt4,SILVERSMITH,0.8,4,0.4,0.2,0
gpt4,SKIRTED,3.4,3,0,0,2
gpt4,SLOUCH,1.2,1,4,0.2,3
gpt4,SNIPPING,0,4,0.4,0,0
gpt4,SNUFFBOX,0.2,4.2,2.2,3,0
gpt4,SOLICITOR,0,3.8,1.8,3.8,1.6
gpt4,SPANK,1.6,4,0.6,0.2,2
gpt4,SPARE PARTS,0,3,0,0,0
gpt4,SPECIALTY,0.4,0.6,0,0.4,0.4
gpt4,SPINDLING,2.4,3.6,0.4,0.2,0
gpt4,SPINOUT,2,2.8,0,0,0.6
gpt4,STEREO,0.4,3,1.6,0.2,0
gpt4,STEW,0,4.8,1,4,0.6
gpt4,STREAMLINED,0.2,0.2,0,0,0
gpt4,SUBSTITUTING,0.2,0.6,0.4,0.4,0.4
gpt4,SUNDRESS,0,1,0,0,1
gpt4,SUPERIORLY,0.2,2.2,1.6,1,1.8
gpt4,SUPPOSITORY,0.2,1.2,0.2,0.2,3
gpt4,SURPRISED,0.2,2.4,3,2,1.8
gpt4,SUSTAINABLE,0.4,0.6,0,0.2,0.6
gpt4,SWIFTLY,2.6,1.8,1,0,1
gpt4,SYNCHRONIZED,1.6,2.8,2.6,2,1.6
gpt4,SYNDICATION,0,0,0,0,0
gpt4,TABLEWARE,0,5,0,0.2,0
gpt4,TAKE,0.6,4,0.6,0.2,0.2
gpt4,TALLER,1.2,0.2,1.2,0.2,0
gpt4,TARPAPER,1.2,3.6,0.6,0.2,0
gpt4,THICKHEADED,0.2,0.2,3,0.2,0.4
gpt4,TIARA,0,1,4,0,0
gpt4,TRACKER,1.6,0.8,0.6,0.4,0.4
gpt4,TRANQUIL,0,0.4,0.4,0.4,0.4
gpt4,TUNNEL VISION,0,0,5,0,0
gpt4,TURMOIL,0.2,0.2,0.2,0.2,1
gpt4,TYPOGRAPHER,0,1,0,0.2,0.2
gpt4,UNAMBIGUOUSLY,0.2,0.2,0.8,1.2,0
gpt4,UNCONFORMITY,0,0.4,0.4,0.4,0.4
gpt4,UNCONTROLLED,1.4,2.4,2.4,1.4,1
gpt4,UNDERNUTRITION,0.4,1.2,1.4,2.8,3.8
gpt4,UNDERSTANDINGLY,0.2,0.4,1.4,0.2,0.4
gpt4,UNFOUNDEDLY,0,0,0,0,0
gpt4,UNHEALTHFUL,1,1,1.2,1,1
gpt4,UNINTERRUPTIBLE,0.2,1.2,0.2,0.2,0
gpt4,UNKNOWABLY,0.4,0.4,0,0.2,0.4
gpt4,UNLOCKED,0,5,0,0,0
gpt4,UNMANAGEABLY,0.8,1,0.2,0.2,0.6
gpt4,UNPURIFIED,0,0.4,0.4,0.4,0.4
gpt4,UNRUSHED,0,0.4,0.4,0.4,0.4
gpt4,UNSKILLED,0.2,1.2,0.2,0.2,0
gpt4,UNTHINKING,0,0.4,0.6,0.4,0.4
gpt4,UNTIDY,2,3.4,0.2,0,0
gpt4,UNTURNED,0.4,0.4,0.4,0.2,0
gpt4,UNVEILING,0.4,2.2,0.6,0.2,0.6
gpt4,UNVISITED,0.4,0.4,0,0.2,0.4
gpt4,VALIANTLY,0.4,1,0,0.2,0.6
gpt4,VENDINGMACHINE,0,3,0,0,0
gpt4,VICIOUS,1,2,1,0.2,0
gpt4,VILLA,0,0,0,0,0
gpt4,VOLATILITY,0.2,0.6,0,0.2,0.2
gpt4,WARPING,1.8,3,0.6,0.2,2
gpt4,WASHED OUT,2.4,3.6,0.2,0,0
gpt4,WATCH OVER,0.6,2,5,0.2,0
gpt4,WATER METER,0,3,0,0,0
gpt4,WAYWARD,0.2,0.2,0.4,0.2,0.4
gpt4,WEATHERTIGHT,0,0.2,0.2,0,0.2
gpt4,WEBBING,0.6,4,0.4,0.2,0
gpt4,WHITEFISH,0,3.2,0.6,2.2,0.6
gpt4,WHOOPING,0,0.8,2.8,4,2
gpt4,WISTFUL,0.4,0.4,0,0.4,0.4
gpt4,WORSEN,0.2,0.8,0.8,0.8,0.6
gpt4,WRAITHLIKE,0.4,0.4,0,0.2,0.4
gpt4,WRITHE,2.6,4.8,3,0.2,3.8
gpt4,YIPPEE,0.2,2,3,4,2
gpt4,ZAP,0,4,0,0,0
gpt4o,ABBREVIATE,0,1,1.6,1.2,0.4
gpt4o,ABODE,0,0,0,0,0.4
gpt4o,ABSCESSED,0,0.2,0.4,2,0.4
gpt4o,ABYSS,0,0,0.8,0.4,0
gpt4o,ACCORDANCE,0,0.2,1.2,0.2,1.2
gpt4o,ADJUNCT,0,0.6,0.2,0.2,0.2
gpt4o,ADJUSTMENT,0.8,1.8,1.8,0.2,0.4
gpt4o,AERIAL,0.8,1,1.2,0,0
gpt4o,AERIALLY,0.8,0.4,1.2,0,0.2
gpt4o,AFFECTIVE,0.2,0.2,1,0.2,1.6
gpt4o,AFTERSALE,0,0.6,0.4,0,0
gpt4o,AFTERSHAVE,0,1.6,2,0.6,0.2
gpt4o,AGING,0.4,0.2,1,0.2,1.8
gpt4o,ALERTNESS,0,0,2.8,0,0
gpt4o,ALLUSIVELY,0,0.2,1.4,2,0.2
gpt4o,ALOE VERA,0,0,0.6,0.4,0
gpt4o,ALWAYS,0,0,0.6,0.2,0
gpt4o,AMBITIOUSLY,0.6,0.8,2.6,0.6,1.4
gpt4o,AMERICANIZE,0.2,1,1.6,0.6,0.2
gpt4o,AMID,0.2,0.2,0,0,0.2
gpt4o,ANTLER,0,0.2,1.2,0,0
gpt4o,APPLY,0.2,4.8,0,0,0.4
gpt4o,APPRECIATORY,0.2,0.6,2.8,1,0.6
gpt4o,ARRESTINGLY,0,0.2,0.4,0.4,0.2
gpt4o,ASSASSIN,1.2,3.2,1,0.2,0.8
gpt4o,ASSIGNMENT,0.2,1.2,0.8,0.2,1.2
gpt4o,ATMOSPHERE,0,0.4,1,0.2,0.4
gpt4o,ATOMIC,0,0,0.2,0,0
gpt4o,AUCTION OFF,0.2,2.2,1,2.6,1
gpt4o,AVAIL,0,0.6,0.2,0.4,0.2
gpt4o,BALCONY,0,0.2,0.2,0.2,0.4
gpt4o,BASEBALL BAT,0.4,3,0.2,0,0
gpt4o,BEFOUL,0,1.8,0.2,0.6,1
gpt4o,BEFUDDLEMENT,0,0,2,0,0
gpt4o,BEHAVIORAL,0,0,0.6,0.2,0.2
gpt4o,BEIGE,0,0,0.2,0,0
gpt4o,BELATEDNESS,0,0,0.6,0,0
gpt4o,BEND,3.4,2.2,0.2,0,1.2
gpt4o,BILLFOLD,0,1,0.2,0,0.2
gpt4o,BIMOLECULAR,0,0,0.2,0,0
gpt4o,BIOSPHERE,0,0,0,0.2,0
gpt4o,BLOCKHEADED,0,0.2,1.4,0.2,0.2
gpt4o,BLUECOAT,0,1,0.6,0,0.2
gpt4o,BODY BUILDING,1.2,2,0.2,0,4
gpt4o,BOMB,0,1,0,0,0.2
gpt4o,BOO,0,0.4,1,3.8,0.2
gpt4o,BOUNDLESS,0.2,0.2,0.2,0,0.2
gpt4o,BRAINCHILD,0.2,0.2,2.4,0,0.4
gpt4o,BRAINS,0,0,2.2,0,0
gpt4o,BUBBLER,0,1.8,0.2,1.6,0.4
gpt4o,BUDGET,0,2,0.2,0.2,0.2
gpt4o,BUREAUCRAT,0,0.6,1.2,1,1
gpt4o,BUSTED,0.6,0.6,0.2,0,1
gpt4o,CALL GIRL,0.6,2.2,1.6,1.6,1.4
gpt4o,CAMPER,0,0.8,0.6,0,0.6
gpt4o,CANCER,0,0,0.6,0.4,1
gpt4o,CASING,0,0.6,0,0,0.2
gpt4o,CENT,0,0.2,0.4,0,0
gpt4o,CHALLENGE,0.6,1.6,1.4,0.8,1.4
gpt4o,CHART,0.2,1.6,1.6,0.2,0.2
gpt4o,CHEERFULNESS,0.2,0.6,3.4,0.8,1
gpt4o,CHEMISTRY,0,0.4,1.6,0,0
gpt4o,CHOREOGRAPH,2,2.6,0.8,0,0.4
gpt4o,CHURCHMAN,0.2,0.2,0.2,0,0.4
gpt4o,CIVIL SUIT,0,0.4,0.8,0.4,0
gpt4o,CLEANER,1.6,3.2,0.6,0.2,1
gpt4o,CLEANUP,1.6,4.2,0,0,0.4
gpt4o,CLEARINGHOUSE,0,0.8,0.6,0,0.2
gpt4o,CLERGY,0.2,0.2,0.2,0,0.4
gpt4o,CLIMATOLOGIC,0,0,0,0.2,0.2
gpt4o,CLING TO,1.2,3.2,0.2,0,0
gpt4o,CLOWNERY,0.2,1.4,1.4,0.8,0.6
gpt4o,COIL,0,1.6,0.2,0,0
gpt4o,COLLATERALLY,0.2,0.2,0.6,0,0
gpt4o,COLONIZE,0.4,1.8,0.2,0.2,1
gpt4o,COLOR,0,0.8,0.2,0,0
gpt4o,COMATOSE,0,0,0,0,0
gpt4o,COMBUST,0,0,0,0,0
gpt4o,COMMOTION,1,2.4,2.6,0.8,2
gpt4o,COMPATIBILITY,0.2,0.2,0.8,0,0.8
gpt4o,COMPLICATED,0.2,0.8,1.8,0.4,0.2
gpt4o,COMPOSITIONALLY,0,0.6,0.6,0.4,0.2
gpt4o,COMPROMISING,0.2,1.2,1.4,0.6,1.4
gpt4o,CONFUSABILITY,0,0,1.6,0,1
gpt4o,CONGRUOUSLY,0.2,0.6,0.8,0.2,0.2
gpt4o,CONSTITUTION,0,0.2,1.6,0,0
gpt4o,COPE WITH,0.8,2.2,0.8,0,2.2
gpt4o,COPYHOLDER,0,2.2,0,0,0.2
gpt4o,CORPSE,0,0,0,0,0.2
gpt4o,CRACKERS,0,1,0.2,2.6,0.2
gpt4o,CRITTER,0,0,0.2,0.2,0.2
gpt4o,CULMINATION,0,0,0.6,0,0
gpt4o,CURATIVE,0,0.4,1,0.2,1.2
gpt4o,CUTLET,0,0.8,0,2.6,0
gpt4o,DEACTIVATION,0,0.6,0.2,0,0.2
gpt4o,DEBARK,2.2,2.2,0.2,1.4,1
gpt4o,DECADENT,0,0.2,0.4,1,0.6
gpt4o,DECENTNESS,0,0,0.2,0,0
gpt4o,DECORATIVE,0,0.4,0.2,0,0.2
gpt4o,DEFERRED,0.2,0.6,0.6,0.2,0.8
gpt4o,DEFINITELY,0,0.2,0.4,0.4,0
gpt4o,DEFINITIVE,0,0,0.6,0.2,0.8
gpt4o,DEFORMED,0.2,0.4,0.6,0,1.2
gpt4o,DEGREASER,0,1,0,0,0
gpt4o,DEMOGRAPHICALLY,0,0,0.6,0,0.8
gpt4o,DEODORANT,0,1.2,1,0,0.6
gpt4o,DEPARTMENTALIZE,0,2,1.6,0.2,0.8
gpt4o,DEPRECIATIVELY,0,0.2,0.4,1.4,0
gpt4o,DETACHER,0.4,3,0.6,0,0.2
gpt4o,DISENTANGLEMENT,0.8,2,1.8,0,0.4
gpt4o,DISORIENT,0.6,0.4,2,0,0.2
gpt4o,DISPROOF,0.2,0.4,0.8,0.2,0.8
gpt4o,DISRESPECTFUL,0,1,1.2,0.8,1.2
gpt4o,DISSECT,0,3.2,0.2,0.2,0
gpt4o,DOGLIKE,0.6,0.4,0.2,0,0
gpt4o,DOUGH,0,2.2,0,1.2,0.2
gpt4o,DOZE,0,0,1.6,0,0
gpt4o,DRAGGED,3.4,2.6,0,0.2,1.2
gpt4o,DREARILY,0,0,0.4,0.2,0
gpt4o,DRUDGE,0.8,2.4,0.4,0,0.4
gpt4o,DRY CLEANER,1.4,3.2,0.8,0.4,1
gpt4o,EARLY,0,0,0.8,0.2,0
gpt4o,ECONOMY,0,0,0.4,0,0.2
gpt4o,EIGHT,0,0.2,0.2,0.2,0.2
gpt4o,ELECTROMETER,0,0.8,0.2,0,0
gpt4o,EMERGENCY EXIT,1.6,1.8,0.2,0,0.6
gpt4o,EMULATOR,0,0.6,0.4,0,0
gpt4o,ENGAGED,0.4,1.4,0.8,0.2,1.6
gpt4o,ENTRENCHMENT,0.2,0.6,0.2,0.2,0.8
gpt4o,ENTREPRENEURSHIP,0,1.6,1.6,0.8,1.4
gpt4o,EPILEPSY,0.4,0,1.4,0,1.6
gpt4o,EROGENOUS,0.4,0.4,0.6,1.2,2.4
gpt4o,EVOLVEMENT,0.4,0.6,0.2,0.2,1
gpt4o,EXCOMMUNICABLE,0,0,0.2,0.4,0
gpt4o,EXPRESSION,0,0.4,3.6,0.8,0.8
gpt4o,EXTENDIBILITY,0,0.8,0.4,0,0
gpt4o,EXTENSIVELY,0,0.2,0.2,0.4,0
gpt4o,EXTRACTIVE,0,0.8,0.2,0,0.2
gpt4o,EXTREMISM,0.4,0.2,1,0,1.4
gpt4o,EYE DROPS,0,0.4,1.8,0,0
gpt4o,EYEWASH,0,0.4,1.6,0,0
gpt4o,FACTORY,0.4,2,0.2,0.2,0.2
gpt4o,FANGED,0,0.2,0.4,2.8,0.2
gpt4o,FAT CAT,0.2,0.2,0.4,0,0
gpt4o,FIENDLIKE,0.2,0.4,0.8,0,1
gpt4o,FILMGOER,0.4,0.2,0.4,0.4,0
gpt4o,FIND,0.2,3.4,1,0,0.4
gpt4o,FIREBOAT,0,1,0,0,0.8
gpt4o,FIRECRACKER,0.2,1,0.8,0,0.2
gpt4o,FLAMMABLE,0,0,0,0,0.2
gpt4o,FLUTE,0,2.8,1,3.8,0.4
gpt4o,FOODSTUFF,0,0.6,0,3.6,0
gpt4o,FORBIDDINGLY,0,0,1,0,0.8
gpt4o,FORMALLY,0,0,0.8,0.4,1.2
gpt4o,FOSTER,0.2,0.8,0.2,0.4,0.8
gpt4o,FRIDAY,0,0.2,0.2,0.2,0.2
gpt4o,FROWN,0,0.4,3.8,0.8,0.4
gpt4o,FRUIT SALAD,0.2,1.2,0.2,3.6,0.2
gpt4o,FUMIGANT,0,0.2,0.6,0.2,0
gpt4o,FUNERAL HOME,0,0.2,0.8,0,0.2
gpt4o,GARTER BELT,0.2,0.8,0,0,0.4
gpt4o,GHASTLY,0.2,0.2,1.8,0.2,0.2
gpt4o,GOOGLE,0.2,2,1.8,0.2,0
gpt4o,GRADER,0.2,3.2,0.2,0.2,0
gpt4o,GRANDBABY,0,0,1,0,0.6
gpt4o,GREENISH,0,0,0,0,0
gpt4o,GULP,0,0.8,0.2,4,0.6
gpt4o,GUSHINESS,0,0.6,0.8,1.4,0.2
gpt4o,HAILSTORM,0,0,1.2,0,0
gpt4o,HALFCOCKED,0.2,0.6,0.8,0.6,0.2
gpt4o,HAPPEN,0,0.2,1.6,0.2,0
gpt4o,HARM,0.2,1.4,0.4,0.2,1.2
gpt4o,HAVOC,0.6,0.6,0.8,0.2,1.4
gpt4o,HEMOPHILIA,0,0,0,0,0
gpt4o,HETEROSEXUAL,0.2,0.4,0.8,0.2,1.2
gpt4o,HIGHHANDED,0.2,1,0.4,0,1
gpt4o,HIMSELF,1.4,0.4,1.8,0.8,1.8
gpt4o,HINDRANCE,0.4,0.8,0.4,0.2,0.2
gpt4o,HOMESTEAD,0,1,0.4,0,0.6
gpt4o,HOUSEMASTER,0.2,1.8,0.4,0.2,0.2
gpt4o,HYSTERIC,0.6,0.8,3.2,1.2,1.8
gpt4o,ICING,0,1.8,0.2,3.4,0.2
gpt4o,ILLNESS,0,0.2,0.8,0.4,1
gpt4o,IMMIGRANT,0.2,0,0.2,0,0.2
gpt4o,IMPOLITE,0,0.4,0.8,0.8,0.2
gpt4o,INAUDIBILITY,0,0,0.8,1,0.4
gpt4o,INAUGURAL,0.2,0.8,1,1,0.4
gpt4o,INDIRECTLY,0,0.2,0,0.4,0
gpt4o,INFLAMER,0,0.4,0.6,1.6,0.2
gpt4o,INFLAMING,0.2,0.8,1.4,1.2,1.2
gpt4o,INFLEXIBLY,0.2,0.4,1.6,0.2,0.6
gpt4o,INSTITUTIONAL,0,0,0,0,0
gpt4o,INSTRUMENTALLY,0,1.6,0.4,0,1
gpt4o,INTERCEPT,1,3.4,0.2,0.2,0.8
gpt4o,INTERGROWTH,0,0,0,0,0
gpt4o,INTERN,0.2,1,0.6,0.2,1.4
gpt4o,INTERNALIZATION,0,0,0.6,0.2,0.2
gpt4o,INTOXICATING,0,0.4,0.8,1.8,0.8
gpt4o,KEEL,0,0,0,0,0
gpt4o,KEYCARD,0,1,0.2,0,0
gpt4o,KIND,0,0.2,0.8,0.8,0.2
gpt4o,KLUTZINESS,3.4,1.2,0.4,0,0.4
gpt4o,LAG,1.4,0.8,0.2,0,0
gpt4o,LASER,0,1.4,0.4,0,0
gpt4o,LEAFLET,0,2.2,0.8,0.2,0
gpt4o,LEANNESS,0,0,0.2,0,2.8
gpt4o,LESSENING,0.2,0.6,0.4,0.2,0
gpt4o,LIGHT BEAM,0,0,0,0,0
gpt4o,LIGHTLESS,0,0,0,0,0
gpt4o,LIGHTSWITCH,0,2.8,0.2,0,0
gpt4o,LINGUAL,0,0.4,0.2,3.8,0.2
gpt4o,LIPID,0,0,0,0,0
gpt4o,LIVER,0,0,0,0,2.4
gpt4o,LOGROLLING,3.2,2.6,0,0,0.8
gpt4o,LOOPING,0.4,1.4,0.2,0,0
gpt4o,LOOSELY,0.4,1,0.2,0.2,0.2
gpt4o,LOOSENESS,0.4,0.6,0.4,0,1.2
gpt4o,LUSTROUSLY,0,0.2,0.2,0,0
gpt4o,MAKEOVER,0.4,2,0.6,0.2,0.4
gpt4o,MANLY,0.4,0.2,0.6,0.6,2
gpt4o,MARBLING,0,0.4,0.2,0,0.2
gpt4o,MARRIED,0.2,0.2,0.4,0,1
gpt4o,MAY,0,0,0.2,0,0
gpt4o,MEAL,0,0.6,0.2,3.8,0.4
gpt4o,MEGAWATT,0,0.2,0,0,0.2
gpt4o,MICROCOMPUTER,0,1.2,0.2,0,0
gpt4o,MIDTERM,0.2,0.2,0.8,0,0
gpt4o,MIRTH,0,0,1.2,0.8,1
gpt4o,MISAPPROPRIATE,0.2,2.4,0.4,0.2,0.2
gpt4o,MISCHARACTERIZE,0,1.2,2.2,3,0.2
gpt4o,MONEYMAKER,0,1.6,1.2,0.2,1.2
gpt4o,MONOCLE,0,0.2,0.4,0,0
gpt4o,MOVE ON,2.6,2.2,0.8,0,0.8
gpt4o,MULL OVER,0,0.2,3,0,0
gpt4o,MULTISPECIES,0,0.4,0.2,0.2,0
gpt4o,NATIONALISM,0,0.2,1.4,0.2,1.4
gpt4o,NEARSIGHTEDNESS,0,0,1.8,0,0
gpt4o,NEEDS,0.2,0.4,0.8,0.2,1.4
gpt4o,NEWSMONGER,0,1.4,1.2,2.2,0.6
gpt4o,NONCURRENT,0,0,0.4,0,0
gpt4o,NONPRODUCTIVELY,0.2,1.2,1.4,0.2,1.4
gpt4o,NONRESISTANT,0,0,0,0.2,0
gpt4o,NONSOCIAL,0,0.2,1,0,0.4
gpt4o,NOSEPIECE,0,0,1.6,0,0
gpt4o,NOUN,0,0.2,0.4,0.2,0.2
gpt4o,OLD FASHIONED,0.2,0.2,0.6,0,1
gpt4o,OSCILLATE,0.8,1.6,0.2,0,1
gpt4o,OUGHT,0,0,0.6,0.2,0
gpt4o,OUTPOUR,0,1.2,0.8,0.8,0.6
gpt4o,OUTRUN,4,0.6,0.2,0,0.4
gpt4o,OUTTAKE,0.2,1.2,0.2,1.6,0.2
gpt4o,PAPYRUS,0,0.4,0,0,0.2
gpt4o,PARTYGOER,1.2,2.4,2.8,1.4,1.8
gpt4o,PASSENGER SHIP,0.2,1,0.6,0,0.6
gpt4o,PATIO,0,0,0,0,0
gpt4o,PEEWEE,0,0.2,0,0,0
gpt4o,PERCEPTIBLY,0,0.2,1.2,0.4,0
gpt4o,PERILOUSLY,0.6,0.4,0.4,0.2,0.4
gpt4o,PERSISTENT,0.4,1,0.6,0,1.6
gpt4o,PESSIMISM,0,0.2,1.4,0.2,0.6
gpt4o,PLACENTA,0,0.2,0,0,0.8
gpt4o,POLITICIAN,0,1.2,1.4,1.4,0.8
gpt4o,POSTMODERNIST,0,0,0.2,0,0
gpt4o,PRECARIOUS,0.4,1,1.2,0,0
gpt4o,PRECOLLEGE,0,0,0.4,0,0
gpt4o,PREDATOR,0.6,1,0.6,0,1
gpt4o,PREMARITAL,0.2,0.2,0.4,0,0.6
gpt4o,PRIME,0,1,0.6,0.2,0.2
gpt4o,PRIMITIVE,0.4,0.4,0.6,0,0.8
gpt4o,PROBATION OFFICER,0.4,1.6,1.6,1,0.6
gpt4o,PROHIBIT,0,1.4,1,1.6,0.2
gpt4o,PROP UP,0.6,2.8,0.2,0,1.2
gpt4o,PROTESTOR,1,2.4,1.8,1.8,1.4
gpt4o,PRUDISHNESS,0,0,0.6,0,0.8
gpt4o,PSYCHO,0,0.4,1.2,0.2,0.6
gpt4o,QUILL,0,1.8,0,0,0.2
gpt4o,REBUILD,1.2,3.6,0.6,0,0.8
gpt4o,RECONNECT,0.2,1.6,1.4,0.2,1.2
gpt4o,REEDUCATION,0.2,1,2.2,0.6,0.2
gpt4o,REGENERATE,0.4,1,0.4,0.2,1.2
gpt4o,REGRESSION,0,0,0.2,0.2,0
gpt4o,REINITIATE,0.2,1.2,1.4,0.4,0.4
gpt4o,RESIDUAL,0,0.4,0.4,0,0
gpt4o,REVIVING,0.8,2.2,1.4,1.6,1.6
gpt4o,REWARD,0.2,0.4,0.6,0.2,1.2
gpt4o,REWASH,0,2.8,0,0,0
gpt4o,RHINO,0,0,0,0,0
gpt4o,RINGING,0,0.6,0.8,3.2,0
gpt4o,RIPEN,0,0,0,0,0.2
gpt4o,ROAMING,3.4,1,0.2,0,0.8
gpt4o,ROCKSTAR,1.4,2.6,2.8,1.6,1.8
gpt4o,SACREDNESS,0,0,0.2,0,0
gpt4o,SADLY,0,0.4,3.6,0.8,0.4
gpt4o,SAFFLOWER,0,0.2,0,0.2,0
gpt4o,SALTING,0,1.6,0.2,0.8,0.2
gpt4o,SANDBLASTER,0,2,0.2,0,0.8
gpt4o,SCAPEGOAT,0,0.4,1.2,0.4,0.6
gpt4o,SCRUPULOUSLY,0.2,2.2,1.2,0.8,1
gpt4o,SEALER,0,1,0.2,0,0
gpt4o,SEEDER,0,1.8,0,0,0.4
gpt4o,SENILE,0,0,0.6,0,0
gpt4o,SEPTEMBER,0,0,0,0,0
gpt4o,SEXPLOITATION,0.6,0.8,1.4,0.4,2
gpt4o,SHARPENER,0,1.2,0.2,0,0
gpt4o,SHED,0,1,0,0,0
gpt4o,SHENANIGAN,0.4,0.6,1.2,0.6,0.8
gpt4o,SHIRTLESS,0,0,0,0,2
gpt4o,SHIVERING,1,1,0.6,0,2.2
gpt4o,SHUTTERBUG,0,1,0.6,0.2,0.2
gpt4o,SIEVE,0,2,0,0,0.2
gpt4o,SILLY,0,0.4,3.2,0.6,0.6
gpt4o,SILVERSMITH,0,2,0.2,0.2,0
gpt4o,SKIRTED,1.2,0.2,0.4,0,0.2
gpt4o,SLOUCH,0,0,1.4,0,4
gpt4o,SNIPPING,0,2.8,0.4,0.2,0
gpt4o,SNUFFBOX,0,2,0,0,0
gpt4o,SOLICITOR,0.2,1.8,2.4,2.6,1
gpt4o,SPANK,0,2.8,0,0,0.6
gpt4o,SPARE PARTS,0,0.8,0.2,0,0.4
gpt4o,SPECIALTY,0,0.4,0.2,0.2,0
gpt4o,SPINDLING,0,1.4,0.2,0,0
gpt4o,SPINOUT,2.8,0.6,0.4,0,1
gpt4o,STEREO,0,1.2,0.2,0.6,0
gpt4o,STEW,0,0.8,0.2,2.6,0.4
gpt4o,STREAMLINED,0.4,1.2,0.6,0,0
gpt4o,SUBSTITUTING,0.4,2,0.8,0.2,1.2
gpt4o,SUNDRESS,0.2,0.4,0,0,0.6
gpt4o,SUPERIORLY,0.2,0.6,3,0.6,0.8
gpt4o,SUPPOSITORY,1,0.2,0,0.2,0.2
gpt4o,SURPRISED,0,0.4,3.6,0.6,1
gpt4o,SUSTAINABLE,0,0.4,0.2,0.2,0
gpt4o,SWIFTLY,2.2,1,0.4,0,0
gpt4o,SYNCHRONIZED,1,1.6,0.6,0,1.6
gpt4o,SYNDICATION,0,0.6,0.4,0.2,0
gpt4o,TABLEWARE,0,2.2,0,0,0
gpt4o,TAKE,1,2.6,0.6,0.2,0.2
gpt4o,TALLER,0,0,0,0,0
gpt4o,TARPAPER,0,0.6,0,0,0
gpt4o,THICKHEADED,0.2,0.2,2.2,0,0.2
gpt4o,TIARA,0,0.2,0.4,0,0
gpt4o,TRACKER,1.4,1.4,0.6,0,0
gpt4o,TRANQUIL,0,0,0.8,0,1.6
gpt4o,TUNNEL VISION,0,0,2,0,0
gpt4o,TURMOIL,0.2,0.4,1,0.2,1.4
gpt4o,TYPOGRAPHER,0,3.8,0.2,0.2,0
gpt4o,UNAMBIGUOUSLY,0,0.2,1.4,1,0.2
gpt4o,UNCONFORMITY,0.2,0.2,1.2,0,1.2
gpt4o,UNCONTROLLED,0.4,0.8,0.6,0,1.6
gpt4o,UNDERNUTRITION,0,0,0.6,1.4,1.2
gpt4o,UNDERSTANDINGLY,0.2,0.8,2.2,1.2,0.2
gpt4o,UNFOUNDEDLY,0,0,0.6,0,0
gpt4o,UNHEALTHFUL,0,0.2,0.6,0.2,1.4
gpt4o,UNINTERRUPTIBLE,0,0.4,0.6,0.2,0.2
gpt4o,UNKNOWABLY,0,0,0.2,0.2,0
gpt4o,UNLOCKED,0,0.6,0,0,0.2
gpt4o,UNMANAGEABLY,0,0.2,0.4,0.2,0
gpt4o,UNPURIFIED,0.2,0.2,0.2,0,0.6
gpt4o,UNRUSHED,0.2,0.2,0.6,0,1.4
gpt4o,UNSKILLED,0,0.4,0.8,0.2,1
gpt4o,UNTHINKING,0.2,0,1.6,0,1
gpt4o,UNTIDY,0.2,0.8,0.6,0,0.2
gpt4o,UNTURNED,0,0.2,0,0,0
gpt4o,UNVEILING,0,1.6,1,0.8,0
gpt4o,UNVISITED,0,0,0.2,0,0
gpt4o,VALIANTLY,1,1,0.6,0.2,0.6
gpt4o,VENDINGMACHINE,0,0.8,0,0,0.4
gpt4o,VICIOUS,0.2,1,1,0.2,1.2
gpt4o,VILLA,0,0.2,0.2,0,0.2
gpt4o,VOLATILITY,0,0.2,0,0.2,0.8
gpt4o,WARPING,0.4,1.4,0.2,0,0
gpt4o,WASHED OUT,0.4,0.8,0.8,0,0.4
gpt4o,WATCH OVER,0,1.8,3.4,0,0
gpt4o,WATER METER,0,0.6,0.2,0,0.2
gpt4o,WAYWARD,0.4,0.4,0.6,0.2,0.4
gpt4o,WEATHERTIGHT,0,0,0,0,0
gpt4o,WEBBING,0,1,0,0,0
gpt4o,WHITEFISH,0,0.4,0.2,1,0
gpt4o,WHOOPING,0,0.8,1.6,4,0.4
gpt4o,WISTFUL,0,0,1.4,0,0
gpt4o,WORSEN,0.2,0.6,0.4,0.2,1.2
gpt4o,WRAITHLIKE,0,0,0.4,0,0
gpt4o,WRITHE,1.4,1.4,0.2,0,1.6
gpt4o,YIPPEE,0,0.2,2.4,3.4,0.2
gpt4o,ZAP,0,1.6,0.2,0,0
gem15,ABBREVIATE,0,0.6,2.8,1,0
gem15,ABODE,0,0,1,0,0
gem15,ABSCESSED,0,0,0,1,0.6
gem15,ABYSS,0,0,0,0,1
gem15,ACCORDANCE,0,0,1.6,0,0.6
gem15,ADJUNCT,0,0,2,0,0
gem15,ADJUSTMENT,0.4,2,2,0,0
gem15,AERIAL,0,0,0,0,0
gem15,AERIALLY,0,0,0,0,0
gem15,AFFECTIVE,0,0,2,0,1
gem15,AFTERSALE,0.4,3,1,0,1.4
gem15,AFTERSHAVE,0,1,0,1.6,0
gem15,AGING,0,0,0,0,0.6
gem15,ALERTNESS,0,0,3.8,0,0
gem15,ALLUSIVELY,0,0,2.8,0,0
gem15,ALOE VERA,0,2.4,0,0,0
gem15,ALWAYS,0,0,1.2,0,1
gem15,AMBITIOUSLY,0.4,0.4,2.8,0.4,0
gem15,AMERICANIZE,0,0,3.8,0.8,0
gem15,AMID,0,0,1,0,0
gem15,ANTLER,0,0,0,0,0
gem15,APPLY,0.2,3.2,0.2,0,0.2
gem15,APPRECIATORY,0,0,3.8,0.4,0
gem15,ARRESTINGLY,0,0,4,0,0
gem15,ASSASSIN,0.4,3.2,0.2,0,1.2
gem15,ASSIGNMENT,0,1,2,0,1
gem15,ATMOSPHERE,0,0,0,0,0
gem15,ATOMIC,0,0,2,0,0
gem15,AUCTION OFF,0,2.6,1,4,0
gem15,AVAIL,0,0,4,0,0
gem15,BALCONY,0,0,0,0,0
gem15,BASEBALL BAT,1.4,3.8,0,0,0
gem15,BEFOUL,0.4,0.4,0,3.6,0
gem15,BEFUDDLEMENT,0,0,3.8,0,0
gem15,BEHAVIORAL,0,0,3,0,0
gem15,BEIGE,0,0,0,0,0
gem15,BELATEDNESS,0,0,1.2,0,1
gem15,BEND,0.8,2.2,0,0,3.8
gem15,BILLFOLD,0,3,0,0,0
gem15,BIMOLECULAR,0,0,2.8,0,0
gem15,BIOSPHERE,0,0,1,0,0
gem15,BLOCKHEADED,0,0,3,0,0
gem15,BLUECOAT,1.4,2,0,0,1.4
gem15,BODY BUILDING,2.6,2.8,0.6,0,3.8
gem15,BOMB,0,1.6,0,0,1
gem15,BOO,0,0,2.8,4.8,0
gem15,BOUNDLESS,0,0,2,0,0
gem15,BRAINCHILD,0,0,2,0,0
gem15,BRAINS,0,0,4,0,0
gem15,BUBBLER,0,1,0,1.2,0
gem15,BUDGET,0,0,2,0,0
gem15,BUREAUCRAT,0.4,1.2,1.6,2,1
gem15,BUSTED,0,0,1,0,1
gem15,CALL GIRL,0,1,1,3.8,0
gem15,CAMPER,1.6,2.6,0,0,2.6
gem15,CANCER,0,0,1.8,0,0
gem15,CASING,0,4,0,0,0
gem15,CENT,0,2,0,0,0
gem15,CHALLENGE,0,0.8,1.6,0.4,1
gem15,CHART,0,2.4,3.6,0,0
gem15,CHEERFULNESS,0,0,3.8,0.4,0
gem15,CHEMISTRY,0.6,1,3.8,0,0
gem15,CHOREOGRAPH,1.8,2.2,3.6,0,0
gem15,CHURCHMAN,0,0,2,1,0
gem15,CIVIL SUIT,0,1,3.8,0.8,0
gem15,CLEANER,0.4,3.2,0,0,1.4
gem15,CLEANUP,0.8,3.2,0.2,0,0.2
gem15,CLEARINGHOUSE,0,0.6,2.6,0,0
gem15,CLERGY,0,0,2,1,0
gem15,CLIMATOLOGIC,0,0,2,0,0
gem15,CLING TO,1,3,0,0,1.6
gem15,CLOWNERY,0.2,2.2,1.6,1,1
gem15,COIL,0,3,0,0,0.4
gem15,COLLATERALLY,0,0,1.2,0,1
gem15,COLONIZE,0,0,2,0,0
gem15,COLOR,0,0,2,0,0
gem15,COMATOSE,0,0,0,0,0
gem15,COMBUST,0,0,0,0,0
gem15,COMMOTION,0.2,0.2,1.6,1.4,0
gem15,COMPATIBILITY,0,0,2,0,0
gem15,COMPLICATED,0,0,2.8,0,0
gem15,COMPOSITIONALLY,0,0,2,0,0
gem15,COMPROMISING,0,0.4,1.6,1.2,0.6
gem15,CONFUSABILITY,0,0,2,0,0
gem15,CONGRUOUSLY,0,0,2.6,0,0
gem15,CONSTITUTION,0,1,3.8,0,0
gem15,COPE WITH,0,0,2,0,1
gem15,COPYHOLDER,0,4,1,0,0
gem15,CORPSE,0,0,1,0,0
gem15,CRACKERS,0,2.4,0,1.6,0
gem15,CRITTER,0,0,0,0,0
gem15,CULMINATION,0,0,2.6,0,0
gem15,CURATIVE,0,0.6,1.6,0,0.6
gem15,CUTLET,0,2.4,0,1.6,0
gem15,DEACTIVATION,0,2,2,0,0
gem15,DEBARK,1.4,1.8,0,0,0
gem15,DECADENT,0,0,1,3,0
gem15,DECENTNESS,0,0,1.6,0,0
gem15,DECORATIVE,0,1,0,0,0
gem15,DEFERRED,0,0,2,0,1
gem15,DEFINITELY,0,0,2,0,0
gem15,DEFINITIVE,0,0,2,0,0
gem15,DEFORMED,0,0,1,0,2
gem15,DEGREASER,0.4,3,0,0,0
gem15,DEMOGRAPHICALLY,0,0,2,0,0
gem15,DEODORANT,1,1.6,0,0,0
gem15,DEPARTMENTALIZE,0,0,1.6,0,0.6
gem15,DEPRECIATIVELY,0,1,1.2,1,1
gem15,DETACHER,0.4,3.2,0,0,1.4
gem15,DISENTANGLEMENT,2,3,2,0,0
gem15,DISORIENT,0,0,3.2,0,1
gem15,DISPROOF,0,0,2,1,1
gem15,DISRESPECTFUL,0,0.4,1.6,1.6,0.4
gem15,DISSECT,1.4,3.8,0.6,0,0.4
gem15,DOGLIKE,2,0,1,0,1
gem15,DOUGH,0,2.4,0,1.6,0
gem15,DOZE,0,0,2.2,0,1.2
gem15,DRAGGED,2,3,0,0,3.8
gem15,DREARILY,0,0,3,0,0
gem15,DRUDGE,1.6,3.2,1,0,2.8
gem15,DRY CLEANER,0.4,3.2,0,0,1.4
gem15,EARLY,0,0,1.2,0,1
gem15,ECONOMY,0,0,4,0,1
gem15,EIGHT,0,0,1.8,0,0
gem15,ELECTROMETER,0,3,0,0,0
gem15,EMERGENCY EXIT,0.4,1.8,1,0,0
gem15,EMULATOR,0,3,2.2,0,1.2
gem15,ENGAGED,0,0,2,0,1
gem15,ENTRENCHMENT,0,0,2,0,0
gem15,ENTREPRENEURSHIP,0,0.8,1.8,0.8,0.8
gem15,EPILEPSY,0,0,2,0,2
gem15,EROGENOUS,0,1,0,1.8,0.4
gem15,EVOLVEMENT,0,0,2,0,0
gem15,EXCOMMUNICABLE,0,0,2,0,0
gem15,EXPRESSION,0,0,3.8,2.4,0
gem15,EXTENDIBILITY,0,1.2,1,0,1
gem15,EXTENSIVELY,0,0,2,0,0
gem15,EXTRACTIVE,0,4,0,0,0
gem15,EXTREMISM,0,0,2,0,0
gem15,EYE DROPS,1,2,0,0,0
gem15,EYEWASH,1,1.6,0,0,0
gem15,FACTORY,0,0.4,1,0,0
gem15,FANGED,0,0,1,0,0
gem15,FAT CAT,0,0,0,0,1.2
gem15,FIENDLIKE,0,0,1,0,1
gem15,FILMGOER,0.4,0,1,0,0
gem15,FIND,1.6,3,2.2,0,1.8
gem15,FIREBOAT,0,1,0,0,0
gem15,FIRECRACKER,0,0.6,0,0,0
gem15,FLAMMABLE,0,0,1,0,0
gem15,FLUTE,0,2.4,0,0,0
gem15,FOODSTUFF,0,1.4,0,1.6,0
gem15,FORBIDDINGLY,0,0,2,0,0
gem15,FORMALLY,0,0,2,1,0
gem15,FOSTER,0,0,4,0,1
gem15,FRIDAY,0,0,1.8,0,0
gem15,FROWN,0,0,4,0,0
gem15,FRUIT SALAD,0,1.4,0,1.6,0
gem15,FUMIGANT,0,1.2,0,0,0.6
gem15,FUNERAL HOME,0.6,0,0.8,0.8,0
gem15,GARTER BELT,0,4,0,0,0
gem15,GHASTLY,0,0,3.6,0,0
gem15,GOOGLE,0,2.4,3.6,0,0
gem15,GRADER,0,2.2,2,0,0
gem15,GRANDBABY,0,0,0,0,0
gem15,GREENISH,0,0,0,0,0
gem15,GULP,0,0,0,5,0
gem15,GUSHINESS,0,0,1,2.8,0
gem15,HAILSTORM,0,0,0,0,0
gem15,HALFCOCKED,0,0,3.6,0,0
gem15,HAPPEN,0,0,1,0,0
gem15,HARM,0.4,1,1,0.4,1
gem15,HAVOC,0,0,1,0,1
gem15,HEMOPHILIA,0,0,0,0,1
gem15,HETEROSEXUAL,0,0,1.6,0,0.6
gem15,HIGHHANDED,0,1,2,0,0
gem15,HIMSELF,0,0,1,0,0
gem15,HINDRANCE,0,0,2,0,0
gem15,HOMESTEAD,1.6,3,0,0,2.6
gem15,HOUSEMASTER,0,0,2,0,0
gem15,HYSTERIC,0,0,4,0,0
gem15,ICING,0,2,0,2,0
gem15,ILLNESS,0,0,1.8,0,0
gem15,IMMIGRANT,0.6,0,1,0,0
gem15,IMPOLITE,0,0,1.4,3.6,0
gem15,INAUDIBILITY,0,0,0,0,0
gem15,INAUGURAL,0,1,3.8,0.8,0
gem15,INDIRECTLY,0,0,2,0,0
gem15,INFLAMER,0,0,2,1,0
gem15,INFLAMING,0,0,1.8,2.6,0
gem15,INFLEXIBLY,0,0,2,0,0
gem15,INSTITUTIONAL,0,0,0,0,0
gem15,INSTRUMENTALLY,1,2,1,0,0
gem15,INTERCEPT,3,2,2,0,1
gem15,INTERGROWTH,0,0,0,0,0
gem15,INTERN,0,1,2,1,1
gem15,INTERNALIZATION,0,0,4,0,2
gem15,INTOXICATING,0,0,1,4,0
gem15,KEEL,0,1.4,0,0,0.4
gem15,KEYCARD,0,3,0,0,0
gem15,KIND,0,0,1.8,0.4,0
gem15,KLUTZINESS,3.4,0.6,0,0,0
gem15,LAG,0,0,0,0,0
gem15,LASER,0,0,0,0,0
gem15,LEAFLET,0.4,3.2,0,0,0.4
gem15,LEANNESS,0,0,0,0,1.2
gem15,LESSENING,0,0,1,0,1
gem15,LIGHT BEAM,0,0,0,0,0
gem15,LIGHTLESS,0,0,0,0,0
gem15,LIGHTSWITCH,0,3,0,0,0
gem15,LINGUAL,0,0,1,5,0
gem15,LIPID,0,0,2,0,0
gem15,LIVER,0,0,0,0,0.6
gem15,LOGROLLING,1.8,4,0,0,3.8
gem15,LOOPING,1,3,0,0,0
gem15,LOOSELY,0,0,1,0,0
gem15,LOOSENESS,0,0,1,0,1
gem15,LUSTROUSLY,0,0,0,0,0
gem15,MAKEOVER,1,3.2,0,0,0
gem15,MANLY,0,0.4,1.6,0,0.6
gem15,MARBLING,0,2.6,0,0,0
gem15,MARRIED,0,0,2,0,0
gem15,MAY,0,0,4,0,0
gem15,MEAL,0,1.4,0,1.6,0
gem15,MEGAWATT,0,0,0,0,0
gem15,MICROCOMPUTER,0,3,1,0,0
gem15,MIDTERM,0,2.6,2.2,0,1
gem15,MIRTH,0,0,2,0,1
gem15,MISAPPROPRIATE,0,1,3,0,0
gem15,MISCHARACTERIZE,0,0,1.8,3.8,0
gem15,MONEYMAKER,0,2,1.6,0.4,0.6
gem15,MONOCLE,0,1,2,0,0
gem15,MOVE ON,1.6,2,1.2,0,1.8
gem15,MULL OVER,0,0,4,0,1
gem15,MULTISPECIES,0,0,2,0,0
gem15,NATIONALISM,0,0,1.6,0,0.6
gem15,NEARSIGHTEDNESS,0,0,2,0,0
gem15,NEEDS,0,0,2,0,1
gem15,NEWSMONGER,0,0.6,1.6,3,0.6
gem15,NONCURRENT,0,0,1.2,0,1
gem15,NONPRODUCTIVELY,0,0,1,0,0.6
gem15,NONRESISTANT,0,0,2,0,0
gem15,NONSOCIAL,0,0,1.6,0,0.6
gem15,NOSEPIECE,1,2,1,0,0
gem15,NOUN,0,0,2.8,0,0
gem15,OLD FASHIONED,0,0,2,0,0
gem15,OSCILLATE,0,0,0,0,0
gem15,OUGHT,0,0,4,0,0
gem15,OUTPOUR,0,0,1,3,0
gem15,OUTRUN,3,0,0,0,0
gem15,OUTTAKE,0,0.6,2.6,0,0
gem15,PAPYRUS,0,2,0,0,0
gem15,PARTYGOER,0.4,0.4,2,2,0.4
gem15,PASSENGER SHIP,0.6,1.4,0,0,2.6
gem15,PATIO,0.4,0.4,0,0,0.4
gem15,PEEWEE,0,0,0,0,0
gem15,PERCEPTIBLY,0,0,2,0,0
gem15,PERILOUSLY,0.6,0,2.6,0,0
gem15,PERSISTENT,0,0,2,0,1
gem15,PESSIMISM,0,0,2.6,0,0.6
gem15,PLACENTA,0,0,0,0,3
gem15,POLITICIAN,0.4,1,1.6,2,1
gem15,POSTMODERNIST,0,0,3,1,0
gem15,PRECARIOUS,0,0,1.2,0,1.2
gem15,PRECOLLEGE,0,1.6,2.2,0,1
gem15,PREDATOR,3,2,1,0,1
gem15,PREMARITAL,0,0,2,0,0
gem15,PRIME,0,0.2,1.2,0,1.2
gem15,PRIMITIVE,0,0,1,0,0
gem15,PROBATION OFFICER,0.4,1,1.6,2,1
gem15,PROHIBIT,0,0,1.8,1.6,0
gem15,PROP UP,0.2,4,0,0,3.8
gem15,PROTESTOR,0.4,0.4,2.2,3.6,0.4
gem15,PRUDISHNESS,0,0,2,0,0
gem15,PSYCHO,0,0.8,1.6,1,1
gem15,QUILL,0,4,0,0,0
gem15,REBUILD,1.6,3.4,1.2,0,1.8
gem15,RECONNECT,0,0.6,1.6,0.6,0.6
gem15,REEDUCATION,0,0,3.8,0.8,0
gem15,REGENERATE,0,0,2,0,0
gem15,REGRESSION,0,0,2,0,0
gem15,REINITIATE,0.6,0.6,3.8,0.8,0
gem15,RESIDUAL,0,0,1,0,1
gem15,REVIVING,0,1,1.8,0.4,0
gem15,REWARD,0,0,1,0,0
gem15,REWASH,0,3,0,0,0
gem15,RHINO,0,0,0,0,0
gem15,RINGING,0,0,1,0,0
gem15,RIPEN,0,0,0,0,2
gem15,ROAMING,2.4,0,0,0,0
gem15,ROCKSTAR,0.4,1.4,1.6,3.6,0
gem15,SACREDNESS,0,0,1.8,0,0
gem15,SADLY,0,0,3.8,0.4,0
gem15,SAFFLOWER,0,0,1,0,0
gem15,SALTING,0,1.6,0,0.6,0
gem15,SANDBLASTER,0,4,0,0,0
gem15,SCAPEGOAT,0,0,1.6,0,0.6
gem15,SCRUPULOUSLY,0,0.4,2.8,0,0
gem15,SEALER,0.4,3,0,0,0
gem15,SEEDER,0.8,4,0,0,0
gem15,SENILE,0.4,0,0.6,0,0
gem15,SEPTEMBER,0,0,0,0,0
gem15,SEXPLOITATION,0,1,0.6,1.6,0.4
gem15,SHARPENER,0,3.4,0,0,0
gem15,SHED,1.8,2.8,0,0,1
gem15,SHENANIGAN,0,1,1.4,0.8,0.8
gem15,SHIRTLESS,0,0,0,0,2.6
gem15,SHIVERING,0,0,0,0,1.2
gem15,SHUTTERBUG,0,4,1,0,0
gem15,SIEVE,0,4,0,0,0
gem15,SILLY,0,0,2.8,0,0
gem15,SILVERSMITH,1.4,3.8,0,0,0.4
gem15,SKIRTED,1.6,1.6,0,0,1.8
gem15,SLOUCH,0,0,0,0,3.6
gem15,SNIPPING,0.6,3.6,0,0,0
gem15,SNUFFBOX,0,2,0,0.4,0
gem15,SOLICITOR,0,0.4,1.8,4.8,0
gem15,SPANK,1,1.8,0,0,0
gem15,SPARE PARTS,0,4,0,0,0
gem15,SPECIALTY,0,0,2,0,0
gem15,SPINDLING,0,2.8,0,0,0
gem15,SPINOUT,0.4,0,0,0,2.2
gem15,STEREO,0,1,0,0,0
gem15,STEW,0,1.4,0,1.6,0
gem15,STREAMLINED,0,1,1,0,1
gem15,SUBSTITUTING,0,2,2,0,1
gem15,SUNDRESS,0,0.4,0,0,0
gem15,SUPERIORLY,0,0,2.8,0.4,0
gem15,SUPPOSITORY,0,1.4,0,0,0
gem15,SURPRISED,0,0,4,0,0
gem15,SUSTAINABLE,0,0,2,0,0
gem15,SWIFTLY,1,1,1,0,1
gem15,SYNCHRONIZED,0.4,1,1.6,1,1
gem15,SYNDICATION,0,1.8,2.2,0,1.2
gem15,TABLEWARE,0,1.8,0,0,0
gem15,TAKE,1.6,3.6,0,0,0
gem15,TALLER,0,0,0,0,1.6
gem15,TARPAPER,0.4,2,0,0,0.8
gem15,THICKHEADED,0,0,3.8,0,0
gem15,TIARA,0,0,1,0,0
gem15,TRACKER,1.8,1.6,2.6,0,0
gem15,TRANQUIL,0,0,2,0,1
gem15,TUNNEL VISION,0,0,3.2,0,0
gem15,TURMOIL,0,0.4,1.6,0.4,1
gem15,TYPOGRAPHER,0,3.2,2,0,0
gem15,UNAMBIGUOUSLY,0,0,2.8,0,0
gem15,UNCONFORMITY,0,0,2,0,0
gem15,UNCONTROLLED,0,0,2,0,2
gem15,UNDERNUTRITION,0,0,1.8,0,0
gem15,UNDERSTANDINGLY,0,0,3.8,0,0
gem15,UNFOUNDEDLY,0,0,1.2,0,1
gem15,UNHEALTHFUL,0,0,1,0,0.6
gem15,UNINTERRUPTIBLE,0,0,1,0,0
gem15,UNKNOWABLY,0,0,2,0,0
gem15,UNLOCKED,0,4,0,0,0
gem15,UNMANAGEABLY,0,0,2,0,0
gem15,UNPURIFIED,0,0,1,0,0
gem15,UNRUSHED,0,0,2,0,1
gem15,UNSKILLED,0,0.2,1,0,0.2
gem15,UNTHINKING,0,0,2,0,0
gem15,UNTIDY,0,1.2,1,0,1
gem15,UNTURNED,1.4,2.4,0,0,0.4
gem15,UNVEILING,0,2.2,1,0,0
gem15,UNVISITED,0.4,0,1,0,0
gem15,VALIANTLY,0,0,2,0,0
gem15,VENDINGMACHINE,0,4,0,0,0
gem15,VICIOUS,0.4,1,1.6,0.4,1
gem15,VILLA,0,0,0,0,0
gem15,VOLATILITY,0,0,2,0,0
gem15,WARPING,1,1,0,0,0.6
gem15,WASHED OUT,0,0,0,0,0
gem15,WATCH OVER,0.4,0,4,0,0
gem15,WATER METER,0,3.6,0,0,0
gem15,WAYWARD,2.2,0.6,1.6,0,0
gem15,WEATHERTIGHT,0,0,0,0,0
gem15,WEBBING,0,2,0,0,0
gem15,WHITEFISH,0,1,0,0,0
gem15,WHOOPING,0,0,2.8,4.8,0
gem15,WISTFUL,0,0,4,0,0
gem15,WORSEN,0,0,2,0,1
gem15,WRAITHLIKE,0,0,1,0,0
gem15,WRITHE,1.2,0,0,0,2.6
gem15,YIPPEE,0,0,2.8,3.8,0
gem15,ZAP,0,0,0,0,0
