source,word,auditory,gustatory,haptic,interoceptive,olfactory,visual
gpt35,ACOUSTICAL,3,0.4,0.2,0.6,0.2,0.6
gpt35,ACT ON,1,0.2,0.4,0.4,0.2,1.2
gpt35,ADMINISTRATION,1.4,0.2,1.8,0.8,0.2,1.8
gpt35,AFFIRMATIVELY,1.2,1.2,2,1,1.2,1
gpt35,AGGREGATIVE,1,0.4,0.4,0.6,0.6,1.8
gpt35,AGONIZINGLY,1.6,0.6,1.8,2.4,1.2,0.2
gpt35,AIMLESSLY,0.6,0.2,0.4,0.2,0.2,0.8
gpt35,AIRBAG,1.8,0.4,2,1.2,0,2
gpt35,ALMOND,0.2,3.6,3,1.6,2,2.8
gpt35,ALTERCATION,0.4,0.6,2,1.4,0.4,2.6
gpt35,ANGELICALLY,1.2,0.6,1.8,1,0.8,0.4
gpt35,APPEASE,1.6,0.2,0.4,0.6,0.2,1.2
gpt35,APPREHENSIBILITY,1.4,0.8,0.4,1.8,0.6,1.2
gpt35,ARDENTLY,1.4,0.8,0.6,1.4,0.6,1.2
gpt35,ASHTRAY,1.6,1,1.6,0.8,0.8,1.2
gpt35,ASSESSED,1.4,1.2,2.2,1.2,1,1
gpt35,ASSESSOR,0.8,0.2,1,1.2,0,1.4
gpt35,ATONE,0.6,0.2,0.8,1,0,1.2
gpt35,ATTACHMENT,1.4,0.2,0.8,0.6,0.2,1.4
gpt35,AUDITORY,3,0.4,0.2,0.6,0.2,0.6
gpt35,AUGMENT,1.6,0.6,0.8,1.2,0.4,1.8
gpt35,AWARE,2.2,1.2,2.4,1.4,1.6,1.4
gpt35,BALE,1.6,0.6,1.6,0.6,0.8,1
gpt35,BARBARIC,1.6,0.4,1,1,0.6,1.4
gpt35,BARRED,0.6,0.2,0.4,0.4,0.2,0.8
gpt35,BED,0.4,1.4,3,1.6,1,4
gpt35,BELIEVING,1.2,0.2,1.8,1.4,0.2,1.6
gpt35,BELL TOWER,0.4,1.2,2.8,1,1,4
gpt35,BEYOND,1.4,0.2,0.4,0.2,0.2,1.8
gpt35,BIBLIOGRAPHICALLY,1.6,0.4,0.8,0.6,0.6,1
gpt35,BLASPHEMOUSLY,1,0.2,1,1.2,0,1.4
gpt35,BLOCK,1.2,0.4,2,1.2,0,1.8
gpt35,BLOODTHIRSTILY,0.4,0.2,0.2,0.2,0.2,0.6
gpt35,BLUISHNESS,1.4,0.2,1.8,0.6,0,2.2
gpt35,BOOKBAG,0.2,1,2.8,1.2,0.8,3.4
gpt35,BOTANICALLY,1.6,0.8,1,0.8,0.8,0.8
gpt35,BOTH,1.8,0.6,2,2.4,1,3
gpt35,BRAISED,1.6,2.6,2.8,1.2,1.8,0.8
gpt35,BREEZELESS,1.2,0.8,0.6,1.2,0.6,1.8
gpt35,BUFFALO,0.2,1.6,2.4,1.6,1.6,2.6
gpt35,BULLISHNESS,1.6,0.8,2,1.2,1,0.6
gpt35,BUNTED,1.4,0.4,1.4,0.4,0.8,0.4
gpt35,BUTTERSCOTCH,1.4,3.6,0.6,0,1.2,1.2
gpt35,BUTTERY,1.2,2.2,1.8,1.6,1.2,1.6
gpt35,CAKE PAN,0.2,3.2,2.8,1.6,1.6,3.2
gpt35,CAMP,1.8,0.8,2.4,0.6,1,1
gpt35,CANNOT,1,1.2,0.4,1.2,0.6,0.8
gpt35,CARMAKER,2.2,0.6,1.6,0.8,0.2,2.2
gpt35,CASTLED,1.2,0.4,0.8,0.2,0.6,1.8
gpt35,CATEGORY,1.6,0.2,1.4,1.8,0,1.4
gpt35,CAUSER,0.6,0.2,0.6,0.2,0.2,0.8
gpt35,CENTERPIECES,0.2,1.6,2.8,1.6,1.2,3.6
gpt35,CENTRALIST,1,1,0.4,1.6,0.4,0.8
gpt35,CHAUVINISM,1,0.6,1.4,0.6,0.6,1
gpt35,CHILI PEPPER,1.4,2.8,0.8,1.4,1.4,1.4
gpt35,CHRISTEN,1.2,0.6,0.8,0.6,0.6,1.8
gpt35,CHRONICALLY,0.8,0,0.8,1,0,1.4
gpt35,CHUNK,1.6,0.8,1.6,0.6,0.8,1
gpt35,CIRCULAR,0.2,1.6,2.6,1,0.4,3.4
gpt35,CIVILIZING,1.4,1.2,2.2,1,1.2,1.2
gpt35,CLANK,1.6,1.2,1.4,1,1.6,1.6
gpt35,CLEANING LADY,2.2,1.4,2,0.8,1.6,1.4
gpt35,CLOAKED,0.8,0.6,1.4,0.6,0.8,0.4
gpt35,COACHWORK,1.4,0.4,1.6,1,0,1.8
gpt35,COASTWARD,1.6,0.6,1.2,0.8,0.8,2.4
gpt35,COHERE,0.8,0.2,0.6,0.2,0.2,1
gpt35,COMPLETE,1.6,0.8,2,1.2,1.2,1.2
gpt35,COMPREHENDINGLY,1.8,1,0.8,1.8,0.6,1.2
gpt35,COMPREHENSIBLY,1.6,1,2.2,1,0.8,1.4
gpt35,CONSUMERISM,1.6,1,2.2,1.2,1,1.2
gpt35,CONVICTABLE,1,0.2,1,1.4,0,1.4
gpt35,CORDIAL,1.2,1.4,1,1,1.4,2.4
gpt35,COUNCILWOMAN,0.4,1,2.2,1.4,0.8,3.4
gpt35,COUNTDOWN,2.6,0.6,1.6,0.6,1.2,1.2
gpt35,COUNTERACTION,1.2,0.2,1.6,1,0.2,2
gpt35,COUNTERFEIT,1.4,0.6,1,0.8,0.6,1
gpt35,COUNTERREVOLUTION,0.8,0.4,1,0.8,0.8,0.8
gpt35,COUNTERSTRIKE,2.4,1.2,2.4,0.6,1,1.2
gpt35,CRATER,1.4,0.4,0.8,0.6,0.8,1
gpt35,CREDITABLY,1.2,1,1.6,1,1,0.8
gpt35,CRESTED,1.2,0.2,1.6,1.4,0,1.4
gpt35,CREWLESS,1,0.2,1.6,1,0,1.6
gpt35,CRIMINALIZE,1,0.2,1,1.4,0,1.4
gpt35,CRISP,1,0.2,1.6,1.2,1,2
gpt35,CRUCIFIX,1,0.8,1.8,0.8,0.6,0.8
gpt35,CRUISE,2.2,0.8,1.8,1,1.2,1.4
gpt35,CRUNCH,1.8,1.4,1.4,1,1.8,1.6
gpt35,CURATOR,0.2,1,2.4,1,0.6,3.4
gpt35,CURIOSITY,1.4,0.2,0.8,0.6,0.2,1.6
gpt35,CURVE BALL,2.2,0.8,1.8,0.8,1.2,1.2
gpt35,DANCEFLOOR,0.4,1.4,3,1.4,1,4.4
gpt35,DANGEROUS,1.6,0.6,1.6,1.6,0,2
gpt35,DEAD ON,2,1.2,1.8,1.8,1,1.4
gpt35,DECAFFEINATE,1.4,1.2,0.6,1,0.8,1.4
gpt35,DECIPHERER,0.8,0.2,0.8,1.2,0,1.4
gpt35,DEEPENING,1.6,1.2,2.2,1.8,1.2,0.8
gpt35,DEFORMITY,1.2,0.2,1.6,1,0,1.8
gpt35,DEPLORED,1.2,0.2,1.6,1.4,0,1.4
gpt35,DEPLOY,1.2,0.2,1.4,1,0,1.8
gpt35,DEVILISHNESS,0.6,0.2,0.2,0.2,0.2,0.6
gpt35,DEW,0.2,3.2,3,1.8,1.8,3.4
gpt35,DIFFUSIBLE,1.2,0.8,2,1.2,0.8,0.8
gpt35,DILIGENCE,2,1.2,2.8,1.6,1.6,1.2
gpt35,DINNERTIME,1.6,1.6,2,0.8,0,2
gpt35,DIRECTIONALITY,1,0.2,1.2,1.2,0,1.4
gpt35,DISCOMBOBULATE,1.4,1,2,2.2,1.2,0.4
gpt35,DISCONTINUOUSLY,0.6,0.2,0.4,0.2,0.2,0.8
gpt35,DISHEVELMENT,0.6,0.2,0.4,0.4,0.2,0.8
gpt35,DISILLUSION,1,0.8,2.2,1.6,1,0.4
gpt35,DISORDERED,0.2,0.8,2,1.6,0.6,2.6
gpt35,DISTANCE,1.2,0.4,1,1.2,1,2.6
gpt35,DIVULGENCE,0.8,0.2,0.8,1.2,0,1.4
gpt35,DOMINATIVE,1,0.6,1.8,1.4,1,0.2
gpt35,DOUBLED,1,0.2,0.6,0.4,0.2,1.2
gpt35,DREAMFUL,1.2,0.2,2,1.6,0.2,1.8
gpt35,DRINKING WATER,1.6,3.2,2.8,1.4,2.2,1.6
gpt35,DRUNKENNESS,1,1,1.8,1.2,1,1
gpt35,DUFFEL BAG,0.2,1,3,1.2,0.8,3.6
gpt35,DUNCE,1.6,0.2,1.6,1.6,0.2,1.8
gpt35,EERILY,1.2,0.2,0.6,0.2,0.2,1
gpt35,ELECTROMAGNET,2.2,0.8,1.6,0.6,0.8,1.2
gpt35,ELFISH,1.2,0.6,0.8,0.6,0.6,1.4
gpt35,ENCHILADA,1.4,2.8,0.8,1.4,1.4,1.4
gpt35,ENGINE,2.6,0.8,1.4,0.8,0.8,1
gpt35,ENLISTMENT,0.8,0,0.8,1,0,1.2
gpt35,ENSEMBLE,1.4,0.4,2,0.8,0,2
gpt35,ERRANTLY,1,0.2,1.2,1.2,0,1.4
gpt35,ETHOLOGICAL,1,0.2,1.4,0.8,0,1.6
gpt35,EVILDOING,1.2,0.4,1.4,0.4,0.4,0.4
gpt35,EXECUTIONER,1,0.2,1,0.8,0.2,1.6
gpt35,EXPORTABLE,1,0.2,0.4,0.2,0.2,1
gpt35,EYE STRAIN,1.6,0.2,1.4,2,0.6,3.2
gpt35,FACE POWDER,1.4,1.2,1.8,1,1,1.8
gpt35,FALSEHEARTED,0.8,0.8,0.6,1.2,0.4,0.8
gpt35,FAMILIAR,1.6,1,1.8,2,1.2,2.8
gpt35,FLEABAG,0.8,0.4,0.2,0.4,0.6,0.8
gpt35,FLIMFLAM,1.2,0.2,1.4,1.2,0,1.4
gpt35,FLIRTER,1.4,0.4,1.8,0.6,0.6,1.4
gpt35,FLOTATION,0.2,1.2,2.8,1.2,0.4,3.4
gpt35,FLOURLESS,0.8,1.6,2.2,1.2,1.4,0.8
gpt35,FOOD ADDITIVE,2,1.4,1.6,2,1.6,2
gpt35,FORECLOSE,1.2,1.2,1.8,1,1.2,0.6
gpt35,FOUNTAIN,0.4,1.4,3.2,1.4,1.6,4
gpt35,FRAGILE,1.4,0.8,1.4,1.2,0.8,1
gpt35,FRICTIONLESS,0.8,0.6,0.8,1.6,0.4,1.8
gpt35,FRIVOLOUSNESS,1,0.2,1.4,0.6,0,1.6
gpt35,FRUIT,0.2,3.6,3,1.4,2,3.2
gpt35,FRUSTRATED,1.2,0.2,1.8,1.6,0,1.6
gpt35,GANJA,1.2,1,0.8,0.4,1.2,1.2
gpt35,GLISTENING,0.2,1,2.8,0.6,0.4,4
gpt35,GOLF CART,0.2,1.4,2.8,1.4,1,3.4
gpt35,GOOD HEALTH,1.8,1.6,2.2,1.4,0.2,2
gpt35,GRANULATOR,1,0.4,0.6,0.6,0.4,1
gpt35,GRAVY,1.2,2.4,1.4,1.2,0.8,1
gpt35,GRUMBLING,2,0.8,1.2,2,0.6,1.4
gpt35,HAMMERER,0.2,0.4,2.2,2,0.4,2.8
gpt35,HEARTHSTONE,2.8,1,1.8,1,0.6,1.6
gpt35,HEROINE,1,1,0.8,0.4,0.4,1.2
gpt35,HIBERNATE,1,0.2,2,1,0,1.8
gpt35,HIGH WIND,2,0.2,0.6,0.2,0.2,1.4
gpt35,HILLINESS,0.2,0.8,2.4,1,0.6,3
gpt35,HOMOGENIZE,1.2,0.4,0.6,0.6,0.2,1.2
gpt35,HOSPITABLE,1.2,0.2,1.6,0.8,0,1.8
gpt35,HOUSECOAT,1.4,0.2,1.8,1.2,0,2
gpt35,IMMEDIATE,1.4,0.2,0.8,0.4,0.2,1.4
gpt35,IMPERSONATE,1.8,0.6,1.2,0.6,0.8,0.6
gpt35,IMPETUOUS,1.2,0.8,2.6,1.6,0.8,0.4
gpt35,IMPLEMENTAL,0.6,0.2,0.4,0.2,0.2,0.8
gpt35,INAPPROPRIATENESS,0.2,0.6,2,1.6,0.2,2.8
gpt35,INARGUABLY,1.4,1,0.2,1.4,0.6,1.2
gpt35,INATTENTION,0.4,0.2,0.2,0.2,0.2,0.6
gpt35,INCONCLUSIVENESS,0.8,0.8,0.2,1.6,0.4,1
gpt35,INCONGRUENCE,1,0.2,1.4,1.2,0,1.4
gpt35,INDISPOSE,1,0.2,1.4,1.2,0,1.4
gpt35,INFORM,1.8,1,0.8,1.6,0.6,1.2
gpt35,INHALATION,1.6,0.6,0.8,1,3.8,1.4
gpt35,INJECTOR,1.8,1,2.4,1.8,1.4,1
gpt35,INNOVATE,1.8,1.4,2,1.6,1.6,1.2
gpt35,INSTRUMENT PANEL,2.4,0.4,2.4,1,0.2,2.8
gpt35,INSULATING,1.6,1,2,1.2,1,0.6
gpt35,INTEREST RATE,1.4,1.2,1.6,0.6,0.8,1.2
gpt35,INTERIM,1.4,0.8,0.8,1.4,0.6,1.4
gpt35,INTERNATIONALIST,0.8,0.2,0.8,1,0,1.2
gpt35,INTRUSIVELY,1.4,0.6,2,1.8,1,0
gpt35,INTUITIONAL,0.8,0,1.4,1.2,0,1.4
gpt35,INTUITIVELY,1.4,1,0.8,1.8,0.6,1.2
gpt35,INVARIABLENESS,0.8,0,0.8,0.8,0,1.2
gpt35,INVENTIVE,1.6,0.4,1,0.8,0.4,1.6
gpt35,IRRELEVANCY,1,0.2,1,1,0,1.2
gpt35,IRREVOCABLE,1,0.8,0.2,1.4,0.4,1.2
gpt35,JACKHAMMER,0.2,1,2.6,2,0.6,3.2
gpt35,JAGGEDNESS,1.2,0.2,1.8,0.6,0,1.6
gpt35,JUSTIFIABLENESS,1,0.8,0.4,1.8,0.4,1.2
gpt35,KNEED,1,0.2,0.6,0.6,0.2,1.2
gpt35,LAPSING,1,0.2,1.6,1,0.2,1.8
gpt35,LARCENIST,0.2,0.6,2,1.4,0.6,2.6
gpt35,LATCHING,1.2,0.6,1.4,0.6,1,0.6
gpt35,LEPRECHAUN,1.6,0.2,1,0.6,0,1.8
gpt35,LICENSEE,1.4,1.2,2,1.2,1.4,1.4
gpt35,LIP,1,1.6,1.6,1,0.8,1.4
gpt35,LIST,0.2,1.4,2.6,1,0.4,4
gpt35,LONGTIME,1.2,1.2,0.8,1.6,0.6,1.4
gpt35,LOSE,1.6,1,1.8,1.2,1,0.8
gpt35,LOW KEY,2.6,0.4,1,1,0.8,2.4
gpt35,MACHINELIKE,1,0.2,1.8,0.6,0,1.6
gpt35,MAIL,0.4,1.2,2.8,1,1.2,3.6
gpt35,MANGLE,1,1,1.6,1,0.2,1.4
gpt35,MANIFESTO,1.6,1.2,0.8,1.6,0.8,1.2
gpt35,MEDIATE,2,1.4,2,1.8,1.2,1.2
gpt35,MENOPAUSAL,1.2,0.6,0.4,1.4,0.6,1.6
gpt35,METH,1.4,0.8,1.6,1.8,0.4,1.4
gpt35,MICROBREW,1,2.4,2.6,1.4,1.6,1
gpt35,MISCELLANEOUS,1.4,1.4,0.4,1.6,0.8,1.4
gpt35,MODERATION,1,0.2,0.4,0.8,0.2,1.2
gpt35,MONOCHROME,1.8,0.8,1.4,0.8,1,1.4
gpt35,MONOGAMIST,1,0.6,0.8,0.8,0.6,1.4
gpt35,MUCKINESS,0.2,0.8,2,1.2,0.6,2.4
gpt35,MUNCHKIN,0.6,2.6,2.2,1.4,1.4,3
gpt35,MYSTICAL,2.2,0.6,1,0.8,0.6,1.4
gpt35,MYSTICALLY,2,0.6,1,0.6,0.6,1.4
gpt35,NEGATIVE,1,0.6,1.6,1.2,0.6,1.8
gpt35,NEUROPSYCHIATRIC,1.6,0.6,1.8,2,0.8,0.6
gpt35,NEWSREEL,3,0.4,1,0.8,0.6,2.4
gpt35,NIGHT SHIFT,3.4,0.2,1.6,1.6,0.2,2.6
gpt35,NIGHTSHIFT,2.8,0.4,0.8,0.6,0.8,1.6
gpt35,NONUNION,0.6,0.4,1,0.6,0.6,0.8
gpt35,NOTEPAD,0.2,1.2,2.6,1.2,0.8,3.8
gpt35,NUTRITIOUS,1.6,3.2,2.4,1.8,1.6,1.6
gpt35,ORDEAL,1.8,0.6,1.8,1.8,0.6,1.4
gpt35,OUTDATE,1.6,0.8,1.8,1.2,0.8,0.6
gpt35,OUTRAGEOUSLY,0.8,0.2,0.4,0.2,0.2,0.8
gpt35,OUTSTAND,1,0.2,1.4,1.2,0,1.4
gpt35,OVAL,0.2,1.8,2.6,1,0.6,3.8
gpt35,OVENWARE,0.4,2.2,2.8,1.4,1.8,3.2
gpt35,OVERCOMPENSATE,1,0.2,1.4,1.4,0,1.4
gpt35,OVEREAGER,1.2,0.8,2.2,1.6,1,0.4
gpt35,OVEREXTENSION,0.6,0,0.8,1,0.2,1.2
gpt35,PACED,1,0.2,1.2,0.4,0.2,1.2
gpt35,PAD,1.2,0.4,2.2,1.8,0.2,1.4
gpt35,PAINS,1.4,0.6,1,2.2,1.4,1.2
gpt35,PARATROOPS,0.2,0.8,2.2,1.4,0.6,2.8
gpt35,PASTA,1.4,3,0.8,1.2,1,1.6
gpt35,PASTIME,1.4,2,1,1.4,0.6,1.4
gpt35,PATTERNED,1.6,0.6,1.2,0.8,1,1.4
gpt35,PEACEMAKER,1.4,0.8,2,0.8,0.8,0.8
gpt35,PEDIATRICIAN,2,0.8,1.8,1,0.8,1
gpt35,PERCUSSION,2.6,1,2.6,1.8,1.6,0.8
gpt35,PHONE COMPANY,3.2,0.4,0.8,0.4,0.4,2.8
gpt35,PHONETICALLY,1.2,0.2,1.4,1.4,0.2,1.8
gpt35,PHOTOENGRAVING,2,0.6,1.6,0.4,0.8,1
gpt35,PIE,1.4,3.2,0.8,1.4,1,1.2
gpt35,PINE,0.2,2.4,3,1.4,1.4,3.6
gpt35,PLAINTIFF,1.2,0.2,1.2,0.6,0,1.6
gpt35,POKER GAME,0.4,1.8,2.4,1.6,1,3.6
gpt35,POLLUTER,0.2,0.6,2.2,1.4,0.6,3
gpt35,POMPOM,0.2,1.4,2.6,1.6,1.2,3.2
gpt35,PONTOON,1.2,0.2,1.4,1,0,2.2
gpt35,POOCH,1,0.6,1.6,0.4,0.8,0.6
gpt35,POSTING,1,0,0.8,1.2,0.2,1.6
gpt35,POTHOOK,0.8,0.2,0.6,0.2,0.2,0.8
gpt35,PREGNANCY,0.4,0.8,2.6,2,1.2,2.4
gpt35,PRETENSE,1.2,1,0.6,1.4,0.6,1
gpt35,PRICKLING,1.2,0.6,1.2,1.8,2,1.6
gpt35,PROCLAMATION,1.2,0.2,1,1.2,0,1.6
gpt35,PRODUCTIVENESS,1.2,0.4,1.6,1.2,0,1.8
gpt35,PROPHYLACTIC,1.6,1,2,1.6,0.8,0.4
gpt35,PUNITIVE,0.8,0.2,0.4,0.4,0.2,1
gpt35,PUT OFF,1.8,0.2,1.8,1.4,0.4,1.8
gpt35,PYROTECHNICAL,1.6,0.6,1,0.6,0.6,0.8
gpt35,RAKING,1.6,0.6,1.6,0.8,1.2,0.8
gpt35,REDELIVERY,1,0.2,1.4,0.6,0,1.6
gpt35,REDNECK,0.2,0.6,2,0.8,0.6,2.4
gpt35,REFLEX,1.2,0.2,1,1.8,0.2,1.4
gpt35,REFRESHMENT,1.6,2.6,2.2,1.4,1.8,1.6
gpt35,REGIONAL,1.6,0.6,1,1.2,0.8,2.6
gpt35,REGULATED,1,0.2,0.4,0.8,0.2,1
gpt35,REPORTABLE,1,0.2,0.4,0.2,0.2,1
gpt35,REPUTED,1.4,1.2,0.8,1.6,0.6,1
gpt35,RESTFUL,1.2,1.4,2.4,1.2,0.2,1.8
gpt35,RESULTANT,1.6,0.8,0.4,1.8,0.6,1.2
gpt35,REVOKE,0.6,0.2,0.2,0.2,0.2,0.4
gpt35,RIDDANCE,1,0.8,1.8,1,1,0.6
gpt35,RUGBY,2.4,1,2.8,0.8,1,1.4
gpt35,RULE,1.6,1.4,1.8,1.4,1.2,1.2
gpt35,RUNTIME,1,0.2,0.6,0.4,0.2,1.2
gpt35,SANDBOX,1.2,0.2,2,1,0,1.8
gpt35,SAUERKRAUT,1.4,2.6,1,1.4,2,1.4
gpt35,SAVE,1,0.2,1.6,1.4,0.2,1.8
gpt35,SCORELESS,1,0.2,1.4,0.6,0,1.6
gpt35,SECTIONAL,0.2,1.6,2.6,1.2,0.4,4
gpt35,SEEPED,0.8,0.4,1.2,0.4,0.8,0.2
gpt35,SEISMIC,2,1,2.2,1.8,1.4,0.8
gpt35,SERENDIPITOUS,1,0.2,1.2,1,0.2,1.6
gpt35,SETTLING,1.6,0.6,1.2,1.6,0.4,1.8
gpt35,SHANTY,1,0.8,1.8,0.8,1.4,1.8
gpt35,SHIN,1.2,0.2,1,0.6,0.2,1.2
gpt35,SINGLENESS,1.2,0.8,1.8,1,1.2,1
gpt35,SKIPPING,1,0.2,1.4,1.2,0.4,2
gpt35,SLEEPING BEAUTY,1.4,0.4,1.8,1,0,2.2
gpt35,SMALL HOURS,1.6,1.4,0.8,1.8,0.6,1.8
gpt35,SMARTCARD,1.8,0.8,1.2,1,0.8,3
gpt35,SMELLINESS,0.6,0.8,0.4,0.6,3,2.6
gpt35,SMOKEHOUSE,2,1,0.8,0.6,2.6,1.2
gpt35,SNAKE CHARMER,2.4,0.8,1.2,1.2,1.4,2
gpt35,SNATCHER,1.4,0.2,1.8,0.6,0,1.8
gpt35,SNUFF,1.6,1.4,1.2,0.6,3,2
gpt35,SOOTHSAYING,1.4,0.8,2,1.4,0.8,0.4
gpt35,SPAMMER,0.2,0.4,2,1.4,0.4,2.8
gpt35,SPASM,1.8,0.8,2.6,2.8,1.4,0.2
gpt35,SPEARING,1.6,0.6,1.6,0.8,0.6,1.2
gpt35,SPIRITLESSLY,0.4,0.8,0.4,1.8,0.4,0.6
gpt35,SPLITTING,1.4,0.6,1.6,0.6,1,0.8
gpt35,SPONGE,1.4,1.8,2,1.4,0,1.6
gpt35,SQUEEZER,1.2,1.4,2,1.4,1,1.4
gpt35,STAMPING,1.6,0.6,1.8,1.2,0.6,2
gpt35,STATICALLY,1,0.4,0.6,0.8,0.4,1.2
gpt35,STEAK,1.4,3,1.8,1.2,0,1.8
gpt35,STRENUOUSLY,1.2,0.6,1,1.6,0.6,1.2
gpt35,STRIKER,1,0.2,1.4,1,0,1.8
gpt35,STUPEFY,1,0.2,1.4,1.6,0,1.4
gpt35,SUAVELY,1.6,0.8,1,0.8,0.6,1.8
gpt35,SUGGESTING,1.8,1.4,2.6,1.4,1.4,1.2
gpt35,SUMMARIZE,1.6,1.2,0.8,1.8,0.8,1.4
gpt35,SUNBATHER,2.2,1,1.8,1.2,1.2,1.4
gpt35,SURPASS,1.2,0.2,0.6,0.2,0.2,1.6
gpt35,TALENTED,1.4,0.4,2.2,1,0,1.6
gpt35,TALKING,3,0.2,0.4,0.4,0.2,2.2
gpt35,TASTEFULNESS,0.8,2,0.8,0.8,0.6,1
gpt35,TEATIME,0.8,3,0.6,0.2,0.8,1.2
gpt35,TEENAGED,1.2,1.2,2.2,1.4,1.2,1
gpt35,TELEPORTATION,2,1,2,2,1.4,1.2
gpt35,TELETYPEWRITER,2.4,0.6,1.4,0.6,0.6,1.2
gpt35,THAW,1.2,0.8,2,1,0,1.4
gpt35,THORNILY,0.8,0.2,0.6,0.2,0.2,0.8
gpt35,THRILLER,2.8,0.4,0.6,0.2,0.8,1.2
gpt35,THRILLING,1.4,0.4,3,1.8,0,1.8
gpt35,TIN,1.2,1.2,0.8,1,0.6,1.4
gpt35,TIRELESS,1,1.2,0.8,1.4,0.4,1.4
gpt35,TO,1,1.2,0.4,1.2,0.6,0.8
gpt35,TOGA,1,0.4,0.6,0.6,0.4,0.8
gpt35,TOUR GUIDE,2.4,1,2,0.6,1.4,1.6
gpt35,TOWEL RAIL,0.2,1.2,3,1,0.8,3.6
gpt35,TRACTION,1,0.4,1.8,1.6,0,1.4
gpt35,TRANSFORMING,0.4,1.6,2.4,1.2,0.4,3.6
gpt35,TRANSLUCENCY,0.2,1.8,2.6,1.2,0.8,4.2
gpt35,TRANSPARENT,0.2,1.4,2.8,1.2,0.8,4
gpt35,TRAVELED,1.8,0.6,1.4,1.4,0.6,2.8
gpt35,TRUCK STOP,2.4,0.6,1.4,1,0.8,2.4
gpt35,TUBING,2.2,0.4,0.8,0.8,0.8,1.6
gpt35,UNAPPROACHABLE,1.2,0.4,1.4,0.8,0.4,0.6
gpt35,UNBIASED,1.4,1,0.6,1.6,0.6,1.2
gpt35,UNCONNECTED,1,0.2,1.4,0.8,0,1.6
gpt35,UNCONTAINED,0.8,0.4,1,0.8,0.6,0.8
gpt35,UNDERRATE,1,0.2,1,1.2,0.2,1.4
gpt35,UNDERWRITER,0.8,0.2,1,1.2,0,1.4
gpt35,UNDILUTED,1.2,0.8,1.2,1,0.8,0.4
gpt35,UNEVALUATED,1,0.2,1,1,0,1.2
gpt35,UNIMAGINABLY,1,0.8,0.2,1.6,0.6,1.2
gpt35,UNNERVED,1.6,0,2,1.6,0.2,1.8
gpt35,UNNOTED,0.8,0.6,1.4,1,1,0.6
gpt35,UNSATURATED,1,0.2,1.6,0.8,0,1.6
gpt35,UNSENTIMENTALLY,1,0.8,0.4,1.6,0.6,1.2
gpt35,UNSHAPELY,0.2,0.6,2,1.4,0.2,2.8
gpt35,UNWARRANTEDLY,0.6,0.2,0.4,0.2,0.2,0.8
gpt35,UNWORLDLY,0.6,0.2,0.4,0.2,0.2,0.8
gpt35,UPROARIOUSLY,1,0.2,0.4,0.2,0.2,0.8
gpt35,UROLOGIST,1.4,0.2,1,1.8,0,1.4
gpt35,VACCINATE,1.4,0.2,0.6,1,0.2,1.4
gpt35,VALUE SYSTEM,1.6,1.2,0.8,1.6,0.6,1.2
gpt35,VERBALIZATION,2,1,0.8,1.6,0.6,1.2
gpt35,VIDEOCONFERENCE,0.6,1.8,3.2,1.4,1.2,4.4
gpt35,VISION,0.4,1.6,3.2,0.8,0.2,4.8
gpt35,VOW,1.2,1.2,1,1.4,0.6,1.2
gpt35,WAKEFULNESS,1,1.2,1.2,2,0.4,1.6
gpt35,WANDERER,1.4,0.4,1.8,0.8,0,1.8
gpt35,WATCHFULLY,2,0.4,1.2,0.8,1,1
gpt35,WATER SOFTENER,1,1.6,0.8,0.6,0.8,1.2
gpt35,WED,1.6,0.8,1,0.6,0.6,3
gpt35,WHATEVER,1.6,1.4,1,1.8,1,1.4
gpt35,WIGGLER,0.8,0.2,0.4,0.2,0.2,0.8
gpt35,WINE,1.6,3.2,1.6,0.8,0.8,1.8
gpt35,WITHSTOOD,1.6,1.2,1.8,1.6,1.4,1
gpt35,WORKTABLE,1.6,0.2,2,1.2,0.2,2
gpt35,YANK,0.8,0.2,0.6,0.4,0.2,0.8
gpt4,ACOUSTICAL,5,0,0.2,0.4,0,0
gpt4,ACT ON,1.2,0,2,3.4,0,1.6
gpt4,ADMINISTRATION,3,0,0.2,1,0,2.6
gpt4,AFFIRMATIVELY,4,0,0,1,0,1.4
gpt4,AGGREGATIVE,1.6,0,0.8,0.8,0,1.4
gpt4,AGONIZINGLY,3.2,0,3,4,0,0.8
gpt4,AIMLESSLY,0.6,0,0.2,2.4,0,1.2
gpt4,AIRBAG,2.2,0,1.2,1.2,0.2,3.4
gpt4,ALMOND,0.6,5,2.2,1.4,3.8,2.6
gpt4,ALTERCATION,4,0,1,1.6,0,2.4
gpt4,ANGELICALLY,3.6,0,0.2,1.2,0,1.4
gpt4,APPEASE,1.6,0,0.4,3.2,0,1
gpt4,APPREHENSIBILITY,3.8,0.2,0.4,1.4,0.2,0.6
gpt4,ARDENTLY,3.8,0.2,0.4,2.6,0.2,0.4
gpt4,ASHTRAY,1,0.2,3.4,0.2,3.6,4
gpt4,ASSESSED,2.8,0,0,1,0,2
gpt4,ASSESSOR,1.8,0,0.2,1,0,0.6
gpt4,ATONE,2,0,0.4,2.6,0,0.2
gpt4,ATTACHMENT,1,0,1.6,3.4,0,1.6
gpt4,AUDITORY,5,0,0.2,0.4,0,0
gpt4,AUGMENT,1.8,0,1.4,1,0,1.8
gpt4,AWARE,3.2,0,0,3.8,0,2
gpt4,BALE,1,0,3.8,0.4,1,4.6
gpt4,BARBARIC,3.3,0,1.8,2,0,2.4
gpt4,BARRED,0.4,0,0.8,0.4,0,3
gpt4,BED,0.2,0,2.8,1.8,0.6,2.8
gpt4,BELIEVING,1.6,0,0.8,3.2,0,0.4
gpt4,BELL TOWER,4,0,0.6,0.2,0,3
gpt4,BEYOND,0.4,0,0.2,1.4,0,2.2
gpt4,BIBLIOGRAPHICALLY,1.6,0,0.2,0.4,0,2.4
gpt4,BLASPHEMOUSLY,3.2,0,0.2,2.2,0,0.2
gpt4,BLOCK,1.6,0,1.4,0.8,0,3.6
gpt4,BLOODTHIRSTILY,3.2,0,0.2,2.8,0,0.6
gpt4,BLUISHNESS,0.2,0,0,0.2,0,4
gpt4,BOOKBAG,0.4,0,2.8,1,0.8,2.8
gpt4,BOTANICALLY,0.2,0.2,0.4,0.4,0.4,3.4
gpt4,BOTH,1.2,0,1,0.6,0,1.4
gpt4,BRAISED,1.2,4,1,0.6,5,3.2
gpt4,BREEZELESS,0.8,0,1.6,2.8,1.2,2.6
gpt4,BUFFALO,2.2,0.2,2,0.8,1.6,2.8
gpt4,BULLISHNESS,2.6,0,0,1,0,1.6
gpt4,BUNTED,4,0,3.8,0.4,0,4.2
gpt4,BUTTERSCOTCH,0.2,2,1,0.8,1.8,2.2
gpt4,BUTTERY,0.4,4.6,2,1.2,4.4,1.2
gpt4,CAKE PAN,0.6,1.2,2.8,0.4,1.4,2.6
gpt4,CAMP,3.4,0.2,3.8,0.6,2.2,4.8
gpt4,CANNOT,3.8,0.2,0.4,1.2,0.2,0.4
gpt4,CARMAKER,2.2,0,0,0.6,0.2,3.2
gpt4,CASTLED,1.8,0,1,0.4,0,2.8
gpt4,CATEGORY,0.8,0,0.2,0.4,0,1.8
gpt4,CAUSER,1,0,0.2,2.4,0,1.8
gpt4,CENTERPIECES,0.2,0.2,1.6,0.2,0.2,3
gpt4,CENTRALIST,4,0.2,0.4,1,0.2,0.4
gpt4,CHAUVINISM,3.3,0,0.6,1.2,0,1.2
gpt4,CHILI PEPPER,0.8,5,3.2,0.6,3.8,4.6
gpt4,CHRISTEN,3.4,0,1.8,1.8,0.2,2.6
gpt4,CHRONICALLY,0.8,0,0.8,4.4,0,0.4
gpt4,CHUNK,0.8,1,3.8,0.4,0.4,3.4
gpt4,CIRCULAR,0,0,0.4,0,0,3
gpt4,CIVILIZING,2.6,0,0,0.6,0,1.6
gpt4,CLANK,5,0,1.2,0.8,0,0.2
gpt4,CLEANING LADY,3.2,0,2.8,0.4,2.4,4.4
gpt4,CLOAKED,0.8,0,1.2,0.2,0,4.4
gpt4,COACHWORK,1,0,1.6,0.8,0,3.6
gpt4,COASTWARD,2,0,1.2,0.8,0,3.4
gpt4,COHERE,0.4,0,0.8,1.6,0,1.4
gpt4,COMPLETE,2.2,0,1,0.8,0,3.6
gpt4,COMPREHENDINGLY,3.8,0.2,0.4,1.4,0.2,0.6
gpt4,COMPREHENSIBLY,3.8,0,0,1.2,0,1.8
gpt4,CONSUMERISM,3,0,0.2,0.6,0,2.4
gpt4,CONVICTABLE,2,0,0.6,1.6,0,1.4
gpt4,CORDIAL,3,0.8,1.5,1.2,0.2,1.8
gpt4,COUNCILWOMAN,1,0,0,0.4,0,2
gpt4,COUNTDOWN,3.8,0,0.2,0.4,0,4.2
gpt4,COUNTERACTION,2.8,0,0.4,1.6,0,2.6
gpt4,COUNTERFEIT,3.2,0,1.8,0.6,0,5
gpt4,COUNTERREVOLUTION,2.6,0,0.6,1,0,1.8
gpt4,COUNTERSTRIKE,4.2,0,2.2,0.2,0,4.6
gpt4,CRATER,0,0,2.2,0.2,0,5
gpt4,CREDITABLY,2.8,0,0,0.6,0,1.8
gpt4,CRESTED,1,0,1,0.8,0,1.8
gpt4,CREWLESS,1.4,0,0.2,1.4,0,2.8
gpt4,CRIMINALIZE,1.6,0,0.4,2.2,0,1.2
gpt4,CRISP,1.8,3.6,3,1,0.6,1.2
gpt4,CRUCIFIX,0.6,0,3.2,0.4,0,4.8
gpt4,CRUISE,3.2,0,3,0.6,0.8,4.8
gpt4,CRUNCH,5,1.8,1.8,0.8,0.4,1
gpt4,CURATOR,0.4,0,0.2,0,0,2
gpt4,CURIOSITY,0.8,0,0.6,3.4,0,1.6
gpt4,CURVE BALL,3.6,0,3.2,0.6,0.2,5
gpt4,DANCEFLOOR,3.4,0,2.2,2.6,0,3
gpt4,DANGEROUS,3,0,0.6,3,0,3.2
gpt4,DEAD ON,2.8,0,0,1.2,0,2.8
gpt4,DECAFFEINATE,0.4,3.8,0.4,2.2,0.4,0.4
gpt4,DECIPHERER,2.2,0,0.4,1,0,1
gpt4,DEEPENING,2.4,0,0.8,2.4,0,2.2
gpt4,DEFORMITY,1.4,0,1.2,2.4,0,3.6
gpt4,DEPLORED,2.2,0,1,3.8,0,0.2
gpt4,DEPLOY,2.8,0,0.4,1.2,0,2.8
gpt4,DEVILISHNESS,2.4,0,0.2,1.8,0,1.6
gpt4,DEW,0.2,1,2.4,1,3.8,3
gpt4,DIFFUSIBLE,0.8,0.2,1.4,0.6,2.4,1.4
gpt4,DILIGENCE,2.8,0,0,0.8,0,1.2
gpt4,DINNERTIME,2.8,4.2,0.6,2.4,3.2,3.2
gpt4,DIRECTIONALITY,1.2,0,1,1.2,0,1.8
gpt4,DISCOMBOBULATE,3.2,0,0.2,2.4,0,1.2
gpt4,DISCONTINUOUSLY,2,0,0.2,2.2,0,0.8
gpt4,DISHEVELMENT,1,0,1.2,1.4,0,2.8
gpt4,DISILLUSION,3,0,0,2.4,0,1.8
gpt4,DISORDERED,0.6,0,1.6,1.8,0,1.8
gpt4,DISTANCE,1.2,0,0.6,0.6,0,3.6
gpt4,DIVULGENCE,2.4,0,0.2,0.8,0,1
gpt4,DOMINATIVE,2.6,0,0,1.2,0,1.4
gpt4,DOUBLED,0.6,0,0.2,1.6,0,2.4
gpt4,DREAMFUL,1.6,0,1.2,4.4,0,1.6
gpt4,DRINKING WATER,3.2,4,2.8,4,0.4,2.4
gpt4,DRUNKENNESS,3.2,0.6,2,4,1.8,2.2
gpt4,DUFFEL BAG,0.4,0.2,2.8,0.6,1.4,2.8
gpt4,DUNCE,1.2,0,0.8,1.8,0,1.4
gpt4,EERILY,4.2,0,0,1.2,0,1.8
gpt4,ELECTROMAGNET,0.6,0,3,0.6,0,4
gpt4,ELFISH,2,0,1.2,0.6,0.2,3
gpt4,ENCHILADA,2,5,3.2,0.4,3.8,4.4
gpt4,ENGINE,4.8,0,3.6,0.6,1,3.6
gpt4,ENLISTMENT,1.4,0,0.6,1.4,0,1
gpt4,ENSEMBLE,4,0,0.2,1,0,3.6
gpt4,ERRANTLY,1.2,0,0.8,1.8,0,0.8
gpt4,ETHOLOGICAL,2.2,0,0.2,1.4,0,2
gpt4,EVILDOING,3.4,0,0.2,0.8,0,3.6
gpt4,EXECUTIONER,2.6,0,0.4,2.8,0,3.2
gpt4,EXPORTABLE,0.2,0,0.2,0.8,0,2
gpt4,EYE STRAIN,0.4,0,0.9,3.4,0,3.8
gpt4,FACE POWDER,0.8,0,4.8,0.8,2,3.2
gpt4,FALSEHEARTED,4,0.2,0.4,1.4,0.2,0.4
gpt4,FAMILIAR,3.4,0.6,2.8,2,1.2,2.8
gpt4,FLEABAG,0.6,0,1.6,1,2.2,2.4
gpt4,FLIMFLAM,2.6,0,0.2,1,0,0.8
gpt4,FLIRTER,2.8,0,1.6,1.2,0,2.7
gpt4,FLOTATION,0.8,0,1.6,1.6,0,1.6
gpt4,FLOURLESS,0.6,2,2.4,0.4,2.2,2.8
gpt4,FOOD ADDITIVE,0.8,4,0.8,1.6,2.8,1.2
gpt4,FORECLOSE,2.4,0,0,0.8,0,1.8
gpt4,FOUNTAIN,3.6,0,2,0.6,0.4,3
gpt4,FRAGILE,0.8,0,3.8,0.6,0,3.6
gpt4,FRICTIONLESS,0.4,0,1.8,0.4,0,0.6
gpt4,FRIVOLOUSNESS,2.2,0,0.4,1.4,0,2.6
gpt4,FRUIT,0.6,5,2.2,2.2,4.8,3
gpt4,FRUSTRATED,2.2,0,1.8,4.6,0,0.4
gpt4,GANJA,0.8,0.8,1.4,1.6,4.4,2.4
gpt4,GLISTENING,0.2,0,0.8,0.4,0,3
gpt4,GOLF CART,1.8,0,2,0.6,0,2.8
gpt4,GOOD HEALTH,2.2,0.8,1,3.8,0.4,2.8
gpt4,GRANULATOR,3,0,3.2,1.2,0,2.6
gpt4,GRAVY,1.2,4.8,1.4,1.6,3.8,2.8
gpt4,GRUMBLING,5,0,0.6,2,0,0.2
gpt4,HAMMERER,3.8,0,2.4,1.2,0,2.2
gpt4,HEARTHSTONE,2.4,0.4,3.8,0.4,1.2,3.8
gpt4,HEROINE,2.8,0,1.2,1.8,0.2,2.4
gpt4,HIBERNATE,0.6,0,0.4,3,0,2
gpt4,HIGH WIND,5,0,0.8,1.6,0,2
gpt4,HILLINESS,0.2,0,1.6,1,0,3
gpt4,HOMOGENIZE,0.6,0,0.8,1,0,1
gpt4,HOSPITABLE,2.4,0,1,1.4,0,2.2
gpt4,HOUSECOAT,0.8,0,1.8,0.4,0.6,3.2
gpt4,IMMEDIATE,0.8,0,0.8,3.2,0,1.8
gpt4,IMPERSONATE,4,0,0.2,0.4,0,4
gpt4,IMPETUOUS,3,0,0.2,2.4,0,1.4
gpt4,IMPLEMENTAL,0.4,0,0.8,1.4,0,1.6
gpt4,INAPPROPRIATENESS,2,0,0.2,1.4,0,1.4
gpt4,INARGUABLY,4,0.2,0.4,1.2,0.2,0.4
gpt4,INATTENTION,3,0,0.4,3.4,0,1.4
gpt4,INCONCLUSIVENESS,4,0.2,0.4,1.2,0.2,0.4
gpt4,INCONGRUENCE,1.2,0,0.4,2.6,0,1.2
gpt4,INDISPOSE,1.4,0,1.2,3.6,0,0.4
gpt4,INFORM,4.2,0,0.2,1,0,0.6
gpt4,INHALATION,2.8,0,0.4,5,4,0
gpt4,INJECTOR,1.4,0,3.6,2.8,0.2,2.8
gpt4,INNOVATE,2.8,0,0,0.8,0,1.8
gpt4,INSTRUMENT PANEL,1.6,0,1.4,0.6,0,3.8
gpt4,INSULATING,0.8,0,3.6,1,0,1.8
gpt4,INTEREST RATE,2.8,0,0.2,0.2,0,3.4
gpt4,INTERIM,3.8,0.2,0.4,1.2,0.2,0.4
gpt4,INTERNATIONALIST,1.2,0,0.2,0.6,0,1
gpt4,INTRUSIVELY,3.4,0,2.8,2.4,0,1.8
gpt4,INTUITIONAL,1.4,0,1.2,4.4,0,0.4
gpt4,INTUITIVELY,3.6,0.2,0.6,3.8,0.2,0.4
gpt4,INVARIABLENESS,1,0,0.8,2.2,0,1.2
gpt4,INVENTIVE,0.4,0,0.6,2.6,0,1.6
gpt4,IRRELEVANCY,1.4,0,0.4,1.6,0,1.2
gpt4,IRREVOCABLE,3.8,0.2,0.4,1.4,0.2,0.4
gpt4,JACKHAMMER,4,0,2.6,2.4,0,2.8
gpt4,JAGGEDNESS,0.6,0,1.8,0.8,0,3.8
gpt4,JUSTIFIABLENESS,4,0.2,0.4,1.4,0.2,0.4
gpt4,KNEED,0.4,0,3.8,3.6,0,1.6
gpt4,LAPSING,1.4,0,0.4,1.6,0,2.4
gpt4,LARCENIST,0.8,0,0,0.8,0,1.6
gpt4,LATCHING,3.4,0,4.4,0.4,0,3.4
gpt4,LEPRECHAUN,2.4,0,0,0.4,0,3.8
gpt4,LICENSEE,2.6,0,0.2,0.4,0,1.6
gpt4,LIP,0.4,1.2,5,1.6,0.2,2.8
gpt4,LIST,0.4,0,0.2,0,0,2.8
gpt4,LONGTIME,3.8,0,0.4,1.4,0.2,0.6
gpt4,LOSE,3.2,0,0,3,0,1.4
gpt4,LOW KEY,3.6,0,1.2,1.3,0,2.4
gpt4,MACHINELIKE,2.2,0,1.4,1.2,0.2,3.4
gpt4,MAIL,1.2,0,1.2,0.4,0.4,2.6
gpt4,MANGLE,2.6,0,1.4,1.8,0,2.8
gpt4,MANIFESTO,4.4,0,0.2,0.6,0,2.6
gpt4,MEDIATE,3.2,0,0,1,0,1.8
gpt4,MENOPAUSAL,2.6,0.2,0.4,5,0.4,0.4
gpt4,METH,0.6,1.2,0.6,3.6,1.6,2
gpt4,MICROBREW,2.2,4,0.6,0.4,4.2,3.2
gpt4,MISCELLANEOUS,4,0.2,0.4,0.8,0.2,1.6
gpt4,MODERATION,0.8,0,0.4,3,0,1.6
gpt4,MONOCHROME,0,0,0,0.2,0,5
gpt4,MONOGAMIST,2.2,0,1.2,1.4,0,1.6
gpt4,MUCKINESS,0.6,3.6,3,2.2,4.2,2.2
gpt4,MUNCHKIN,1.2,0.8,0.8,0.4,0,2
gpt4,MYSTICAL,2.6,0,1.6,1.8,0,2.2
gpt4,MYSTICALLY,3,0,1.6,1.7,0,1.8
gpt4,NEGATIVE,3,0,1,1.8,0,2.8
gpt4,NEUROPSYCHIATRIC,2.8,0,0,4,0,1.2
gpt4,NEWSREEL,4.1,0,0.2,0.2,0,3.8
gpt4,NIGHT SHIFT,1.6,0,1,3.2,0.2,1.2
gpt4,NIGHTSHIFT,2.8,0,1.4,2,0,2.6
gpt4,NONUNION,1.6,0,0.6,1,0,1.6
gpt4,NOTEPAD,0.4,0.2,2.8,0.2,0.2,2.8
gpt4,NUTRITIOUS,0.8,4,0.6,3.6,1.4,2.6
gpt4,ORDEAL,2.6,0,2.4,3.2,0,1.8
gpt4,OUTDATE,2.4,0,0,0.8,0,1.6
gpt4,OUTRAGEOUSLY,3,0,0.4,1.8,0,1.4
gpt4,OUTSTAND,0.8,0,0.6,0.8,0,1.6
gpt4,OVAL,0,0,0.6,0,0,3
gpt4,OVENWARE,0.4,1.2,2.6,0.6,1.4,2.8
gpt4,OVERCOMPENSATE,1.4,0,1.2,3.2,0,0.4
gpt4,OVEREAGER,2.8,0,0.4,2.8,0,1.4
gpt4,OVEREXTENSION,1.4,0,1,3.4,0,1
gpt4,PACED,2.4,0,1,2.4,0,2
gpt4,PAD,0.6,0,3.8,1.2,0,1.4
gpt4,PAINS,1.6,0.2,1.6,5,0.2,0
gpt4,PARATROOPS,2.8,0.2,1.2,1.6,0.2,2.8
gpt4,PASTA,1,5,3.2,0.4,3.4,3.8
gpt4,PASTIME,3.8,0.2,1.6,1.2,0.2,3.2
gpt4,PATTERNED,0,0,2.2,0.2,0,5
gpt4,PEACEMAKER,3,0,0.4,0.6,0,3.4
gpt4,PEDIATRICIAN,3.6,0,1.2,0.4,0.4,4.4
gpt4,PERCUSSION,4,0,1.6,1,0,1.8
gpt4,PHONE COMPANY,4.6,0,0.4,0.4,0,2.8
gpt4,PHONETICALLY,4,0,0,0.4,0,0.2
gpt4,PHOTOENGRAVING,0,0,1.8,0.2,0,5
gpt4,PIE,1,5,3.4,0.4,3.8,4.6
gpt4,PINE,0.8,0.8,1.2,0.8,4.8,2.6
gpt4,PLAINTIFF,2.8,0,0.2,0.6,0,2.6
gpt4,POKER GAME,2.4,0,2,1.4,0.2,2.8
gpt4,POLLUTER,1.8,0.2,0.2,1.6,4.4,2
gpt4,POMPOM,1.4,0,2.6,0.4,0,2.8
gpt4,PONTOON,2,0,1,0.6,0.2,3.6
gpt4,POOCH,3,0,4.2,0.4,3,4.6
gpt4,POSTING,1.6,0,0.8,0.6,0,1.8
gpt4,POTHOOK,0.4,0,2.4,0.4,0,2.4
gpt4,PREGNANCY,0,0,2,5,0.2,1.6
gpt4,PRETENSE,3.8,0,0.2,1.2,0,1.4
gpt4,PRICKLING,0.6,0.2,2,4.8,0,0.4
gpt4,PROCLAMATION,3.4,0,0.2,0.6,0,0.8
gpt4,PRODUCTIVENESS,2.4,0,0.6,2.2,0,2.6
gpt4,PROPHYLACTIC,1.6,0,2.4,1,0,2.6
gpt4,PUNITIVE,0.8,0,0.2,3,0,1.2
gpt4,PUT OFF,1.4,0,1.6,3.6,0,0.6
gpt4,PYROTECHNICAL,3.6,0.2,2,0.6,0.6,4.8
gpt4,RAKING,4,0,4.6,0.4,0.4,4.4
gpt4,REDELIVERY,2.6,0,0.4,1.4,0,3
gpt4,REDNECK,1.8,0.2,0.2,0.8,0.2,2.2
gpt4,REFLEX,0.8,0,1.6,4.6,0,1.4
gpt4,REFRESHMENT,2.8,3.2,3.6,4,3,3.2
gpt4,REGIONAL,1.6,0,0.8,1,0,1.8
gpt4,REGULATED,0.4,0,0.2,2.2,0,1.4
gpt4,REPORTABLE,3,0,0.2,1.2,0,1.8
gpt4,REPUTED,3.8,0,0.2,1,0,0.4
gpt4,RESTFUL,1.2,0,1.8,4.4,0,1.2
gpt4,RESULTANT,3.8,0.2,0.4,1.2,0.2,0.4
gpt4,REVOKE,2.2,0,0.2,1.8,0,0.6
gpt4,RIDDANCE,2.6,0,0,1.2,0,1.6
gpt4,RUGBY,4,0,3.6,0.8,1,4.8
gpt4,RULE,3.2,0,0,0.4,0,2
gpt4,RUNTIME,1.2,0,0.2,2,0,1.6
gpt4,SANDBOX,1.2,0,1.8,0.4,1,3.6
gpt4,SAUERKRAUT,0.8,5,3,0.4,3.8,3.8
gpt4,SAVE,1.8,0,0.8,2.2,0,1.4
gpt4,SCORELESS,2.8,0,0.4,1,0,2.6
gpt4,SECTIONAL,0.2,0,2,0.2,0,2.6
gpt4,SEEPED,1.2,0.4,3.2,0.6,0.4,3.6
gpt4,SEISMIC,2,0,3,3.8,0,1.8
gpt4,SERENDIPITOUS,1.4,0,1,2,0,0.8
gpt4,SETTLING,2,0,1.6,1.2,0,1.8
gpt4,SHANTY,3.7,0,1.9,0.8,1.4,3.2
gpt4,SHIN,0,0,3.6,3,0,2.6
gpt4,SINGLENESS,2.4,0,0,1,0,1.8
gpt4,SKIPPING,2.6,0,1.4,2.8,0,3.2
gpt4,SLEEPING BEAUTY,1.8,0,0.6,1.8,0,3.6
gpt4,SMALL HOURS,4,0.2,0.4,1.2,0.2,1.4
gpt4,SMARTCARD,1.6,0,3.4,0.6,0,3.4
gpt4,SMELLINESS,0,0,0,0.4,4,0
gpt4,SMOKEHOUSE,2.4,0.2,1,0.8,4.8,3
gpt4,SNAKE CHARMER,4.2,0,1.6,1,0.4,3.4
gpt4,SNATCHER,2.8,0,0.8,1.6,0,3
gpt4,SNUFF,1.4,2.8,1.4,0.6,4,0.2
gpt4,SOOTHSAYING,3.4,0,0,1.2,0,1
gpt4,SPAMMER,1,0,0,0.2,0,1.6
gpt4,SPASM,1.2,0,3,4,0,0.8
gpt4,SPEARING,2.5,0,3.9,1,0,3.2
gpt4,SPIRITLESSLY,3.8,0.2,0.2,2.4,0.2,0.4
gpt4,SPLITTING,3.8,0.2,3.8,0.6,0,4
gpt4,SPONGE,0.8,1.4,2,0.8,1.6,3.4
gpt4,SQUEEZER,1.2,0,4,0.8,0,1.2
gpt4,STAMPING,4.6,0,4.2,1.2,0,3.2
gpt4,STATICALLY,3.6,0,1.4,0.8,0,1.2
gpt4,STEAK,0.8,5,1.6,2.2,4,3.2
gpt4,STRENUOUSLY,3.8,0.2,0.6,4.6,0.2,0.4
gpt4,STRIKER,3,0,0.6,1.4,0,3.2
gpt4,STUPEFY,2,0,0.4,2.8,0,0.4
gpt4,SUAVELY,3.5,0,1.2,0.8,0,1.2
gpt4,SUGGESTING,3.6,0,0,1,0,1.4
gpt4,SUMMARIZE,3.8,0,0.2,1,0,0.6
gpt4,SUNBATHER,0.6,0.2,3.4,0.6,0.6,5
gpt4,SURPASS,0.2,0,0.2,2.6,0,1.6
gpt4,TALENTED,3,0,0.2,1,0,2.8
gpt4,TALKING,5,0,0,0.6,0,1.6
gpt4,TASTEFULNESS,1,2,0.6,0.2,0.6,2
gpt4,TEATIME,1.4,1.4,0.6,2.2,0.4,1.6
gpt4,TEENAGED,3,0,0,2.6,0,2
gpt4,TELEPORTATION,2,0,0.6,1.8,0,2.4
gpt4,TELETYPEWRITER,4,0,1.2,0.2,0,3.6
gpt4,THAW,1.2,0,1.6,2.6,0.6,2.6
gpt4,THORNILY,0.4,0,2,2.2,0.2,1
gpt4,THRILLER,4.5,0,0.8,1.6,0.2,3
gpt4,THRILLING,2,0,1.6,3.8,0,0.8
gpt4,TIN,0.6,0.4,2.4,0.2,0.2,2.2
gpt4,TIRELESS,3.8,0.2,0.4,2.6,0.2,0.4
gpt4,TO,3.8,0,0.2,0.8,0,1.4
gpt4,TOGA,0.4,0,3.6,0.2,0,4.8
gpt4,TOUR GUIDE,4,0,0.6,0.4,0.2,4.2
gpt4,TOWEL RAIL,0,0,3,0.2,0,2.6
gpt4,TRACTION,0.2,0,3.6,1.2,0,1
gpt4,TRANSFORMING,1,0,1,1.6,0,1.8
gpt4,TRANSLUCENCY,0,0,0,0.2,0,3
gpt4,TRANSPARENT,0,0,0,0,0,3
gpt4,TRAVELED,2.8,0,2.8,2,0,3.2
gpt4,TRUCK STOP,4,0,2,1,2.4,3.8
gpt4,TUBING,1.6,0,4.2,1,0.2,3
gpt4,UNAPPROACHABLE,2.2,0,0.6,0.6,0,3.6
gpt4,UNBIASED,3.8,0,0.2,1.2,0,0.4
gpt4,UNCONNECTED,1.6,0,0.4,1.6,0,2
gpt4,UNCONTAINED,2.4,0,1.8,1.6,0,2.2
gpt4,UNDERRATE,1.6,0,0.6,2.2,0,1.2
gpt4,UNDERWRITER,1.2,0,0.2,1,0,1.2
gpt4,UNDILUTED,0.6,3.4,3,0.6,1.4,2.8
gpt4,UNEVALUATED,1,0,0.6,1.6,0,1.2
gpt4,UNIMAGINABLY,3.8,0.2,1.4,2.4,0.2,2.4
gpt4,UNNERVED,1.8,0,1.4,4.4,0,0.2
gpt4,UNNOTED,2.4,0,0,1,0,1.4
gpt4,UNSATURATED,0.8,0.8,0.2,1.2,0,2.8
gpt4,UNSENTIMENTALLY,4,0.2,0.4,1.4,0.2,0.4
gpt4,UNSHAPELY,0,0,2,1,0,2.8
gpt4,UNWARRANTEDLY,2.4,0,0,1.2,0,0.2
gpt4,UNWORLDLY,1.2,0,0.2,2.4,0,1.6
gpt4,UPROARIOUSLY,4.6,0,0,1.8,0,0.4
gpt4,UROLOGIST,2.8,0,0.4,2.6,0,2.6
gpt4,VACCINATE,1.2,0,2.2,4,0,2.2
gpt4,VALUE SYSTEM,3.8,0,0.2,2.4,0,0.6
gpt4,VERBALIZATION,5,0,0.2,0.6,0,0.4
gpt4,VIDEOCONFERENCE,3.8,0,0.2,0.4,0,3
gpt4,VISION,0,0,0,0,0,3
gpt4,VOW,4.4,0,0.2,1.4,0,1.6
gpt4,WAKEFULNESS,2.8,0.2,0.6,4.8,0.2,0.4
gpt4,WANDERER,2.6,0,0.6,2.8,0,2.8
gpt4,WATCHFULLY,0,0,0.2,0.4,0,5
gpt4,WATER SOFTENER,1.2,0.2,1,0.8,0.4,2.4
gpt4,WED,3.4,0.2,2.7,2,0.8,3
gpt4,WHATEVER,4,0.2,0.4,1,0.2,0.4
gpt4,WIGGLER,0.6,0,1.2,1,0,2.4
gpt4,WINE,1.2,5,0.6,2.2,4.2,3
gpt4,WITHSTOOD,2.8,0,1.8,1.8,0,1.8
gpt4,WORKTABLE,0.6,0,1.6,0.4,0,3.6
gpt4,YANK,1.2,0,3,3.4,0,1.8
gpt4o,ACOUSTICAL,5,0,0.4,0,0,1.2
gpt4o,ACT ON,0.4,0,0.6,1.2,0,0.4
gpt4o,ADMINISTRATION,1.8,0,0,0.2,0,1.6
gpt4o,AFFIRMATIVELY,2.6,0.6,0.4,1.2,0,0.2
gpt4o,AGGREGATIVE,0.6,0,1,0.8,0,2.4
gpt4o,AGONIZINGLY,1.4,0.2,1.6,3.6,0,0.2
gpt4o,AIMLESSLY,0.2,0,0,0.2,0,0.4
gpt4o,AIRBAG,0.8,0,0,1,0,2
gpt4o,ALMOND,0.4,3.4,2.2,1,3.2,2.8
gpt4o,ALTERCATION,4,0.2,1.4,0.4,0,2
gpt4o,ANGELICALLY,2.4,0.8,0.2,0.6,0,1.8
gpt4o,APPEASE,0.2,0,0.8,1.6,0,0.6
gpt4o,APPREHENSIBILITY,1,0,0.6,0,0,1
gpt4o,ARDENTLY,1,0,1.2,0.2,0,1.2
gpt4o,ASHTRAY,0.2,0.8,1.4,0,3.4,1.8
gpt4o,ASSESSED,1.8,0.6,0.4,1.2,0,0.6
gpt4o,ASSESSOR,1.6,0,0.4,0.2,0,1.8
gpt4o,ATONE,1.4,0,0.8,1,0,1.8
gpt4o,ATTACHMENT,0.2,0,3.4,1.8,0,1
gpt4o,AUDITORY,5,0,0.4,0,0,1.2
gpt4o,AUGMENT,0.6,0,1.4,0.8,0,2.8
gpt4o,AWARE,1.8,0.4,0.4,3.4,0,0.8
gpt4o,BALE,0.2,0,3.2,0.2,0.2,2.2
gpt4o,BARBARIC,1,0,2.2,1,0,3
gpt4o,BARRED,0.2,0,2.2,0.2,0,1.2
gpt4o,BED,0.4,0.2,4.4,0.6,1,3
gpt4o,BELIEVING,1.6,0,0.6,1.2,0,2.2
gpt4o,BELL TOWER,4,0,1,0,0.8,3.2
gpt4o,BEYOND,0.2,0,0.2,0.4,0,1
gpt4o,BIBLIOGRAPHICALLY,1,0,0.2,0,0,3.2
gpt4o,BLASPHEMOUSLY,2.2,0,0.4,0.8,0,2
gpt4o,BLOCK,0.6,0,0,0.2,0,3
gpt4o,BLOODTHIRSTILY,1.2,0,0.2,1.2,0,0.6
gpt4o,BLUISHNESS,0,0,0,0,0,5
gpt4o,BOOKBAG,0.4,0,3,0,1,3
gpt4o,BOTANICALLY,0.4,0,0.6,0.2,1.2,3.8
gpt4o,BOTH,0.2,0,0.8,0,0,1.8
gpt4o,BRAISED,0.8,2.8,1,1.4,2.4,1
gpt4o,BREEZELESS,1,0,0.8,0.4,0.4,1.6
gpt4o,BUFFALO,2.6,1.6,2.4,0.8,2.6,2.8
gpt4o,BULLISHNESS,1.2,0,0.8,2.4,0,0.2
gpt4o,BUNTED,0.8,0,1.4,0.4,0,1.8
gpt4o,BUTTERSCOTCH,0.2,4,1.2,0.4,1.8,1
gpt4o,BUTTERY,0.8,4,1.2,0.6,3.8,2
gpt4o,CAKE PAN,0.4,0.6,3,0,1,3
gpt4o,CAMP,2,0.2,3,1.8,1.6,3.2
gpt4o,CANNOT,1,0,0.6,0,0,0.8
gpt4o,CARMAKER,1,0,0,0.2,0,3
gpt4o,CASTLED,0.6,0,1.6,0.2,0,4
gpt4o,CATEGORY,1.4,0,0.2,0.2,0,2.2
gpt4o,CAUSER,0.8,0,0,0.4,0,0.4
gpt4o,CENTERPIECES,0,0,2,0,1,4
gpt4o,CENTRALIST,1,0,0.4,0,0,1
gpt4o,CHAUVINISM,0.8,0,0.8,0.6,0,2
gpt4o,CHILI PEPPER,0.2,5,1.8,0.6,4,2.2
gpt4o,CHRISTEN,1.4,0,1.6,1.2,0,2.4
gpt4o,CHRONICALLY,1.2,0,0.4,1.4,0,2
gpt4o,CHUNK,0.2,0,3.2,0.2,0.2,2
gpt4o,CIRCULAR,0,0,1.6,0,0,3.4
gpt4o,CIVILIZING,1.4,0.6,0.8,1.8,0,0.2
gpt4o,CLANK,4.4,0,1,0,0,1.2
gpt4o,CLEANING LADY,1.2,0,3.4,0.8,0.2,2.8
gpt4o,CLOAKED,0.2,0,1.6,0.2,0,3
gpt4o,COACHWORK,0.8,0,0,0,0,3.6
gpt4o,COASTWARD,0.6,0,1.2,0.6,0.2,3.8
gpt4o,COHERE,0,0,1.8,0.6,0,0.6
gpt4o,COMPLETE,0.8,0,0.6,0.2,0,1.8
gpt4o,COMPREHENDINGLY,0.8,0,0.4,0.2,0,1
gpt4o,COMPREHENSIBLY,2.2,0.8,0.4,1.6,0,0.4
gpt4o,CONSUMERISM,1.6,0.6,0.6,1.6,0,0.6
gpt4o,CONVICTABLE,1.8,0,0.8,0.4,0,2
gpt4o,CORDIAL,0.8,1.2,1.8,0.6,0.8,2.8
gpt4o,COUNCILWOMAN,2.8,0,0.4,0,0,2.8
gpt4o,COUNTDOWN,2.6,0,0,0,0,2.2
gpt4o,COUNTERACTION,1,0,0,0.8,0,1.8
gpt4o,COUNTERFEIT,1,0,1.2,0.2,0.2,2.6
gpt4o,COUNTERREVOLUTION,1,0,1.2,0.8,0,2.6
gpt4o,COUNTERSTRIKE,2,0,1.2,0.6,0,2.8
gpt4o,CRATER,0.4,0,1.4,0.2,0,3.2
gpt4o,CREDITABLY,1.8,0.6,0.4,1,0,0.4
gpt4o,CRESTED,1.8,0,1.6,0.4,0,3.8
gpt4o,CREWLESS,0.6,0,0,0.2,0,1.8
gpt4o,CRIMINALIZE,1.8,0,0.4,0.6,0,2
gpt4o,CRISP,2.8,3.2,2,0.8,2.2,3.6
gpt4o,CRUCIFIX,0.4,0,2,0.4,0.4,3.2
gpt4o,CRUISE,1.6,0.2,2.2,1.2,0.8,3.2
gpt4o,CRUNCH,4.6,2.4,2,0.4,1,2.2
gpt4o,CURATOR,2.2,0,0.6,0,0,2.8
gpt4o,CURIOSITY,0.2,0,0.2,2,0,0.6
gpt4o,CURVE BALL,1,0,2,0.2,0,2.6
gpt4o,DANCEFLOOR,3.4,0.4,4,0.6,1,3.4
gpt4o,DANGEROUS,0.6,0,0,2.6,0,2.2
gpt4o,DEAD ON,1.4,0,0.4,1.2,0,1.6
gpt4o,DECAFFEINATE,0.4,2.6,0.4,0.2,1.4,0.4
gpt4o,DECIPHERER,2.6,0,0.4,0.6,0,2.6
gpt4o,DEEPENING,1,0.4,1,2.4,0,0.8
gpt4o,DEFORMITY,0.4,0,0,1.6,0,3.2
gpt4o,DEPLORED,2,0,0.8,1,0,2
gpt4o,DEPLOY,1.6,0,0,0.6,0,2.2
gpt4o,DEVILISHNESS,0.6,0,0.2,1.8,0,0.4
gpt4o,DEW,0,0,2.2,0,1.4,3.4
gpt4o,DIFFUSIBLE,0.6,0,0.4,0.8,1.8,1
gpt4o,DILIGENCE,1.4,0.6,1.2,1.8,0,0.4
gpt4o,DINNERTIME,1.8,4.6,0,1.4,3,2.4
gpt4o,DIRECTIONALITY,2.8,0,0.8,0.4,0,3
gpt4o,DISCOMBOBULATE,1.4,0.6,0.6,2.8,0,0.2
gpt4o,DISCONTINUOUSLY,0,0,0,0.6,0,0.4
gpt4o,DISHEVELMENT,0.2,0,2.8,1,0,1.2
gpt4o,DISILLUSION,1.2,0.6,0.4,2,0,0.2
gpt4o,DISORDERED,0.8,0,1.6,0.4,0,2.2
gpt4o,DISTANCE,0.2,0,1,0.4,0,4.2
gpt4o,DIVULGENCE,2.6,0,0.4,0.4,0,2.2
gpt4o,DOMINATIVE,1.6,0.4,0.8,2,0,0.4
gpt4o,DOUBLED,0,0,0.6,0.4,0,0.6
gpt4o,DREAMFUL,2.2,0,1.2,1.4,0,3.6
gpt4o,DRINKING WATER,0.8,2.8,1.4,2.2,1.4,1.4
gpt4o,DRUNKENNESS,1.2,1.8,1.8,3.4,1.8,1.6
gpt4o,DUFFEL BAG,0.2,0,3,0,0.8,3
gpt4o,DUNCE,2,0,0.4,0.2,0,2
gpt4o,EERILY,2.4,0,0.4,0.8,0,0.8
gpt4o,ELECTROMAGNET,1.2,0,1.2,0.8,0,2.4
gpt4o,ELFISH,0.6,0,1.6,0.6,0,3.2
gpt4o,ENCHILADA,0.4,5,1.6,0.4,3.4,2.2
gpt4o,ENGINE,2.6,0,1,0.6,0.6,2.6
gpt4o,ENLISTMENT,1.6,0,0.8,0.4,0,2.4
gpt4o,ENSEMBLE,4,0,0,0,0,3.2
gpt4o,ERRANTLY,1.6,0,0.2,0.2,0,2
gpt4o,ETHOLOGICAL,0.6,0,0,0.2,0,1.6
gpt4o,EVILDOING,0.8,0,0.6,0.6,0.2,1.8
gpt4o,EXECUTIONER,1,0,0,1.6,0,2.6
gpt4o,EXPORTABLE,0.2,0,0.2,0,0,0.6
gpt4o,EYE STRAIN,0.8,0,1.6,2.8,0,4.6
gpt4o,FACE POWDER,0,0.8,2.6,0.8,3,4
gpt4o,FALSEHEARTED,0.8,0,0.8,0.2,0,0.8
gpt4o,FAMILIAR,1.6,0,2.2,1.8,0.2,2.6
gpt4o,FLEABAG,1,0,3.2,0.6,1.4,1.2
gpt4o,FLIMFLAM,2.2,0,0.8,0.6,0,2
gpt4o,FLIRTER,1.4,0,2,0.6,0,2
gpt4o,FLOTATION,0.6,0,2.6,0.4,0.4,2
gpt4o,FLOURLESS,0.4,2,0.2,0.4,1,0.2
gpt4o,FOOD ADDITIVE,1,4,0.6,0.6,3.6,1.8
gpt4o,FORECLOSE,1.2,0.4,0.4,1.4,0,0.6
gpt4o,FOUNTAIN,2.8,0,2.2,0.2,0.6,3.8
gpt4o,FRAGILE,0.4,0,3.6,0.4,0,2.4
gpt4o,FRICTIONLESS,0.6,0,1.8,0,0,0.8
gpt4o,FRIVOLOUSNESS,0.8,0,0,0.4,0,1.2
gpt4o,FRUIT,0.6,3.4,2.4,0.8,3.6,3.2
gpt4o,FRUSTRATED,2.2,0,1.8,1.6,0,2
gpt4o,GANJA,0.4,2.2,1.2,2.8,3.4,1
gpt4o,GLISTENING,0,0,0.4,0,0,4
gpt4o,GOLF CART,2.4,0.2,3,0,1,3.2
gpt4o,GOOD HEALTH,0.6,0,0,3.8,0,1.6
gpt4o,GRANULATOR,0.6,0,1.2,0.2,0,1.8
gpt4o,GRAVY,0.2,4.8,0,0.4,3.4,1.6
gpt4o,GRUMBLING,4,0,1.2,0.2,0,1.2
gpt4o,HAMMERER,2.8,0.2,3.6,0.2,1,2
gpt4o,HEARTHSTONE,1.4,0,2.4,0.8,0.6,2.2
gpt4o,HEROINE,1.4,0,1.2,0.8,0,3.4
gpt4o,HIBERNATE,0.8,0,0,1.2,0,1
gpt4o,HIGH WIND,2.6,0,2.8,0.4,0.8,1.6
gpt4o,HILLINESS,0.6,0,2.6,0.4,0,3.4
gpt4o,HOMOGENIZE,0,0,0.8,0.2,0,0.4
gpt4o,HOSPITABLE,0.8,0,0,0.4,0,1.6
gpt4o,HOUSECOAT,0.4,0,0,0,0,2.2
gpt4o,IMMEDIATE,0.4,0,0.4,1.8,0,0.6
gpt4o,IMPERSONATE,1.2,0,1,0.2,0,2
gpt4o,IMPETUOUS,1.4,0.2,1.4,2.6,0,0.2
gpt4o,IMPLEMENTAL,0.2,0,0.8,0.4,0,0.6
gpt4o,INAPPROPRIATENESS,0.4,0,0.4,0.4,0,1.8
gpt4o,INARGUABLY,0.8,0,0.4,0,0,1
gpt4o,INATTENTION,0.2,0,0,1.2,0,0.4
gpt4o,INCONCLUSIVENESS,0.8,0,0.4,0,0,1
gpt4o,INCONGRUENCE,1.6,0,0.8,0.6,0,2.2
gpt4o,INDISPOSE,1.2,0,0.6,1.4,0,1.6
gpt4o,INFORM,3.4,0,0.4,0,0,1.4
gpt4o,INHALATION,1.2,0.2,0.8,1.4,3.8,0.4
gpt4o,INJECTOR,1,0,1.8,2.8,0,1
gpt4o,INNOVATE,2,0.6,0.6,1.8,0,0.8
gpt4o,INSTRUMENT PANEL,3,0,0,0.6,0,4.8
gpt4o,INSULATING,1,0,3.2,1.4,0,0.4
gpt4o,INTEREST RATE,1.6,0,0,0,0,2.2
gpt4o,INTERIM,1,0,0.6,0,0,1.4
gpt4o,INTERNATIONALIST,1.4,0,0.4,0.4,0,2
gpt4o,INTRUSIVELY,2.4,0.6,1.4,2.4,0,0.4
gpt4o,INTUITIONAL,1.4,0,0.8,1.4,0,2
gpt4o,INTUITIVELY,0.6,0,0.6,0.6,0,1
gpt4o,INVARIABLENESS,1.4,0,0.6,0.4,0,1.8
gpt4o,INVENTIVE,0.4,0,0,1.2,0,0.4
gpt4o,IRRELEVANCY,1.4,0,0.4,0.4,0,1.8
gpt4o,IRREVOCABLE,0.8,0,0.6,0,0,1.2
gpt4o,JACKHAMMER,4,0.2,3,0.2,1,2.2
gpt4o,JAGGEDNESS,0.6,0,0,0.4,0,2.8
gpt4o,JUSTIFIABLENESS,0.8,0,0.4,0,0,1
gpt4o,KNEED,0.2,0,3.2,3.6,0,0.8
gpt4o,LAPSING,0.6,0,0,1.8,0,1.2
gpt4o,LARCENIST,2,0,0.6,0,0,2
gpt4o,LATCHING,1,0,3.6,0.4,0,1.6
gpt4o,LEPRECHAUN,1.4,0,0,0,0,3.6
gpt4o,LICENSEE,1.2,0.4,0,0.8,0,0.4
gpt4o,LIP,0,0.4,3,1,0,2.8
gpt4o,LIST,2.4,0,0.2,0,0,3
gpt4o,LONGTIME,1,0,0.6,0,0,1
gpt4o,LOSE,1.2,0.4,0.8,2.2,0,0.6
gpt4o,LOW KEY,1.4,0,1,0.4,0,2.6
gpt4o,MACHINELIKE,2,0,0,0.4,0,2.4
gpt4o,MAIL,2.8,0,1.8,0,0.8,3.2
gpt4o,MANGLE,1.2,0,0,0.8,0,2.6
gpt4o,MANIFESTO,3.2,0,0.6,0,0,1.8
gpt4o,MEDIATE,1.8,0.6,0.6,2.2,0,0.2
gpt4o,MENOPAUSAL,0.6,0,0.8,1.4,0,0.4
gpt4o,METH,0.2,2.6,0,3.8,2.8,1.4
gpt4o,MICROBREW,0.6,2.6,0.4,1,2.6,0.6
gpt4o,MISCELLANEOUS,0.8,0,0.8,0,0,1.2
gpt4o,MODERATION,0.4,0,0,1.2,0,0.8
gpt4o,MONOCHROME,0.4,0,0,0,0,4
gpt4o,MONOGAMIST,0.4,0,0.6,0.4,0,2
gpt4o,MUCKINESS,0.2,0.2,3.8,0.2,1.8,2
gpt4o,MUNCHKIN,2.2,0.2,2,0,0.2,2.8
gpt4o,MYSTICAL,1.2,0,1.6,1.4,0,2.8
gpt4o,MYSTICALLY,1.4,0,1.6,1.4,0,2.6
gpt4o,NEGATIVE,1.2,0,1.4,1.2,0,1.6
gpt4o,NEUROPSYCHIATRIC,1,0.4,0.4,4,0,0.4
gpt4o,NEWSREEL,1.8,0,0.6,0,0,4.4
gpt4o,NIGHT SHIFT,2.8,0,1,0.6,0,3
gpt4o,NIGHTSHIFT,0.6,0,1.4,1.2,0,3.2
gpt4o,NONUNION,0.2,0,0.6,0.4,0,1.4
gpt4o,NOTEPAD,0.4,0,2.4,0,1,3
gpt4o,NUTRITIOUS,0.8,2.2,0.6,2.2,1.2,0.8
gpt4o,ORDEAL,1,0,2.4,2.6,0,2.2
gpt4o,OUTDATE,0.8,0.2,0.4,0.8,0,0.4
gpt4o,OUTRAGEOUSLY,0.8,0,0.2,1.2,0,0.4
gpt4o,OUTSTAND,2.2,0,0.8,0.4,0,3
gpt4o,OVAL,0,0,0.4,0,0,4
gpt4o,OVENWARE,0.2,0.4,2.6,0,0.8,3
gpt4o,OVERCOMPENSATE,1.6,0,0.8,0.8,0,2
gpt4o,OVEREAGER,1.2,0.4,1,2.6,0,0.4
gpt4o,OVEREXTENSION,1.6,0,1.2,0.8,0,2
gpt4o,PACED,0.4,0,1.4,0.8,0,0.8
gpt4o,PAD,1.6,0,3.2,0.2,0,2.4
gpt4o,PAINS,1.2,0,1.8,1.8,0,0.6
gpt4o,PARATROOPS,3.2,0.2,2.2,0,0.6,3
gpt4o,PASTA,0.4,5,1.6,0.2,2.2,2
gpt4o,PASTIME,2.6,0,0.8,0.2,0,1.8
gpt4o,PATTERNED,0.4,0,1.4,0.2,0,3.8
gpt4o,PEACEMAKER,1,0,1.2,0,0,1.8
gpt4o,PEDIATRICIAN,1.8,0,1.6,1.2,0,2.2
gpt4o,PERCUSSION,3.6,1,1.2,1.2,0,0.6
gpt4o,PHONE COMPANY,1.4,0,0.8,0,0,3.2
gpt4o,PHONETICALLY,4,0,0.4,0.6,0,2.2
gpt4o,PHOTOENGRAVING,1.2,0,0.8,0,0.2,3.8
gpt4o,PIE,0.8,5,1.6,0.4,2.8,2
gpt4o,PINE,0.8,1.2,1.6,1.2,3.8,3
gpt4o,PLAINTIFF,2,0,0,0.4,0,1.8
gpt4o,POKER GAME,3.4,0.2,1.6,0,0.6,3
gpt4o,POLLUTER,2.4,0,0.8,0.8,2.4,2.4
gpt4o,POMPOM,0.4,0,3.2,0,1,3
gpt4o,PONTOON,1,0,0,0.2,0,3.2
gpt4o,POOCH,1.4,0,3.4,1.4,1,2.4
gpt4o,POSTING,1.8,0,1.2,0.4,0,2.6
gpt4o,POTHOOK,0.2,0,3,0.2,0,1.2
gpt4o,PREGNANCY,0.2,0.8,1.4,1.8,0,1.6
gpt4o,PRETENSE,1,0,0.6,0,0,1.2
gpt4o,PRICKLING,1.2,0,3,1,0,0.8
gpt4o,PROCLAMATION,3.8,0,0.4,0.8,0,3.2
gpt4o,PRODUCTIVENESS,0.6,0,0,0.6,0,1.4
gpt4o,PROPHYLACTIC,0.6,0,1.2,1.6,0,0.2
gpt4o,PUNITIVE,0.2,0,0.6,0.8,0,0.6
gpt4o,PUT OFF,1.8,0,1,0.8,0,2
gpt4o,PYROTECHNICAL,2.4,0,1,0.2,1.6,4
gpt4o,RAKING,0.8,0,3.8,0.8,0,2.2
gpt4o,REDELIVERY,1,0,0,0.2,0,1.6
gpt4o,REDNECK,1.8,0,1.4,0,0,2.4
gpt4o,REFLEX,0.2,0,2.4,4,0,0.6
gpt4o,REFRESHMENT,0.8,2.6,0.6,1.6,1.6,1
gpt4o,REGIONAL,0.6,0,0.8,0.8,0,3
gpt4o,REGULATED,0.2,0,0.4,0.6,0,0.4
gpt4o,REPORTABLE,0.2,0,0,0,0,0.6
gpt4o,REPUTED,1.8,0,0.6,0,0,1.4
gpt4o,RESTFUL,2,0,2,1.4,0,2.4
gpt4o,RESULTANT,1,0,0.6,0,0,1.4
gpt4o,REVOKE,0,0,0,0.4,0,0.2
gpt4o,RIDDANCE,1,0.4,0.4,1.6,0,0.2
gpt4o,RUGBY,1.8,0,3.6,2,0.2,2.8
gpt4o,RULE,1.4,0.6,0.4,1,0,0.4
gpt4o,RUNTIME,0.4,0,0.2,0,0,1
gpt4o,SANDBOX,0.4,0,0,0,0,2.6
gpt4o,SAUERKRAUT,0.4,4.8,1.4,0.6,4.4,1.6
gpt4o,SAVE,1.8,0,1.2,0.8,0,2
gpt4o,SCORELESS,1.8,0,0,0.2,0,1.2
gpt4o,SECTIONAL,0.6,0,2.6,0,0,2.8
gpt4o,SEEPED,0.6,0,2.4,0.8,0.4,1.6
gpt4o,SEISMIC,1.6,0.4,2.2,2,0,1.2
gpt4o,SERENDIPITOUS,1.8,0,0.8,0.8,0,3
gpt4o,SETTLING,0.6,0,2.4,1.6,0,2.4
gpt4o,SHANTY,1.2,0,1.8,0.2,0,3.2
gpt4o,SHIN,0.2,0,3.4,3.6,0,1.2
gpt4o,SINGLENESS,1.4,0.4,0.6,1.6,0,0.2
gpt4o,SKIPPING,1.8,0,0,2,0,2.4
gpt4o,SLEEPING BEAUTY,2.2,0,0,1,0,4.4
gpt4o,SMALL HOURS,2.2,0,0.8,0,0,1.8
gpt4o,SMARTCARD,0.6,0,1,0,0,3
gpt4o,SMELLINESS,0.8,0,0.4,0,5,0.6
gpt4o,SMOKEHOUSE,0.6,1,1.8,1.4,3.8,2.8
gpt4o,SNAKE CHARMER,2,0,1.4,0.8,0,2.8
gpt4o,SNATCHER,1.4,0,0,0.4,0,2.2
gpt4o,SNUFF,1.4,1,1,0.4,4.2,0.6
gpt4o,SOOTHSAYING,2.2,0.6,0.2,1.2,0,0.6
gpt4o,SPAMMER,3,0,0.6,0,0,2.2
gpt4o,SPASM,1,0,2.2,4,0,0.4
gpt4o,SPEARING,1,0,2.6,0.6,0.6,3
gpt4o,SPIRITLESSLY,0.4,0,1,0.4,0,0.8
gpt4o,SPLITTING,0.8,0,2.4,1.6,0,2
gpt4o,SPONGE,0.6,0,0,0,0,2.2
gpt4o,SQUEEZER,1.6,0,3.2,0.2,0.2,2
gpt4o,STAMPING,0.8,0,3,1,0.6,2.8
gpt4o,STATICALLY,0.8,0,0.6,0,0,2.2
gpt4o,STEAK,0.8,5,0,1.2,3.8,2.4
gpt4o,STRENUOUSLY,1,0,1.6,1.4,0,0.8
gpt4o,STRIKER,2.4,0,0,0.6,0,2.6
gpt4o,STUPEFY,1.6,0,0.6,0.6,0,2.2
gpt4o,SUAVELY,0.8,0,1.8,0.2,0,2.2
gpt4o,SUGGESTING,2.6,0.6,0.4,1.6,0,0.2
gpt4o,SUMMARIZE,3.2,0,0.6,0,0,1.8
gpt4o,SUNBATHER,0.2,0,3.2,1.4,0.4,3.6
gpt4o,SURPASS,0,0,0,0.6,0,0.4
gpt4o,TALENTED,0.8,0,0,0.4,0,1
gpt4o,TALKING,3.8,0,0.2,0.4,0,0.6
gpt4o,TASTEFULNESS,0.4,2.4,2,0.6,1.4,2.2
gpt4o,TEATIME,0.6,3.2,0.6,1.2,1.2,1.4
gpt4o,TEENAGED,1.4,0.4,0.8,2.2,0,0.6
gpt4o,TELEPORTATION,1.4,0,0,1.6,0,2.2
gpt4o,TELETYPEWRITER,2.4,0,0.4,0,0,2.4
gpt4o,THAW,0.4,0,0,0.4,0,2.4
gpt4o,THORNILY,0,0,3,0.4,0,0.8
gpt4o,THRILLER,2.2,0,1.6,1.2,0,3.8
gpt4o,THRILLING,3.2,0,1.8,1.6,0,3.4
gpt4o,TIN,1.2,0.2,2,0.2,1,1.4
gpt4o,TIRELESS,0.6,0,0.6,0.8,0,1
gpt4o,TO,0.6,0,0.4,0,0,0.6
gpt4o,TOGA,0.4,0,3.6,0.2,0,2.6
gpt4o,TOUR GUIDE,2.6,0,1.2,0.4,0.2,3.2
gpt4o,TOWEL RAIL,0.2,0,3.2,0,1,3
gpt4o,TRACTION,1.4,0,3,1,0,2.4
gpt4o,TRANSFORMING,0.4,0,1.4,0.4,0,2.8
gpt4o,TRANSLUCENCY,0,0,0,0,0,4
gpt4o,TRANSPARENT,0,0,0,0,0,4
gpt4o,TRAVELED,0.8,0,2,1.6,0,3.6
gpt4o,TRUCK STOP,1,1.2,2,1,2,3.6
gpt4o,TUBING,0.4,0,3,0.8,0,3.2
gpt4o,UNAPPROACHABLE,0.6,0,1.4,0.6,0,1.6
gpt4o,UNBIASED,0.8,0,0.4,0,0,1.2
gpt4o,UNCONNECTED,0.4,0,0,0.4,0,1
gpt4o,UNCONTAINED,0.6,0,1.6,1.4,0,2
gpt4o,UNDERRATE,1.4,0,0.6,0.6,0,1.6
gpt4o,UNDERWRITER,1.8,0,0.6,0.4,0,2
gpt4o,UNDILUTED,0,2,0.4,0.4,1,2
gpt4o,UNEVALUATED,1,0,0.4,0.4,0,1.4
gpt4o,UNIMAGINABLY,0.6,0,0.4,0.2,0,1
gpt4o,UNNERVED,2,0,1.2,1.6,0,2
gpt4o,UNNOTED,1,0.4,0,0.8,0,1
gpt4o,UNSATURATED,0,1.6,0,0.2,0,0.8
gpt4o,UNSENTIMENTALLY,0.4,0,0.8,0.2,0,1
gpt4o,UNSHAPELY,0,0,0.6,0,0,3
gpt4o,UNWARRANTEDLY,0.4,0,0,0.6,0,0.2
gpt4o,UNWORLDLY,0.6,0,0,2,0,0.4
gpt4o,UPROARIOUSLY,3.8,0,0.2,1.2,0,0.4
gpt4o,UROLOGIST,2.2,0,0,3.2,0,2.2
gpt4o,VACCINATE,0.2,0,1.8,3.6,0,0.6
gpt4o,VALUE SYSTEM,1,0,0.6,0.2,0,1.4
gpt4o,VERBALIZATION,5,0,0.6,0,0,1
gpt4o,VIDEOCONFERENCE,4,0,0.4,0,0,3.4
gpt4o,VISION,0,0,0,0,0,4
gpt4o,VOW,3,0,0.6,0,0,1
gpt4o,WAKEFULNESS,1,0,0.8,1.2,0,0.8
gpt4o,WANDERER,1,0,0,1.2,0,2.6
gpt4o,WATCHFULLY,1,0,1,0.2,0,3.4
gpt4o,WATER SOFTENER,0,0,2.6,0.4,0.4,0.8
gpt4o,WED,0.6,0,1.6,1,0,2
gpt4o,WHATEVER,1.2,0,0.6,0,0,1
gpt4o,WIGGLER,0.2,0,3.4,1,0,1
gpt4o,WINE,0.6,5,0,0.6,4.6,2.2
gpt4o,WITHSTOOD,1,0.2,1.8,2.2,0,1
gpt4o,WORKTABLE,1,0,0,0.2,0,3.2
gpt4o,YANK,0.4,0,3.8,1.4,0,0.6
gem15,ACOUSTICAL,1.8,0,0,0,0,0
gem15,ACT ON,0,0,0,0.4,0,0.2
gem15,ADMINISTRATION,0.8,0.2,0.4,0.4,0.2,1
gem15,AFFIRMATIVELY,0.6,0,0,0,0,0
gem15,AGGREGATIVE,0.4,0,0.6,0.4,0.2,0.4
gem15,AGONIZINGLY,0,0,0.6,3,0,0
gem15,AIMLESSLY,0,0,0,0.4,0,0.2
gem15,AIRBAG,0.6,0,2,0.4,0.2,2.4
gem15,ALMOND,0,2.2,0.6,0.4,0.4,1.4
gem15,ALTERCATION,0.6,0,0.2,0.4,0.2,0.4
gem15,ANGELICALLY,0.6,0,0,0,0,0
gem15,APPEASE,0.2,0,0,0.4,0,0.2
gem15,APPREHENSIBILITY,0,0,0,0.2,0,0
gem15,ARDENTLY,0,0,0,1.2,0,0
gem15,ASHTRAY,0.4,0.4,1.4,0.6,0.4,1
gem15,ASSESSED,0.6,0,0,0,0,0
gem15,ASSESSOR,1,0,0.2,0.2,0.2,0.4
gem15,ATONE,0.2,0,0.6,0.4,0.8,0.2
gem15,ATTACHMENT,0,0,0.8,0.8,0,0.2
gem15,AUDITORY,1.6,0,0,0,0,0
gem15,AUGMENT,0.4,0,0.6,0.4,0.2,0.6
gem15,AWARE,0,0,0,1.2,0,0
gem15,BALE,0.4,0.6,2.2,0.6,0.2,1
gem15,BARBARIC,0.6,0,0.8,0.4,0.2,0.8
gem15,BARRED,0,0,0.6,0,0,1.4
gem15,BED,0,0,2.6,1.6,0.2,2.2
gem15,BELIEVING,0.2,0,0.2,0.6,0.8,0.8
gem15,BELL TOWER,1.6,0,0.2,0,0,3.6
gem15,BEYOND,0,0,0,0.4,0,0.2
gem15,BIBLIOGRAPHICALLY,0.2,0.2,0.2,0.2,0.2,0.6
gem15,BLASPHEMOUSLY,1,0,0.2,0.2,0.2,0.2
gem15,BLOCK,0.6,0.2,2,0.4,0.2,2.6
gem15,BLOODTHIRSTILY,0,0,0,1.8,0,0.2
gem15,BLUISHNESS,0,0,0,0,0,4.8
gem15,BOOKBAG,0.2,0,1.6,0.2,0,2.4
gem15,BOTANICALLY,0.2,0.2,0.2,0.2,0.2,0.6
gem15,BOTH,0.2,0,0.4,0.2,0,0.8
gem15,BRAISED,0,2.2,0,0,0.8,0
gem15,BREEZELESS,0,0,0,0.2,0,0
gem15,BUFFALO,0.4,0,0,0,0,2
gem15,BULLISHNESS,0.6,0,0,0.6,0,0
gem15,BUNTED,0.6,0.4,1.2,0.8,0.2,0.8
gem15,BUTTERSCOTCH,0.2,3.6,0,0.4,0.6,0.4
gem15,BUTTERY,0.2,2,1.6,0.6,0.8,0.2
gem15,CAKE PAN,0,0,1.6,0.2,0,2.4
gem15,CAMP,0.8,0.4,1.6,1,0.2,1.2
gem15,CANNOT,0,0,0,0.2,0,0
gem15,CARMAKER,0.8,0.2,0.6,0.4,0.2,1.6
gem15,CASTLED,0,0,0.4,0.2,0,3.2
gem15,CATEGORY,0.8,0,0.2,0.2,0.2,0.2
gem15,CAUSER,0,0,0,0.6,0,0.2
gem15,CENTERPIECES,0.2,0,0.8,0,0,3.2
gem15,CENTRALIST,0,0,0,0.2,0,0
gem15,CHAUVINISM,0.4,0,0.8,0.4,0.2,0.4
gem15,CHILI PEPPER,0.4,2.2,1.4,0.8,1,1.8
gem15,CHRISTEN,0.4,0,0.4,0.2,0,0.6
gem15,CHRONICALLY,0.2,0,0.2,0.6,0.6,0.6
gem15,CHUNK,0.4,0.4,2,0.6,0.2,1
gem15,CIRCULAR,0.2,0,0,0,0,3.8
gem15,CIVILIZING,1,0,0,0,0,0
gem15,CLANK,1.4,0,0.8,0,0,0
gem15,CLEANING LADY,0.6,0.6,1.6,0.8,0.2,0.8
gem15,CLOAKED,0.2,0.2,1,0.6,0.2,1.2
gem15,COACHWORK,0.6,0.2,1.6,0.4,0.2,3
gem15,COASTWARD,0,0,0.2,0.2,0,3
gem15,COHERE,0,0,0,0.6,0,0.2
gem15,COMPLETE,0.2,0.2,0.2,0.2,0.2,0.6
gem15,COMPREHENDINGLY,0,0,0,0.2,0,0
gem15,COMPREHENSIBLY,0.6,0,0,0,0,0
gem15,CONSUMERISM,0.6,0,0,0,0,0
gem15,CONVICTABLE,1,0,0.2,0.4,0.2,0.6
gem15,CORDIAL,0.4,0.6,1,0.4,0.6,0.6
gem15,COUNCILWOMAN,0.4,0,0,0,0,0.6
gem15,COUNTDOWN,0.8,0.2,0.4,1.2,0.2,0.2
gem15,COUNTERACTION,0.8,0.2,0.4,0.4,0.2,1
gem15,COUNTERFEIT,0.2,0.2,0.2,0.2,0.2,0.6
gem15,COUNTERREVOLUTION,0.6,0,0.8,0.4,0.2,0.6
gem15,COUNTERSTRIKE,1.4,0.4,0.6,2,0.2,1.2
gem15,CRATER,0.4,0.4,0.4,0.8,0.2,1.4
gem15,CREDITABLY,0.6,0,0,0,0,0
gem15,CRESTED,0.2,0,0.2,0.2,0.2,2.8
gem15,CREWLESS,0.8,0.2,0.4,0.4,0.2,1.4
gem15,CRIMINALIZE,1,0,0.2,0.4,0.2,0.2
gem15,CRISP,1,0.4,2.2,0.2,0.2,0.6
gem15,CRUCIFIX,0.4,0.4,0.8,1,0.2,1.4
gem15,CRUISE,1,0.4,0.6,1.2,0.2,1
gem15,CRUNCH,0.4,0,1.2,0.4,0,0
gem15,CURATOR,0.4,0,0,0,0,1
gem15,CURIOSITY,0,0,0,0.6,0,0.2
gem15,CURVE BALL,0.6,0.4,0.6,0.8,0.2,1.2
gem15,DANCEFLOOR,2,0,1,0.2,0,2.8
gem15,DANGEROUS,1,0.2,1.2,1,0.4,1.4
gem15,DEAD ON,0.6,0,0,0,0,0
gem15,DECAFFEINATE,0,0.2,0,0,0,0
gem15,DECIPHERER,1,0,0.2,0.2,0.6,1.4
gem15,DEEPENING,0.8,0.2,0.2,1.4,0.2,0
gem15,DEFORMITY,0.6,0,2.2,0.4,0.2,2.6
gem15,DEPLORED,0.2,0,0.6,0.4,0.6,0.2
gem15,DEPLOY,0.8,0.2,0.4,0.4,0.2,1
gem15,DEVILISHNESS,0.2,0,0,1,0.2,0.6
gem15,DEW,0,0,0.6,0,0.2,2.6
gem15,DIFFUSIBLE,0.6,0,0,0,0,0
gem15,DILIGENCE,0.6,0,0,0,0,0
gem15,DINNERTIME,0.8,1.6,0.8,0.8,1.2,0.8
gem15,DIRECTIONALITY,0.6,0,0.2,0.2,0.4,1.6
gem15,DISCOMBOBULATE,0.6,0,0.2,1.8,0,0
gem15,DISCONTINUOUSLY,0,0,0,0.4,0,0.2
gem15,DISHEVELMENT,0,0,1,0.2,0,0.4
gem15,DISILLUSION,0.6,0,0,1.6,0,0
gem15,DISORDERED,0.4,0,0.8,0.6,0.2,1
gem15,DISTANCE,0,0,0.2,0.2,0,3.2
gem15,DIVULGENCE,1,0,0.2,0.2,0.2,0.4
gem15,DOMINATIVE,0.8,0,0,0.8,0,0
gem15,DOUBLED,0,0,0,0.2,0,0.2
gem15,DREAMFUL,0.2,0,0.6,0.8,0.6,1
gem15,DRINKING WATER,0,1.6,0,0.8,0.2,0
gem15,DRUNKENNESS,0.4,0,0.8,1.6,0.2,0.6
gem15,DUFFEL BAG,0.2,0,1.6,0.2,0,2.4
gem15,DUNCE,0.8,0,0.2,0.2,0.2,0.2
gem15,EERILY,0.2,0,0,1,0,0.4
gem15,ELECTROMAGNET,0.8,0.4,0.8,1,0.2,0.8
gem15,ELFISH,0,0,0.4,0.2,0,2
gem15,ENCHILADA,0.4,2.2,1.4,0.6,0.6,1.8
gem15,ENGINE,1.6,0.6,1.8,1.6,0.4,0.8
gem15,ENLISTMENT,1,0,0.2,0.4,0.6,0.8
gem15,ENSEMBLE,1,0.6,0.4,0.4,0.2,1.6
gem15,ERRANTLY,0.2,0,0.2,0.2,0.2,0.2
gem15,ETHOLOGICAL,0.8,0.2,0.4,0.4,0.2,1
gem15,EVILDOING,0.4,0.2,0.4,0.6,0.4,0.6
gem15,EXECUTIONER,0.8,0.2,0.8,0.8,0.2,1.4
gem15,EXPORTABLE,0.2,0,0,0.2,0,0.4
gem15,EYE STRAIN,0,0,1.6,1.8,0,4.6
gem15,FACE POWDER,0.2,0,2,0.4,0.2,1.4
gem15,FALSEHEARTED,0,0,0,0.2,0,0
gem15,FAMILIAR,0.4,0.4,1,0.6,0.6,0.6
gem15,FLEABAG,0.4,0,0,0.2,0,0.4
gem15,FLIMFLAM,1,0,0.2,0.2,0.2,0.4
gem15,FLIRTER,0.4,0,1.2,0.4,0.2,1.6
gem15,FLOTATION,0,0,2.6,1.8,0.2,1
gem15,FLOURLESS,0,0.8,0,0,0.2,0
gem15,FOOD ADDITIVE,0.2,1.4,0.2,0.4,0.2,0.2
gem15,FORECLOSE,0.8,0,0,0.6,0,0
gem15,FOUNTAIN,1.6,0,0.4,0,0,3.8
gem15,FRAGILE,0.4,0.4,1.4,0.4,0.2,0.2
gem15,FRICTIONLESS,0,0,0.6,0.2,0,0
gem15,FRIVOLOUSNESS,0.8,0.2,0.4,0.4,0.2,1
gem15,FRUIT,0,2.4,1,0.6,1.2,1.4
gem15,FRUSTRATED,0.2,0,1.4,1.2,0.8,0.2
gem15,GANJA,0.4,0.6,0.6,0.8,1.2,0.6
gem15,GLISTENING,0,0,0.4,0,0,4.2
gem15,GOLF CART,0.6,0,1.2,0.2,0,3
gem15,GOOD HEALTH,1.2,0.4,2,1.2,0.4,1
gem15,GRANULATOR,0.6,0,0.8,0.4,0.2,1
gem15,GRAVY,0.8,2.2,1,0.4,1.4,1.2
gem15,GRUMBLING,0.6,0,0,0.2,0,0
gem15,HAMMERER,2.2,0,1,1,0,0.6
gem15,HEARTHSTONE,0.6,0.4,1.8,0.8,0.2,1
gem15,HEROINE,0.4,0,1,0.6,0.2,0.8
gem15,HIBERNATE,0.6,0,0.8,0.8,0.2,0.8
gem15,HIGH WIND,1.6,0,1,0.6,0,0.4
gem15,HILLINESS,0,0,0.2,0,0,3.4
gem15,HOMOGENIZE,0,0,0,0.4,0,0.2
gem15,HOSPITABLE,0.8,0.2,1.6,0.4,0.4,1.4
gem15,HOUSECOAT,0.4,0,2.8,0.6,0.2,1.8
gem15,IMMEDIATE,0,0,0,0.4,0,0.2
gem15,IMPERSONATE,1.2,0.2,0.2,0.8,0.2,0.6
gem15,IMPETUOUS,0.6,0,0,1,0,0
gem15,IMPLEMENTAL,0,0,0,0.4,0,0.2
gem15,INAPPROPRIATENESS,0.2,0,0.2,0.4,0.2,0.4
gem15,INARGUABLY,0,0,0,0.2,0,0
gem15,INATTENTION,0,0,0,0.6,0,0.2
gem15,INCONCLUSIVENESS,0,0,0,0.2,0,0
gem15,INCONGRUENCE,0.2,0,0.2,0.4,0.2,0.2
gem15,INDISPOSE,0.2,0,1.4,1.2,0.8,0.8
gem15,INFORM,0.6,0,0,0.2,0,0
gem15,INHALATION,0,0.2,0,0.6,2.2,0
gem15,INJECTOR,0.6,0,0.4,0.4,0,0
gem15,INNOVATE,0.6,0,0,0,0,0
gem15,INSTRUMENT PANEL,0.6,0,1.4,0.4,0.2,3.6
gem15,INSULATING,0,0,0.4,0.4,0,0
gem15,INTEREST RATE,0.2,0.2,0.2,0.2,0.2,0
gem15,INTERIM,0,0,0,0.2,0,0
gem15,INTERNATIONALIST,1,0,0.2,0.2,0.6,0.8
gem15,INTRUSIVELY,0.8,0,0.8,0.8,0,0
gem15,INTUITIONAL,0.2,0,0.2,0.8,0.8,0.8
gem15,INTUITIVELY,0,0,0,1.4,0,0
gem15,INVARIABLENESS,0.2,0,0.2,0.2,0.2,0.2
gem15,INVENTIVE,0,0,0,0.6,0,0.4
gem15,IRRELEVANCY,0.2,0,0.2,0.2,0.2,0.2
gem15,IRREVOCABLE,0,0,0,0.2,0,0
gem15,JACKHAMMER,3.4,0,1,0,0,2
gem15,JAGGEDNESS,0.6,0,2,0.4,0.2,3.2
gem15,JUSTIFIABLENESS,0,0,0,0.2,0,0
gem15,KNEED,0,0,1.8,0.8,0,0.4
gem15,LAPSING,0.6,0.2,0.4,0.4,0.2,1
gem15,LARCENIST,0.4,0,0.2,0.2,0,0.4
gem15,LATCHING,0.6,0.4,2,0.8,0.2,0.6
gem15,LEPRECHAUN,0.6,0.2,0.2,0.2,0.2,2
gem15,LICENSEE,0.6,0,0,0,0,0
gem15,LIP,0,0.6,2.2,0.4,0.2,1.6
gem15,LIST,0.2,0,0,0,0,1
gem15,LONGTIME,0,0,0,0.2,0,0
gem15,LOSE,0.6,0,0,1.4,0,0
gem15,LOW KEY,0.4,0,0.6,0.4,0.2,1
gem15,MACHINELIKE,0.6,0.2,1.4,0.4,0.2,2.4
gem15,MAIL,0.4,0,0.8,0,0,1.4
gem15,MANGLE,0.6,0.2,2.2,0.4,0.2,1.8
gem15,MANIFESTO,0,0,0,0.2,0,0
gem15,MEDIATE,1,0,0,0,0,0
gem15,MENOPAUSAL,0,0,0,2.6,0,0
gem15,METH,0.6,0.2,0.8,1,0.4,0.8
gem15,MICROBREW,0,2.6,0,0,0.8,0
gem15,MISCELLANEOUS,0,0,0,0.2,0,0
gem15,MODERATION,0,0,0,0.4,0,0.2
gem15,MONOCHROME,0.2,0.2,0.2,1.2,0.2,1.4
gem15,MONOGAMIST,0.4,0,0.6,0.4,0.2,0.6
gem15,MUCKINESS,0,0,1.8,0.2,0.4,0.8
gem15,MUNCHKIN,0.2,0,0,0,0,0.8
gem15,MYSTICAL,0.4,0,0.6,0.6,0.2,1
gem15,MYSTICALLY,0.4,0,0.6,0.6,0.2,1
gem15,NEGATIVE,0.4,0.2,1,1,0.4,0.6
gem15,NEUROPSYCHIATRIC,0.6,0,0.4,2.2,0,0
gem15,NEWSREEL,0.4,0,0,0,1,1.6
gem15,NIGHT SHIFT,0.4,0,0.4,0.6,0.8,0.2
gem15,NIGHTSHIFT,0.4,0,0.6,0.8,0.2,0.8
gem15,NONUNION,0.4,0,0.4,0.2,0,0.4
gem15,NOTEPAD,0,0,1.4,0.2,0,2.8
gem15,NUTRITIOUS,0,1.8,0,0.4,0.2,0
gem15,ORDEAL,0.4,0,1.2,1.6,0.2,0.4
gem15,OUTDATE,0.6,0,0,0,0,0
gem15,OUTRAGEOUSLY,0.2,0,0,1.2,0,0.4
gem15,OUTSTAND,0.2,0,0.2,0.2,0.2,1.8
gem15,OVAL,0.2,0,0,0,0,3.8
gem15,OVENWARE,0,0,1.6,0.2,0,2.4
gem15,OVERCOMPENSATE,0.2,0,0.6,0.6,0.6,0.2
gem15,OVEREAGER,0,0,0,1,0,0
gem15,OVEREXTENSION,0.2,0,1.2,0.4,0.6,0.2
gem15,PACED,0.2,0,0,0.4,0,0.2
gem15,PAD,0.6,0,2.2,0.2,0.4,0.8
gem15,PAINS,0,0,2.2,3,0,0
gem15,PARATROOPS,0.6,0,0,0,0.2,1.8
gem15,PASTA,0.4,2.2,1.4,0.6,0.4,1.8
gem15,PASTIME,0,0,0,0.2,0,0
gem15,PATTERNED,0.4,0.4,0.6,1,0.2,1.6
gem15,PEACEMAKER,0.6,0.2,0.4,0.8,0.4,0.6
gem15,PEDIATRICIAN,1.2,0.2,0.8,1,0.2,0.8
gem15,PERCUSSION,1.6,0,0.6,0.6,0,0
gem15,PHONE COMPANY,0.6,0,0.2,0.2,0,1
gem15,PHONETICALLY,1.2,0,0.2,1.2,0.6,0.2
gem15,PHOTOENGRAVING,0.4,0.2,0.2,1,0.2,1.4
gem15,PIE,0.4,1.8,1.4,0.6,0.4,1.8
gem15,PINE,0,0,0.6,0,0.6,2.8
gem15,PLAINTIFF,0.8,0.2,0.4,0.4,0.2,1
gem15,POKER GAME,0.6,0,0.2,0,0,1.2
gem15,POLLUTER,0.4,0,0,0,0,0.4
gem15,POMPOM,0.2,0,1,0,0,3
gem15,PONTOON,0.6,0.2,1.4,0.4,0.2,2.8
gem15,POOCH,0.6,0.4,2,0.8,0.2,1
gem15,POSTING,0.8,0,0.2,0.2,0.4,1
gem15,POTHOOK,0,0.2,0.4,0,0,1.6
gem15,PREGNANCY,0,0,2,2.2,0.6,0
gem15,PRETENSE,0,0,0,0.2,0,0
gem15,PRICKLING,0,0,3.2,1,0,0
gem15,PROCLAMATION,1,0,0.2,0.2,0.6,0.4
gem15,PRODUCTIVENESS,0.8,0.2,0.4,0.6,0.2,1
gem15,PROPHYLACTIC,0.6,0,0,0.2,0,0
gem15,PUNITIVE,0,0,0,1,0,0.2
gem15,PUT OFF,0.2,0,0.6,0.4,0.6,0.2
gem15,PYROTECHNICAL,1.2,0.2,0.4,1.4,0.2,1.2
gem15,RAKING,0.6,0.6,2.2,0.8,0.2,0.6
gem15,REDELIVERY,0.8,0.2,0.4,0.4,0.2,1
gem15,REDNECK,0.4,0,0,0,0,0.6
gem15,REFLEX,0,0,0.4,1.8,0,0.2
gem15,REFRESHMENT,0,1.8,0,0.4,0.2,0
gem15,REGIONAL,0.4,0,0.4,0.2,0,0.8
gem15,REGULATED,0,0,0,0.4,0,0.2
gem15,REPORTABLE,0.2,0,0,0.4,0,0.4
gem15,REPUTED,0,0,0,0.2,0,0
gem15,RESTFUL,0.2,0,1.8,1,0.6,0.2
gem15,RESULTANT,0,0,0,0.2,0,0
gem15,REVOKE,0,0,0,0.6,0,0.2
gem15,RIDDANCE,0.6,0,0,0,0,0
gem15,RUGBY,1.4,0.6,2.4,1.8,0.4,1.2
gem15,RULE,0.6,0,0,0,0,0
gem15,RUNTIME,0,0,0,0.4,0,0.2
gem15,SANDBOX,0.6,0.2,2.8,0.4,0.2,2.6
gem15,SAUERKRAUT,0.4,2,1.2,0.4,0.6,1.4
gem15,SAVE,0.8,0,0.2,0.2,0.6,0.6
gem15,SCORELESS,1,0.2,0.4,0.4,0.2,1
gem15,SECTIONAL,0.2,0,1.4,0.4,0,2.6
gem15,SEEPED,0.4,0.4,1,0.4,0.2,0.6
gem15,SEISMIC,1.4,0,0.8,1.4,0,0
gem15,SERENDIPITOUS,0.2,0,0.2,0.4,0.2,0.2
gem15,SETTLING,0.2,0,0.8,1,0,0.4
gem15,SHANTY,1,0,0.6,0.4,1.2,1.2
gem15,SHIN,0,0,1.8,0.8,0,0.6
gem15,SINGLENESS,0.6,0,0,0,0,0
gem15,SKIPPING,0.6,0.2,1.8,0.6,0.2,1.6
gem15,SLEEPING BEAUTY,0.6,0,1.2,0.8,0.2,1.8
gem15,SMALL HOURS,0,0,0,0.2,0,0
gem15,SMARTCARD,0.2,0,0.8,0.2,0,1.2
gem15,SMELLINESS,0,0,0,0,3,0
gem15,SMOKEHOUSE,0.4,1,0.4,0.4,2,0.8
gem15,SNAKE CHARMER,0.8,0,0.6,0.4,1.2,1.4
gem15,SNATCHER,0.8,0.2,0.6,0.6,0.2,1.4
gem15,SNUFF,0,0.2,0,0,2.6,0
gem15,SOOTHSAYING,1,0,0,0,0,0
gem15,SPAMMER,0.4,0,0,0,0,0.4
gem15,SPASM,0.2,0,0.8,3.4,0,0
gem15,SPEARING,0.4,0,1.6,0.2,0.2,1.2
gem15,SPIRITLESSLY,0,0,0.4,1.6,0,0
gem15,SPLITTING,0.6,0.4,1,1.2,0.2,0.8
gem15,SPONGE,0.4,0,2.8,0.4,0.2,1.6
gem15,SQUEEZER,0.2,0,2.8,0.4,0.2,0.2
gem15,STAMPING,0.6,0,3.2,0.6,0.2,0.8
gem15,STATICALLY,0.2,0,0.4,0.2,0,0.8
gem15,STEAK,0.8,2.4,1.2,0.4,1.2,1.4
gem15,STRENUOUSLY,0,0,1.2,2,0,0
gem15,STRIKER,0.8,0.4,0.6,0.4,0.2,1.6
gem15,STUPEFY,0.2,0,0.2,0.8,0.8,0.2
gem15,SUAVELY,0.4,0,1,0.4,0.2,1
gem15,SUGGESTING,1,0,0,0,0,0
gem15,SUMMARIZE,0.6,0,0,0.2,0,0
gem15,SUNBATHER,0.4,0.4,1.8,1.4,0.4,1.2
gem15,SURPASS,0,0,0,0.4,0,0.2
gem15,TALENTED,0.8,0.2,0.4,0.4,0.2,1
gem15,TALKING,2.8,0,0,1,0,0.4
gem15,TASTEFULNESS,1.4,1.4,1.4,0.4,1,1
gem15,TEATIME,0.6,0.6,0,0.2,0.4,0.4
gem15,TEENAGED,0.6,0,0,0,0,0
gem15,TELEPORTATION,0.6,0,0,0,0,0
gem15,TELETYPEWRITER,1,0.4,1,1,0.2,0.8
gem15,THAW,0.4,0,1,0.6,0.2,0.8
gem15,THORNILY,0,0,1.6,0.8,0,0.2
gem15,THRILLER,0.8,0,1,1.2,1.2,0.6
gem15,THRILLING,0.6,0,1.2,1,0.8,0.8
gem15,TIN,0,0,1,0.2,0,1.4
gem15,TIRELESS,0,0,0.4,1,0,0
gem15,TO,0,0,0,0,0,0
gem15,TOGA,0.4,0.4,1.6,0.8,0,1.4
gem15,TOUR GUIDE,1.6,0.4,0.4,1.2,0.2,0.8
gem15,TOWEL RAIL,0,0,1.6,0.2,0,2.4
gem15,TRACTION,0.2,0,2.4,0.4,0.2,0.2
gem15,TRANSFORMING,0.4,0.2,0.4,0,0.2,2.2
gem15,TRANSLUCENCY,0,0,0,0,0,4.2
gem15,TRANSPARENT,0,0,0,0,0,4.4
gem15,TRAVELED,0.4,0,0.6,0.4,0.2,1.2
gem15,TRUCK STOP,0.8,0.4,0.8,0.4,0.6,1.6
gem15,TUBING,0.4,0,2.6,0.4,0.2,1
gem15,UNAPPROACHABLE,0.2,0.2,0.4,0.6,0.2,0.6
gem15,UNBIASED,0,0,0,0.2,0,0
gem15,UNCONNECTED,0.6,0,0.4,0.4,0.2,0.8
gem15,UNCONTAINED,0.6,0,0.8,1,0.2,0.8
gem15,UNDERRATE,0.2,0,0.2,0.4,0.2,0.2
gem15,UNDERWRITER,1,0,0.2,0.2,0.2,0.4
gem15,UNDILUTED,0.2,0.6,0.2,0.2,0.2,0.2
gem15,UNEVALUATED,0.2,0,0.2,0.2,0.2,0.2
gem15,UNIMAGINABLY,0,0,0,0.2,0,0
gem15,UNNERVED,0.2,0,1.4,1.2,0.8,0.2
gem15,UNNOTED,0,0,0,0,0,0
gem15,UNSATURATED,0.6,0.4,0.6,0.4,0.4,0.8
gem15,UNSENTIMENTALLY,0,0,0,0.2,0,0
gem15,UNSHAPELY,0.2,0,0.6,0,0,2.8
gem15,UNWARRANTEDLY,0,0,0,0.6,0,0
gem15,UNWORLDLY,0,0,0,0.4,0,0.4
gem15,UPROARIOUSLY,1,0,0,1.2,0,0.4
gem15,UROLOGIST,0.6,0.2,0.4,0.4,0.2,1
gem15,VACCINATE,0,0,0.2,0.8,0,0.2
gem15,VALUE SYSTEM,0,0,0,0.4,0,0
gem15,VERBALIZATION,1.2,0,0,0,0,0
gem15,VIDEOCONFERENCE,1.6,0,0,0,0,2.4
gem15,VISION,0,0,0,0,0,5
gem15,VOW,0,0,0,0.2,0,0
gem15,WAKEFULNESS,0,0,0,1.6,0,0
gem15,WANDERER,0.8,0.2,0.6,0.4,0.2,1.2
gem15,WATCHFULLY,0.2,0.2,0.2,0.6,0.2,0.8
gem15,WATER SOFTENER,0.2,0,0,0,0,0.8
gem15,WED,0.4,0,0.8,0.2,0,1
gem15,WHATEVER,0,0,0,0.2,0,0
gem15,WIGGLER,0,0,0,0.2,0,0.6
gem15,WINE,0.8,2.2,1,0.4,1.8,1.2
gem15,WITHSTOOD,0.6,0,0,0.2,0,0
gem15,WORKTABLE,0.6,0.2,2,0.4,0.2,2.8
gem15,YANK,0,0,1.4,0.6,0,0.2
